/*
SQLyog Ultimate v13.1.1 (64 bit)
MySQL - 8.0.20 : Database - base_mall
*********************************************************************
*/

/*!40101 SET NAMES utf8 */;

/*!40101 SET SQL_MODE=''*/;

/*!40014 SET @OLD_UNIQUE_CHECKS=@@UNIQUE_CHECKS, UNIQUE_CHECKS=0 */;
/*!40014 SET @OLD_FOREIGN_KEY_CHECKS=@@FOREIGN_KEY_CHECKS, FOREIGN_KEY_CHECKS=0 */;
/*!40101 SET @OLD_SQL_MODE=@@SQL_MODE, SQL_MODE='NO_AUTO_VALUE_ON_ZERO' */;
/*!40111 SET @OLD_SQL_NOTES=@@SQL_NOTES, SQL_NOTES=0 */;
CREATE DATABASE /*!32312 IF NOT EXISTS*/`base_mall` /*!40100 DEFAULT CHARACTER SET utf8mb4 COLLATE utf8mb4_0900_ai_ci */ /*!80016 DEFAULT ENCRYPTION='N' */;

USE `base_mall`;

/*Table structure for table `bargain_cut` */

DROP TABLE IF EXISTS `bargain_cut`;

CREATE TABLE `bargain_cut` (
  `id` varchar(32) CHARACTER SET utf8mb4 COLLATE utf8mb4_0900_ai_ci NOT NULL COMMENT 'PK',
  `tenant_id` varchar(32) CHARACTER SET utf8mb4 COLLATE utf8mb4_0900_ai_ci NOT NULL COMMENT '所属租户',
  `del_flag` char(2) CHARACTER SET utf8mb4 COLLATE utf8mb4_0900_ai_ci NOT NULL DEFAULT '0' COMMENT '逻辑删除标记（0：显示；1：隐藏）',
  `create_time` datetime NOT NULL DEFAULT CURRENT_TIMESTAMP COMMENT '创建时间',
  `update_time` timestamp NOT NULL DEFAULT CURRENT_TIMESTAMP ON UPDATE CURRENT_TIMESTAMP COMMENT '最后更新时间',
  `create_id` varchar(32) CHARACTER SET utf8 COLLATE utf8_general_ci DEFAULT NULL COMMENT '创建者ID',
  `bargain_id` varchar(32) CHARACTER SET utf8mb4 COLLATE utf8mb4_0900_ai_ci NOT NULL COMMENT '砍价ID',
  `bargain_user_id` varchar(32) DEFAULT NULL COMMENT '砍价用户ID',
  `user_id` varchar(32) CHARACTER SET utf8mb4 COLLATE utf8mb4_0900_ai_ci NOT NULL COMMENT '用户ID',
  `cut_price` decimal(10,2) NOT NULL COMMENT '砍价金额',
  `nick_name` varchar(100) DEFAULT NULL COMMENT '昵称',
  `headimg_url` varchar(1000) DEFAULT NULL COMMENT '头像',
  PRIMARY KEY (`id`) USING BTREE,
  KEY `ids_tenant_id` (`tenant_id`) USING BTREE
) ENGINE=InnoDB DEFAULT CHARSET=utf8mb4 COLLATE=utf8mb4_0900_ai_ci ROW_FORMAT=DYNAMIC COMMENT='砍价帮砍记录';

/*Data for the table `bargain_cut` */

insert  into `bargain_cut`(`id`,`tenant_id`,`del_flag`,`create_time`,`update_time`,`create_id`,`bargain_id`,`bargain_user_id`,`user_id`,`cut_price`,`nick_name`,`headimg_url`) values 
('1247864082032259074','1','0','2020-04-08 20:29:16','2020-04-08 20:29:16',NULL,'1245987408411914241','1247864081956761601','1234102578637127681',1301.60,'JL','https://wx.qlogo.cn/mmopen/vi_32/Q0j4TwGTfTJjjQuibXQqVVhEdrm7WbCHbcERL7m4LYLY1DgPAHsmc3NIiajXzacRP9GMmfcBIHDmbWjyIde3Unew/132'),
('1247864121878147073','1','0','2020-04-08 20:29:25','2020-04-08 20:29:25',NULL,'1235079512380551170','1247864121794260994','1234102578637127681',99.99,'JL','https://wx.qlogo.cn/mmopen/vi_32/Q0j4TwGTfTJjjQuibXQqVVhEdrm7WbCHbcERL7m4LYLY1DgPAHsmc3NIiajXzacRP9GMmfcBIHDmbWjyIde3Unew/132'),
('1247864121878167073','1','0','2020-04-08 20:29:25','2020-04-08 20:29:25',NULL,'1235079512380551170','1247864121794260994','1234102578637127681',99.99,'JL','https://wx.qlogo.cn/mmopen/vi_32/Q0j4TwGTfTJjjQuibXQqVVhEdrm7WbCHbcERL7m4LYLY1DgPAHsmc3NIiajXzacRP9GMmfcBIHDmbWjyIde3Unew/132'),
('1247864121878177073','1','0','2020-04-08 20:29:25','2020-04-08 20:29:25',NULL,'1235079512380551170','1247864121794260994','1234102578637127681',99.99,'JL','https://wx.qlogo.cn/mmopen/vi_32/Q0j4TwGTfTJjjQuibXQqVVhEdrm7WbCHbcERL7m4LYLY1DgPAHsmc3NIiajXzacRP9GMmfcBIHDmbWjyIde3Unew/132'),
('1247864121878187073','1','0','2020-04-08 20:29:25','2020-04-08 20:29:25',NULL,'1235079512380551170','1247864121794260994','1234102578637127681',99.99,'JL','https://wx.qlogo.cn/mmopen/vi_32/Q0j4TwGTfTJjjQuibXQqVVhEdrm7WbCHbcERL7m4LYLY1DgPAHsmc3NIiajXzacRP9GMmfcBIHDmbWjyIde3Unew/132'),
('1247864121878g147073','1','0','2020-04-08 20:29:25','2020-04-08 20:29:25',NULL,'1235079512380551170','1247864121794260994','1234102578637127681',99.99,'JL','https://wx.qlogo.cn/mmopen/vi_32/Q0j4TwGTfTJjjQuibXQqVVhEdrm7WbCHbcERL7m4LYLY1DgPAHsmc3NIiajXzacRP9GMmfcBIHDmbWjyIde3Unew/132'),
('1247864121879147073','1','0','2020-04-08 20:29:25','2020-04-08 20:29:25',NULL,'1235079512380551170','1247864121794260994','1234102578637127681',99.99,'JL','https://wx.qlogo.cn/mmopen/vi_32/Q0j4TwGTfTJjjQuibXQqVVhEdrm7WbCHbcERL7m4LYLY1DgPAHsmc3NIiajXzacRP9GMmfcBIHDmbWjyIde3Unew/132'),
('124786412187i147073','1','0','2020-04-08 20:29:25','2020-04-08 20:29:25',NULL,'1235079512380551170','1247864121794260994','1234102578637127681',99.99,'JL','https://wx.qlogo.cn/mmopen/vi_32/Q0j4TwGTfTJjjQuibXQqVVhEdrm7WbCHbcERL7m4LYLY1DgPAHsmc3NIiajXzacRP9GMmfcBIHDmbWjyIde3Unew/132'),
('124786412187y147073','1','0','2020-04-08 20:29:25','2020-04-08 20:29:25',NULL,'1235079512380551170','1247864121794260994','1234102578637127681',99.99,'JL','https://wx.qlogo.cn/mmopen/vi_32/Q0j4TwGTfTJjjQuibXQqVVhEdrm7WbCHbcERL7m4LYLY1DgPAHsmc3NIiajXzacRP9GMmfcBIHDmbWjyIde3Unew/132'),
('1247864121i78147073','1','0','2020-04-08 20:29:25','2020-04-08 20:29:25',NULL,'1235079512380551170','1247864121794260994','1234102578637127681',99.99,'JL','https://wx.qlogo.cn/mmopen/vi_32/Q0j4TwGTfTJjjQuibXQqVVhEdrm7WbCHbcERL7m4LYLY1DgPAHsmc3NIiajXzacRP9GMmfcBIHDmbWjyIde3Unew/132'),
('12478641i1878147073','1','0','2020-04-08 20:29:25','2020-04-08 20:29:25',NULL,'1235079512380551170','1247864121794260994','1234102578637127681',99.99,'JL','https://wx.qlogo.cn/mmopen/vi_32/Q0j4TwGTfTJjjQuibXQqVVhEdrm7WbCHbcERL7m4LYLY1DgPAHsmc3NIiajXzacRP9GMmfcBIHDmbWjyIde3Unew/132'),
('12478641iy878147073','1','0','2020-04-08 20:29:25','2020-04-08 20:29:25',NULL,'1235079512380551170','1247864121794260994','1234102578637127681',99.99,'JL','https://wx.qlogo.cn/mmopen/vi_32/Q0j4TwGTfTJjjQuibXQqVVhEdrm7WbCHbcERL7m4LYLY1DgPAHsmc3NIiajXzacRP9GMmfcBIHDmbWjyIde3Unew/132'),
('1247864t21878147073','1','0','2020-04-08 20:29:25','2020-04-08 20:29:25',NULL,'1235079512380551170','1247864121794260994','1234102578637127681',99.99,'JL','https://wx.qlogo.cn/mmopen/vi_32/Q0j4TwGTfTJjjQuibXQqVVhEdrm7WbCHbcERL7m4LYLY1DgPAHsmc3NIiajXzacRP9GMmfcBIHDmbWjyIde3Unew/132'),
('1247864y21878147073','1','0','2020-04-08 20:29:25','2020-04-08 20:29:25',NULL,'1235079512380551170','1247864121794260994','1234102578637127681',99.99,'JL','https://wx.qlogo.cn/mmopen/vi_32/Q0j4TwGTfTJjjQuibXQqVVhEdrm7WbCHbcERL7m4LYLY1DgPAHsmc3NIiajXzacRP9GMmfcBIHDmbWjyIde3Unew/132');

/*Table structure for table `bargain_info` */

DROP TABLE IF EXISTS `bargain_info`;

CREATE TABLE `bargain_info` (
  `id` varchar(32) CHARACTER SET utf8mb4 COLLATE utf8mb4_0900_ai_ci NOT NULL COMMENT 'PK',
  `tenant_id` varchar(32) CHARACTER SET utf8mb4 COLLATE utf8mb4_0900_ai_ci NOT NULL COMMENT '所属租户',
  `del_flag` char(2) CHARACTER SET utf8mb4 COLLATE utf8mb4_0900_ai_ci NOT NULL DEFAULT '0' COMMENT '逻辑删除标记（0：显示；1：隐藏）',
  `create_time` datetime NOT NULL DEFAULT CURRENT_TIMESTAMP COMMENT '创建时间',
  `update_time` timestamp NOT NULL DEFAULT CURRENT_TIMESTAMP ON UPDATE CURRENT_TIMESTAMP COMMENT '最后更新时间',
  `create_id` varchar(32) CHARACTER SET utf8 COLLATE utf8_general_ci DEFAULT NULL COMMENT '创建者ID',
  `sort` int NOT NULL DEFAULT '0' COMMENT '排序字段',
  `enable` char(2) CHARACTER SET utf8mb4 COLLATE utf8mb4_0900_ai_ci NOT NULL COMMENT '（1：开启；0：关闭）',
  `spu_id` varchar(32) CHARACTER SET utf8mb4 COLLATE utf8mb4_0900_ai_ci NOT NULL COMMENT '商品Id',
  `sku_id` varchar(32) CHARACTER SET utf8mb4 COLLATE utf8mb4_0900_ai_ci NOT NULL COMMENT 'skuId',
  `name` varchar(100) DEFAULT NULL COMMENT '砍价名称',
  `valid_begin_time` datetime NOT NULL COMMENT '开始时间',
  `valid_end_time` datetime NOT NULL COMMENT '结束时间',
  `bargain_price` decimal(10,2) NOT NULL COMMENT '砍价底价',
  `self_cut` char(2) CHARACTER SET utf8mb4 COLLATE utf8mb4_0900_ai_ci NOT NULL COMMENT '自砍一刀（1：开启；0：关闭）',
  `floor_buy` char(2) CHARACTER SET utf8mb4 COLLATE utf8mb4_0900_ai_ci NOT NULL COMMENT '必须底价购买（1：是；0：否）',
  `launch_num` int DEFAULT '0' COMMENT '发起人数',
  `cut_max` decimal(10,2) NOT NULL COMMENT '单次可砍最高金额',
  `cut_min` decimal(10,2) NOT NULL COMMENT '单次可砍最低金额',
  `pic_url` varchar(500) DEFAULT NULL COMMENT '图片',
  `cut_rule` text COMMENT '砍价规则',
  `share_title` varchar(30) CHARACTER SET utf8mb4 COLLATE utf8mb4_0900_ai_ci NOT NULL COMMENT '分享标题 ',
  PRIMARY KEY (`id`) USING BTREE,
  KEY `ids_tenant_id` (`tenant_id`) USING BTREE
) ENGINE=InnoDB DEFAULT CHARSET=utf8mb4 COLLATE=utf8mb4_0900_ai_ci ROW_FORMAT=DYNAMIC COMMENT='砍价';

/*Data for the table `bargain_info` */

insert  into `bargain_info`(`id`,`tenant_id`,`del_flag`,`create_time`,`update_time`,`create_id`,`sort`,`enable`,`spu_id`,`sku_id`,`name`,`valid_begin_time`,`valid_end_time`,`bargain_price`,`self_cut`,`floor_buy`,`launch_num`,`cut_max`,`cut_min`,`pic_url`,`cut_rule`,`share_title`) values 
('1235079512380551170','1','0','2020-03-04 13:47:57','2020-04-30 09:23:54',NULL,7,'1','4d06c5157cce971b89166e509cdf63e8','7cee91d08568afe4f8c2a7651f52be8b','非顶不可有副作用杨艳玲 仍脸人杨艳玲 仍脸人杨艳0 仍脸人杨艳玲 仍脸人杨艳玲 仍脸人杨艳玲 仍脸人','2020-03-03 00:00:00','2020-04-30 00:00:00',0.01,'1','1',7,200.00,100.00,'http://aiforest-base-test.oss-cn-zhangjiakou.aliyuncs.com/14.jpg','她问他问题你爱我脸人','她问他问题你爱我脸人她问他问题你爱我脸人你爱我脸人你爱我脸9'),
('1245987408411914241','1','0','2020-04-03 16:12:02','2020-04-03 16:12:02',NULL,2,'1','2835671ff031c18cb181b1a199f86b01','8b3d9b08b33081b231e75ef5f0bf3705','vvj kk l l l','2020-03-02 00:00:00','2022-05-12 00:00:00',1.00,'1','0',37,2000.00,1000.00,'http://aiforest-base-test.oss-cn-zhangjiakou.aliyuncs.com/O1CN01fSka3s1IOudDI765b_!!2616970884.jpg','r rw r g ','vvj kk l l l');

/*Table structure for table `bargain_user` */

DROP TABLE IF EXISTS `bargain_user`;

CREATE TABLE `bargain_user` (
  `id` varchar(32) CHARACTER SET utf8mb4 COLLATE utf8mb4_0900_ai_ci NOT NULL COMMENT 'PK',
  `tenant_id` varchar(32) CHARACTER SET utf8mb4 COLLATE utf8mb4_0900_ai_ci NOT NULL COMMENT '所属租户',
  `del_flag` char(2) CHARACTER SET utf8mb4 COLLATE utf8mb4_0900_ai_ci NOT NULL DEFAULT '0' COMMENT '逻辑删除标记（0：显示；1：隐藏）',
  `create_time` datetime NOT NULL DEFAULT CURRENT_TIMESTAMP COMMENT '创建时间',
  `update_time` timestamp NOT NULL DEFAULT CURRENT_TIMESTAMP ON UPDATE CURRENT_TIMESTAMP COMMENT '最后更新时间',
  `create_id` varchar(32) CHARACTER SET utf8 COLLATE utf8_general_ci DEFAULT NULL COMMENT '创建者ID',
  `bargain_id` varchar(32) CHARACTER SET utf8mb4 COLLATE utf8mb4_0900_ai_ci NOT NULL COMMENT '砍价ID',
  `user_id` varchar(32) CHARACTER SET utf8mb4 COLLATE utf8mb4_0900_ai_ci NOT NULL COMMENT '用户ID',
  `spu_id` varchar(32) CHARACTER SET utf8mb4 COLLATE utf8mb4_0900_ai_ci NOT NULL COMMENT '商品Id',
  `sku_id` varchar(32) CHARACTER SET utf8mb4 COLLATE utf8mb4_0900_ai_ci NOT NULL COMMENT 'skuId',
  `valid_begin_time` datetime NOT NULL COMMENT '开始时间',
  `valid_end_time` datetime NOT NULL COMMENT '结束时间',
  `bargain_price` decimal(10,2) NOT NULL COMMENT '砍价底价',
  `floor_buy` char(2) CHARACTER SET utf8mb4 COLLATE utf8mb4_0900_ai_ci NOT NULL COMMENT '必须底价购买（1：是；0：否）',
  `status` char(2) CHARACTER SET utf8mb4 COLLATE utf8mb4_0900_ai_ci NOT NULL DEFAULT '0' COMMENT '状态（0：砍价中；1：完成砍价）',
  `is_buy` char(2) CHARACTER SET utf8mb4 COLLATE utf8mb4_0900_ai_ci NOT NULL DEFAULT '0' COMMENT '是否购买（1：是；0：否）',
  `order_id` varchar(32) DEFAULT NULL COMMENT '订单Id',
  PRIMARY KEY (`id`) USING BTREE,
  KEY `ids_tenant_id` (`tenant_id`) USING BTREE
) ENGINE=InnoDB DEFAULT CHARSET=utf8mb4 COLLATE=utf8mb4_0900_ai_ci ROW_FORMAT=DYNAMIC COMMENT='砍价记录';

/*Data for the table `bargain_user` */

insert  into `bargain_user`(`id`,`tenant_id`,`del_flag`,`create_time`,`update_time`,`create_id`,`bargain_id`,`user_id`,`spu_id`,`sku_id`,`valid_begin_time`,`valid_end_time`,`bargain_price`,`floor_buy`,`status`,`is_buy`,`order_id`) values 
('1247864081956761601','1','0','2020-04-08 20:29:15','2020-04-08 20:29:15',NULL,'1245987408411914241','1234102578637127681','2835671ff031c18cb181b1a199f86b01','8b3d9b08b33081b231e75ef5f0bf3705','2020-03-02 00:00:00','2022-05-12 00:00:00',1.00,'0','0','0',NULL),
('1247864121794260994','1','0','2020-04-08 20:29:25','2020-04-08 20:29:25',NULL,'1235079512380551170','1234102578637127681','4d06c5157cce971b89166e509cdf63e8','7cee91d08568afe4f8c2a7651f52be8b','2020-03-03 00:00:00','2020-04-30 00:00:00',0.01,'1','1','1','1251548861094023169');

/*Table structure for table `coupon_goods` */

DROP TABLE IF EXISTS `coupon_goods`;

CREATE TABLE `coupon_goods` (
  `id` varchar(32) CHARACTER SET utf8mb4 COLLATE utf8mb4_0900_ai_ci NOT NULL COMMENT 'PK',
  `tenant_id` varchar(32) CHARACTER SET utf8mb4 COLLATE utf8mb4_0900_ai_ci NOT NULL COMMENT '所属租户',
  `del_flag` char(2) CHARACTER SET utf8mb4 COLLATE utf8mb4_0900_ai_ci NOT NULL DEFAULT '0' COMMENT '逻辑删除标记（0：显示；1：隐藏）',
  `create_time` datetime NOT NULL DEFAULT CURRENT_TIMESTAMP COMMENT '创建时间',
  `update_time` timestamp NOT NULL DEFAULT CURRENT_TIMESTAMP ON UPDATE CURRENT_TIMESTAMP COMMENT '最后更新时间',
  `create_id` varchar(32) CHARACTER SET utf8 COLLATE utf8_general_ci DEFAULT NULL COMMENT '创建者ID',
  `coupon_id` varchar(32) CHARACTER SET utf8 COLLATE utf8_general_ci NOT NULL COMMENT '电子券ID',
  `spu_id` varchar(32) CHARACTER SET utf8 COLLATE utf8_general_ci NOT NULL COMMENT '商品Id',
  PRIMARY KEY (`id`) USING BTREE,
  KEY `ids_tenant_id` (`tenant_id`)
) ENGINE=InnoDB DEFAULT CHARSET=utf8mb4 COLLATE=utf8mb4_0900_ai_ci ROW_FORMAT=DYNAMIC COMMENT='电子券商品关联';

/*Data for the table `coupon_goods` */

insert  into `coupon_goods`(`id`,`tenant_id`,`del_flag`,`create_time`,`update_time`,`create_id`,`coupon_id`,`spu_id`) values 
('1270934898628120578','1','0','2020-06-11 12:24:27','2020-06-11 12:24:27',NULL,'1270933845983645698','87ec583e2883cbd2fd259f47ece0fe15'),
('1270934898628120579','1','0','2020-06-11 12:24:27','2020-06-11 12:24:27',NULL,'1270933845983645698','6545a6fc2927edc195b93982f446917c');

/*Table structure for table `coupon_info` */

DROP TABLE IF EXISTS `coupon_info`;

CREATE TABLE `coupon_info` (
  `id` varchar(32) CHARACTER SET utf8mb4 COLLATE utf8mb4_0900_ai_ci NOT NULL COMMENT 'PK',
  `tenant_id` varchar(32) CHARACTER SET utf8mb4 COLLATE utf8mb4_0900_ai_ci NOT NULL COMMENT '所属租户',
  `del_flag` char(2) CHARACTER SET utf8mb4 COLLATE utf8mb4_0900_ai_ci NOT NULL DEFAULT '0' COMMENT '逻辑删除标记（0：显示；1：隐藏）',
  `create_time` datetime NOT NULL DEFAULT CURRENT_TIMESTAMP COMMENT '创建时间',
  `update_time` timestamp NOT NULL DEFAULT CURRENT_TIMESTAMP ON UPDATE CURRENT_TIMESTAMP COMMENT '最后更新时间',
  `create_id` varchar(32) CHARACTER SET utf8 COLLATE utf8_general_ci DEFAULT NULL COMMENT '创建者ID',
  `sort` int NOT NULL DEFAULT '0' COMMENT '排序字段',
  `name` varchar(30) CHARACTER SET utf8mb4 COLLATE utf8mb4_0900_ai_ci NOT NULL COMMENT '名称',
  `type` char(2) CHARACTER SET utf8mb4 COLLATE utf8mb4_0900_ai_ci NOT NULL COMMENT '类型1、代金券；2：折扣券',
  `premise_amount` decimal(10,2) DEFAULT NULL COMMENT '订单金额满多少可使用',
  `expire_type` char(2) CHARACTER SET utf8mb4 COLLATE utf8mb4_0900_ai_ci NOT NULL COMMENT '到期类型1、领券后生效；2：固定时间段',
  `stock` int NOT NULL DEFAULT '0' COMMENT '库存',
  `reduce_amount` decimal(10,2) DEFAULT NULL COMMENT '减免金额（代金券特有）',
  `discount` decimal(10,1) DEFAULT NULL COMMENT '折扣率（折扣券特有）',
  `valid_days` int DEFAULT NULL COMMENT '有效天数（领券后生效特有）',
  `valid_begin_time` datetime DEFAULT NULL COMMENT '有效开始时间（固定时间段特有）',
  `valid_end_time` datetime DEFAULT NULL COMMENT '有效结束时间（固定时间段特有）',
  `suit_type` char(2) CHARACTER SET utf8mb4 COLLATE utf8mb4_0900_ai_ci DEFAULT NULL COMMENT '适用类型1、全部商品；2、指定商品可用',
  `remarks` varchar(100) CHARACTER SET utf8mb4 COLLATE utf8mb4_0900_ai_ci DEFAULT NULL COMMENT '备注',
  `enable` char(2) CHARACTER SET utf8mb4 COLLATE utf8mb4_0900_ai_ci NOT NULL COMMENT '（1：开启；0：关闭）',
  `version` int DEFAULT '0' COMMENT '版本号',
  PRIMARY KEY (`id`) USING BTREE,
  KEY `ids_tenant_id` (`tenant_id`) USING BTREE
) ENGINE=InnoDB DEFAULT CHARSET=utf8mb4 COLLATE=utf8mb4_0900_ai_ci ROW_FORMAT=DYNAMIC COMMENT='电子券';

/*Data for the table `coupon_info` */

insert  into `coupon_info`(`id`,`tenant_id`,`del_flag`,`create_time`,`update_time`,`create_id`,`sort`,`name`,`type`,`premise_amount`,`expire_type`,`stock`,`reduce_amount`,`discount`,`valid_days`,`valid_begin_time`,`valid_end_time`,`suit_type`,`remarks`,`enable`,`version`) values 
('1242644273821609986','1','0','2020-03-25 10:47:36','2020-03-25 10:47:36',NULL,1,'8折券','2',10.00,'1',86,NULL,8.0,8,NULL,NULL,'1',NULL,'1',2),
('1242644400837718017','1','0','2020-03-25 10:48:07','2020-03-25 10:48:07',NULL,2,'5元券','1',99.00,'1',73,5.00,NULL,9,NULL,NULL,'1',NULL,'1',5),
('1245994369937338369','1','0','2020-04-03 16:39:41','2020-04-03 16:39:41',NULL,4,'5折券','2',100.00,'1',85,NULL,5.0,777,NULL,NULL,'1',NULL,'1',3),
('1270933845983645698','1','0','2020-06-11 12:20:16','2020-06-11 12:20:16',NULL,4,'8折券','2',50.00,'1',7,NULL,8.0,6,NULL,NULL,'2',NULL,'1',1);

/*Table structure for table `coupon_user` */

DROP TABLE IF EXISTS `coupon_user`;

CREATE TABLE `coupon_user` (
  `id` varchar(32) CHARACTER SET utf8mb4 COLLATE utf8mb4_0900_ai_ci NOT NULL COMMENT 'PK',
  `tenant_id` varchar(32) CHARACTER SET utf8mb4 COLLATE utf8mb4_0900_ai_ci NOT NULL COMMENT '所属租户',
  `del_flag` char(2) CHARACTER SET utf8mb4 COLLATE utf8mb4_0900_ai_ci NOT NULL DEFAULT '0' COMMENT '逻辑删除标记（0：显示；1：隐藏）',
  `create_time` datetime NOT NULL DEFAULT CURRENT_TIMESTAMP COMMENT '创建时间',
  `update_time` timestamp NOT NULL DEFAULT CURRENT_TIMESTAMP ON UPDATE CURRENT_TIMESTAMP COMMENT '最后更新时间',
  `create_id` varchar(32) CHARACTER SET utf8 COLLATE utf8_general_ci DEFAULT NULL COMMENT '创建者ID',
  `coupon_id` varchar(32) CHARACTER SET utf8 COLLATE utf8_general_ci NOT NULL COMMENT '电子券ID',
  `user_id` varchar(32) CHARACTER SET utf8mb4 COLLATE utf8mb4_0900_ai_ci NOT NULL COMMENT '用户id',
  `coupon_code` int NOT NULL AUTO_INCREMENT COMMENT '电子券码',
  `valid_begin_time` datetime DEFAULT NULL COMMENT '有效开始时间',
  `valid_end_time` datetime DEFAULT NULL COMMENT '有效结束时间',
  `status` char(2) CHARACTER SET utf8mb4 COLLATE utf8mb4_0900_ai_ci DEFAULT '0' COMMENT '状态0、未使用；1、已使用',
  `used_time` datetime DEFAULT NULL COMMENT '使用时间',
  `name` varchar(30) NOT NULL COMMENT '名称',
  `type` char(2) DEFAULT NULL COMMENT '类型1、代金券；2：折扣券',
  `premise_amount` decimal(10,2) DEFAULT NULL COMMENT '订单金额满多少可使用',
  `reduce_amount` decimal(10,2) DEFAULT NULL COMMENT '减免金额（代金券特有）',
  `discount` decimal(10,1) DEFAULT NULL COMMENT '折扣率（折扣券特有）',
  `suit_type` char(2) DEFAULT NULL COMMENT '适用类型1、全部商品；2、指定商品可用',
  PRIMARY KEY (`id`),
  UNIQUE KEY `uk_coupon_code` (`coupon_code`),
  KEY `ids_tenant_id` (`tenant_id`) USING BTREE,
  KEY `ids_user` (`user_id`),
  KEY `coupon_code` (`coupon_code`)
) ENGINE=InnoDB AUTO_INCREMENT=106 DEFAULT CHARSET=utf8mb4 COLLATE=utf8mb4_0900_ai_ci ROW_FORMAT=DYNAMIC COMMENT='电子券用户记录';

/*Data for the table `coupon_user` */

insert  into `coupon_user`(`id`,`tenant_id`,`del_flag`,`create_time`,`update_time`,`create_id`,`coupon_id`,`user_id`,`coupon_code`,`valid_begin_time`,`valid_end_time`,`status`,`used_time`,`name`,`type`,`premise_amount`,`reduce_amount`,`discount`,`suit_type`) values 
('1242644456152199170','1','0','2020-03-25 10:48:20','2020-03-25 10:48:20',NULL,'1242644400837718017','1234102578637127681',95,'2020-03-25 10:48:20','2020-04-03 10:48:20','0',NULL,'5元券','1',99.00,5.00,NULL,'1'),
('1245694341540827138','1','0','2020-04-02 20:47:29','2020-04-02 20:47:29',NULL,'1242644400837718017','1240923176084389889',96,'2020-04-02 20:47:30','2020-04-11 20:47:30','0',NULL,'5元券','1',99.00,5.00,NULL,'1'),
('1245694345680605185','1','0','2020-04-02 20:47:30','2020-04-02 20:47:30',NULL,'1242644273821609986','1240923176084389889',97,'2020-04-02 20:47:31','2020-04-10 20:47:31','0',NULL,'8折券','2',10.00,NULL,8.0,'1'),
('1245994454049910785','1','0','2020-04-03 16:40:01','2020-04-03 16:40:01',NULL,'1245994369937338369','1240923176084389889',98,'2020-04-03 16:40:02','2022-05-20 16:40:02','0',NULL,'5折券','2',100.00,NULL,5.0,'1'),
('1246261754518831105','1','0','2020-04-04 10:22:11','2020-04-04 10:22:11',NULL,'1245994369937338369','1234102578637127681',99,'2020-04-04 10:22:11','2022-05-21 10:22:11','1','2020-04-05 10:36:27','5折券','2',100.00,NULL,5.0,'1'),
('1246628672589279233','1','0','2020-04-05 10:40:11','2020-04-05 10:40:11',NULL,'1245994369937338369','1234102578637127681',100,'2020-04-05 10:40:11','2022-05-22 10:40:11','0',NULL,'5折券','2',100.00,NULL,5.0,'1'),
('1246628674560602113','1','0','2020-04-05 10:40:11','2020-04-05 10:40:11',NULL,'1242644400837718017','1234102578637127681',101,'2020-04-05 10:40:12','2020-04-14 10:40:12','0',NULL,'5元券','1',99.00,5.00,NULL,'1'),
('1246628678608105474','1','0','2020-04-05 10:40:12','2020-04-05 10:40:12',NULL,'1242644273821609986','1234102578637127681',102,'2020-04-05 10:40:13','2020-04-13 10:40:13','0',NULL,'8折券','2',10.00,NULL,8.0,'1'),
('1251390792888320002','1','0','2020-04-18 14:03:09','2020-04-18 14:03:09',NULL,'1242644400837718017','1234102578637127681',103,'2020-04-18 14:03:09','2020-04-27 14:03:09','0',NULL,'5元券','1',99.00,5.00,NULL,'1'),
('1270933869295587330','1','0','2020-06-11 12:20:21','2020-06-11 12:20:21',NULL,'1270933845983645698','1266196380046548993',104,'2020-06-11 12:20:22','2020-06-17 12:20:22','0',NULL,'8折券','2',50.00,NULL,8.0,'2'),
('1270935970348290050','1','0','2020-06-11 12:28:42','2020-06-11 12:28:42',NULL,'1242644400837718017','1266196380046548993',105,'2020-06-11 12:28:43','2020-06-20 12:28:43','0',NULL,'5元券','1',99.00,5.00,NULL,'1');

/*Table structure for table `delivery_place` */

DROP TABLE IF EXISTS `delivery_place`;

CREATE TABLE `delivery_place` (
  `id` varchar(32) CHARACTER SET utf8mb4 COLLATE utf8mb4_0900_ai_ci NOT NULL COMMENT 'PK',
  `tenant_id` varchar(32) CHARACTER SET utf8mb4 COLLATE utf8mb4_0900_ai_ci NOT NULL COMMENT '所属租户',
  `del_flag` char(2) CHARACTER SET utf8mb4 COLLATE utf8mb4_0900_ai_ci NOT NULL DEFAULT '0' COMMENT '逻辑删除标记（0：显示；1：隐藏）',
  `create_time` datetime NOT NULL DEFAULT CURRENT_TIMESTAMP COMMENT '创建时间',
  `update_time` timestamp NOT NULL DEFAULT CURRENT_TIMESTAMP ON UPDATE CURRENT_TIMESTAMP COMMENT '最后更新时间',
  `create_id` varchar(32) CHARACTER SET utf8 COLLATE utf8_general_ci DEFAULT NULL COMMENT '创建者ID',
  `place` varchar(50) CHARACTER SET utf8mb4 COLLATE utf8mb4_0900_ai_ci NOT NULL COMMENT '地方',
  `address` varchar(255) CHARACTER SET utf8mb4 COLLATE utf8mb4_0900_ai_ci NOT NULL COMMENT '详细地址',
  `tel_num` varchar(50) CHARACTER SET utf8mb4 COLLATE utf8mb4_0900_ai_ci NOT NULL COMMENT '电话号码',
  PRIMARY KEY (`id`) USING BTREE,
  KEY `ids_tenant_id` (`tenant_id`) USING BTREE
) ENGINE=InnoDB DEFAULT CHARSET=utf8mb4 COLLATE=utf8mb4_0900_ai_ci ROW_FORMAT=DYNAMIC COMMENT='发货地';

/*Data for the table `delivery_place` */

insert  into `delivery_place`(`id`,`tenant_id`,`del_flag`,`create_time`,`update_time`,`create_id`,`place`,`address`,`tel_num`) values 
('1226515772106289154','1','0','2020-02-09 22:38:42','2020-02-09 22:38:42',NULL,'广东深圳','杰奎琳啊各位作你你 仍','18653658264'),
('1226515817257971713','1','0','2020-02-09 22:38:53','2020-02-09 22:38:53',NULL,'湖南长沙','梦工厂仍和我自然人仍','18653625621'),
('1226515909281001473','1','0','2020-02-09 22:39:14','2020-02-09 22:39:14',NULL,'江苏南京','仍签名签名 你','18542561581');

/*Table structure for table `ensure` */

DROP TABLE IF EXISTS `ensure`;

CREATE TABLE `ensure` (
  `id` varchar(32) CHARACTER SET utf8mb4 COLLATE utf8mb4_0900_ai_ci NOT NULL COMMENT 'PK',
  `tenant_id` varchar(32) CHARACTER SET utf8mb4 COLLATE utf8mb4_0900_ai_ci NOT NULL COMMENT '所属租户',
  `del_flag` char(2) CHARACTER SET utf8mb4 COLLATE utf8mb4_0900_ai_ci NOT NULL DEFAULT '0' COMMENT '逻辑删除标记（0：显示；1：隐藏）',
  `create_time` datetime NOT NULL DEFAULT CURRENT_TIMESTAMP COMMENT '创建时间',
  `update_time` timestamp NOT NULL DEFAULT CURRENT_TIMESTAMP ON UPDATE CURRENT_TIMESTAMP COMMENT '最后更新时间',
  `create_id` varchar(32) CHARACTER SET utf8 COLLATE utf8_general_ci DEFAULT NULL COMMENT '创建者ID',
  `name` varchar(50) CHARACTER SET utf8mb4 COLLATE utf8mb4_0900_ai_ci NOT NULL COMMENT '保障名',
  `detail` varchar(200) CHARACTER SET utf8mb4 COLLATE utf8mb4_0900_ai_ci NOT NULL COMMENT '保障详情',
  PRIMARY KEY (`id`) USING BTREE,
  KEY `ids_tenant_id` (`tenant_id`) USING BTREE
) ENGINE=InnoDB DEFAULT CHARSET=utf8mb4 COLLATE=utf8mb4_0900_ai_ci ROW_FORMAT=DYNAMIC COMMENT='保障服务';

/*Data for the table `ensure` */

insert  into `ensure`(`id`,`tenant_id`,`del_flag`,`create_time`,`update_time`,`create_id`,`name`,`detail`) values 
('1226531618484621314','1','0','2020-02-09 23:41:40','2020-02-09 23:41:40',NULL,'假一赔十','正品保障，假一赔十'),
('1226531861997522946','1','0','2020-02-09 23:42:38','2020-02-09 23:42:38',NULL,'七天无理由退换','满足相应条件时，消费者可申请 “七天无理由退换”'),
('1226532182597537793','1','0','2020-02-09 23:43:54','2020-02-09 23:43:54',NULL,'24小时内发货',''),
('1226532495656194050','1','0','2020-02-09 23:45:09','2020-02-09 23:45:09',NULL,'5年质量保证','');

/*Table structure for table `ensure_goods` */

DROP TABLE IF EXISTS `ensure_goods`;

CREATE TABLE `ensure_goods` (
  `id` varchar(32) CHARACTER SET utf8mb4 COLLATE utf8mb4_0900_ai_ci NOT NULL COMMENT 'PK',
  `tenant_id` varchar(32) CHARACTER SET utf8mb4 COLLATE utf8mb4_0900_ai_ci NOT NULL COMMENT '所属租户',
  `del_flag` char(2) CHARACTER SET utf8mb4 COLLATE utf8mb4_0900_ai_ci NOT NULL DEFAULT '0' COMMENT '逻辑删除标记（0：显示；1：隐藏）',
  `create_time` datetime NOT NULL DEFAULT CURRENT_TIMESTAMP COMMENT '创建时间',
  `update_time` timestamp NOT NULL DEFAULT CURRENT_TIMESTAMP ON UPDATE CURRENT_TIMESTAMP COMMENT '最后更新时间',
  `create_id` varchar(32) CHARACTER SET utf8 COLLATE utf8_general_ci DEFAULT NULL COMMENT '创建者ID',
  `ensure_id` varchar(32) CHARACTER SET utf8mb4 COLLATE utf8mb4_0900_ai_ci NOT NULL COMMENT '保障ID',
  `spu_id` varchar(32) CHARACTER SET utf8mb4 COLLATE utf8mb4_0900_ai_ci NOT NULL COMMENT '商品spuID',
  PRIMARY KEY (`id`) USING BTREE,
  KEY `ids_tenant_id` (`tenant_id`) USING BTREE
) ENGINE=InnoDB DEFAULT CHARSET=utf8mb4 COLLATE=utf8mb4_0900_ai_ci ROW_FORMAT=DYNAMIC COMMENT='商品保障';

/*Data for the table `ensure_goods` */

insert  into `ensure_goods`(`id`,`tenant_id`,`del_flag`,`create_time`,`update_time`,`create_id`,`ensure_id`,`spu_id`) values 
('1255776903643369474','1','0','2020-04-30 16:31:59','2020-04-30 16:31:59',NULL,'1226532182597537793','1255379800819601410'),
('1258603999122124802','1','0','2020-05-08 11:45:51','2020-05-08 11:45:51',NULL,'1226531861997522946','2b48a2f35352a4d87d51d6dd03bb874e'),
('1266195538253844481','1','0','2020-05-29 10:31:55','2020-05-29 10:31:55',NULL,'1226531861997522946','4d06c5157cce971b89166e509cdf63e8'),
('1266195538262233089','1','0','2020-05-29 10:31:55','2020-05-29 10:31:55',NULL,'1226531618484621314','4d06c5157cce971b89166e509cdf63e8');

/*Table structure for table `freight_templat` */

DROP TABLE IF EXISTS `freight_templat`;

CREATE TABLE `freight_templat` (
  `id` varchar(32) CHARACTER SET utf8mb4 COLLATE utf8mb4_0900_ai_ci NOT NULL COMMENT 'PK',
  `tenant_id` varchar(32) CHARACTER SET utf8mb4 COLLATE utf8mb4_0900_ai_ci NOT NULL COMMENT '所属租户',
  `del_flag` char(2) CHARACTER SET utf8mb4 COLLATE utf8mb4_0900_ai_ci NOT NULL DEFAULT '0' COMMENT '逻辑删除标记（0：显示；1：隐藏）',
  `create_time` datetime NOT NULL DEFAULT CURRENT_TIMESTAMP COMMENT '创建时间',
  `update_time` timestamp NOT NULL DEFAULT CURRENT_TIMESTAMP ON UPDATE CURRENT_TIMESTAMP COMMENT '最后更新时间',
  `sort` int NOT NULL COMMENT '排序字段',
  `name` varchar(100) CHARACTER SET utf8mb4 COLLATE utf8mb4_0900_ai_ci NOT NULL COMMENT '名称',
  `type` char(2) NOT NULL COMMENT '模板类型1、买家承担运费；2、卖家包邮',
  `charge_type` char(2) NOT NULL COMMENT '计费方式1、按件数；2、按重量；3、按体积',
  `first_num` decimal(10,2) DEFAULT '0.00' COMMENT '首件、首体积、首重量',
  `first_freight` decimal(10,2) DEFAULT '0.00' COMMENT '首运费',
  `continue_num` decimal(10,2) DEFAULT '0.00' COMMENT '续件、续体积、续重量',
  `continue_freight` decimal(10,2) DEFAULT '0.00' COMMENT '续运费',
  PRIMARY KEY (`id`),
  KEY `ids_tenant_id` (`tenant_id`) USING BTREE
) ENGINE=InnoDB DEFAULT CHARSET=utf8mb4 COLLATE=utf8mb4_0900_ai_ci ROW_FORMAT=DYNAMIC COMMENT='运费模板';

/*Data for the table `freight_templat` */

insert  into `freight_templat`(`id`,`tenant_id`,`del_flag`,`create_time`,`update_time`,`sort`,`name`,`type`,`charge_type`,`first_num`,`first_freight`,`continue_num`,`continue_freight`) values 
('556760ba464981b71de368b7d5627746','1','0','2019-12-24 18:30:36','2019-12-24 18:30:36',3,'全国统一按重量收费','1','2',6.00,5.00,5.00,5.00),
('a73cf89f7a5a0dcd8c45b9cf2b7be681','1','0','2019-12-24 18:23:59','2019-12-24 18:23:59',2,'全国统一按件收费','1','1',2.00,5.00,2.00,3.00),
('b850d39b204f3be8654d8358b91aff3f','1','0','2019-12-24 18:31:08','2019-12-24 18:31:08',5,'全国统一按体积收费','1','3',6.00,5.00,5.00,5.00),
('e2daad9554fc3206bab0ab4788840b42','1','0','2019-12-24 18:07:17','2019-12-24 18:07:17',1,'全国包邮','2','1',0.00,0.00,0.00,0.00);

/*Table structure for table `goods_appraises` */

DROP TABLE IF EXISTS `goods_appraises`;

CREATE TABLE `goods_appraises` (
  `id` varchar(32) CHARACTER SET utf8mb4 COLLATE utf8mb4_0900_ai_ci NOT NULL COMMENT 'PK',
  `tenant_id` varchar(32) CHARACTER SET utf8mb4 COLLATE utf8mb4_0900_ai_ci NOT NULL COMMENT '所属租户',
  `create_time` datetime NOT NULL DEFAULT CURRENT_TIMESTAMP COMMENT '创建时间',
  `update_time` timestamp NOT NULL DEFAULT CURRENT_TIMESTAMP ON UPDATE CURRENT_TIMESTAMP COMMENT '最后更新时间',
  `del_flag` char(2) CHARACTER SET utf8mb4 COLLATE utf8mb4_0900_ai_ci NOT NULL DEFAULT '0' COMMENT '逻辑删除标记（0：显示；1：隐藏）',
  `order_id` varchar(32) DEFAULT NULL COMMENT '订单ID',
  `order_item_id` varchar(32) DEFAULT NULL COMMENT '订单详情ID',
  `user_id` varchar(32) CHARACTER SET utf8mb4 COLLATE utf8mb4_0900_ai_ci DEFAULT NULL COMMENT '用户编号',
  `nick_name` varchar(200) DEFAULT NULL COMMENT '用户昵称',
  `headimg_url` varchar(1000) DEFAULT NULL COMMENT '用户头像',
  `spu_id` varchar(32) DEFAULT NULL COMMENT '商品Id',
  `sku_id` varchar(32) DEFAULT NULL COMMENT 'sku_id',
  `pic_urls` varchar(1024) CHARACTER SET utf8mb4 COLLATE utf8mb4_0900_ai_ci DEFAULT NULL COMMENT '图片',
  `spec_info` varchar(500) DEFAULT NULL COMMENT '规格信息',
  `goods_score` smallint DEFAULT NULL COMMENT '商品评分',
  `service_score` smallint DEFAULT NULL COMMENT '服务评分',
  `logistics_score` smallint DEFAULT NULL COMMENT '物流评分',
  `content` varchar(500) DEFAULT NULL COMMENT '评论内容',
  `seller_reply` varchar(500) DEFAULT NULL COMMENT '卖家回复',
  `reply_time` datetime DEFAULT NULL COMMENT '回复时间',
  PRIMARY KEY (`id`) USING BTREE,
  KEY `ids_tenant_id` (`tenant_id`) USING BTREE
) ENGINE=InnoDB DEFAULT CHARSET=utf8mb4 COLLATE=utf8mb4_0900_ai_ci ROW_FORMAT=DYNAMIC COMMENT='商品评价表';

/*Data for the table `goods_appraises` */

insert  into `goods_appraises`(`id`,`tenant_id`,`create_time`,`update_time`,`del_flag`,`order_id`,`order_item_id`,`user_id`,`nick_name`,`headimg_url`,`spu_id`,`sku_id`,`pic_urls`,`spec_info`,`goods_score`,`service_score`,`logistics_score`,`content`,`seller_reply`,`reply_time`) values 
('1235083976705564673','1','2020-03-04 14:05:41','2020-03-04 14:05:41','0','1235082093857222658','1235082093932720129','1234102578905571330','JL','https://wx.qlogo.cn/mmopen/vi_32/Q0j4TwGTfTJjjQuibXQqVVhEdrm7WbCHbcERL7m4LYLY1DgPAHsmc3NIiajXzacRP9GMmfcBIHDmbWjyIde3Unew/132','2835671ff031c18cb181b1a199f86b01','10f415b0cd746ebf764acc3a6a4d13a2',NULL,'电信，白色，64G',5,5,5,NULL,'wgsgweyewy','2020-03-24 10:21:13'),
('1235083976718147585','1','2020-03-04 14:05:41','2020-03-04 14:05:41','0','1235082093857222658','1235082093932720130','1234102578905571330','JL','https://wx.qlogo.cn/mmopen/vi_32/Q0j4TwGTfTJjjQuibXQqVVhEdrm7WbCHbcERL7m4LYLY1DgPAHsmc3NIiajXzacRP9GMmfcBIHDmbWjyIde3Unew/132','2835671ff031c18cb181b1a199f86b01','106c4dc9184da01ce15e26f4256560d4',NULL,'移动，白色，32G',4,3,5,NULL,NULL,NULL),
('1235083976722341890','1','2020-03-04 14:05:41','2020-03-04 14:05:41','0','1235082093857222658','1235082093941108738','1234102578905571330','JL','https://wx.qlogo.cn/mmopen/vi_32/Q0j4TwGTfTJjjQuibXQqVVhEdrm7WbCHbcERL7m4LYLY1DgPAHsmc3NIiajXzacRP9GMmfcBIHDmbWjyIde3Unew/132','2835671ff031c18cb181b1a199f86b01','954060498a28ba885c504d9e9234a009',NULL,'移动，红色，64G',2,3,4,NULL,NULL,NULL),
('1235083976722341891','1','2020-03-04 14:05:41','2020-03-04 14:05:41','0','1235082093857222658','1235082093941108739','1234102578905571330','JL','https://wx.qlogo.cn/mmopen/vi_32/Q0j4TwGTfTJjjQuibXQqVVhEdrm7WbCHbcERL7m4LYLY1DgPAHsmc3NIiajXzacRP9GMmfcBIHDmbWjyIde3Unew/132','4d06c5157cce971b89166e509cdf63e8','894b591741d425ca9c1b1579ce299a5b',NULL,'裸机',5,5,5,NULL,NULL,NULL),
('1245706897160433665','1','2020-04-02 21:37:23','2020-04-02 21:37:23','0','1245705213176737793','1245705213201903617','1240923176159866882','安安晨晨','https://wx.qlogo.cn/mmopen/vi_32/AwUmcUqcSemYAA1x0yAmvjtBIEh4GgxcrgwTGAQDAqRS7nmcia9OtOK8Q4onSubDYkqiazz8aUVuXcB16DTna7oQ/132','2835671ff031c18cb181b1a199f86b01','416ab6fc443778d2a9fc5e7f4a9b0e00',NULL,'电信，红色，64G',5,5,5,'哈站好的',NULL,NULL),
('1245707972265406465','1','2020-04-02 21:41:39','2020-04-02 21:41:39','0','1245693883183091714','1245693883241811969','1240923176159866882','安安晨晨','https://wx.qlogo.cn/mmopen/vi_32/AwUmcUqcSemYAA1x0yAmvjtBIEh4GgxcrgwTGAQDAqRS7nmcia9OtOK8Q4onSubDYkqiazz8aUVuXcB16DTna7oQ/132','4d06c5157cce971b89166e509cdf63e8','7cee91d08568afe4f8c2a7651f52be8b',NULL,'超值大礼包',5,5,5,'JOJO',NULL,NULL),
('1245985763091312642','1','2020-04-03 16:05:29','2020-04-03 16:05:29','0','1245702994784186370','1245702994842906625','1240923176159866882','安安晨晨','https://wx.qlogo.cn/mmopen/vi_32/AwUmcUqcSemYAA1x0yAmvjtBIEh4GgxcrgwTGAQDAqRS7nmcia9OtOK8Q4onSubDYkqiazz8aUVuXcB16DTna7oQ/132','2835671ff031c18cb181b1a199f86b01','5033e1f2bfa07231d1c2045392fa2f93',NULL,'移动，红色，32G',5,5,5,'好? ','xiexie ','2020-04-03 04:07:59'),
('1259659550065160194','1','2020-05-11 09:40:14','2020-05-11 09:40:14','0','1245691924053053442','1245691924061442049','1234102578905571330','JL','https://wx.qlogo.cn/mmopen/vi_32/Q0j4TwGTfTJjjQuibXQqVVhEdrm7WbCHbcERL7m4LYLY1DgPAHsmc3NIiajXzacRP9GMmfcBIHDmbWjyIde3Unew/132','4d06c5157cce971b89166e509cdf63e8','7cee91d08568afe4f8c2a7651f52be8b',NULL,'超值大礼包',4,3,5,'66666',NULL,NULL),
('1259660078677487618','1','2020-05-11 09:42:20','2020-05-11 09:42:20','0','1251893024465440770','1251893024507383810','1234102578905571330','JL','https://wx.qlogo.cn/mmopen/vi_32/Q0j4TwGTfTJjjQuibXQqVVhEdrm7WbCHbcERL7m4LYLY1DgPAHsmc3NIiajXzacRP9GMmfcBIHDmbWjyIde3Unew/132','4d06c5157cce971b89166e509cdf63e8','894b591741d425ca9c1b1579ce299a5b',NULL,'裸机',5,5,5,'yrturtu',NULL,NULL);

/*Table structure for table `goods_category` */

DROP TABLE IF EXISTS `goods_category`;

CREATE TABLE `goods_category` (
  `id` varchar(32) CHARACTER SET utf8mb4 COLLATE utf8mb4_0900_ai_ci NOT NULL COMMENT 'PK',
  `tenant_id` varchar(32) CHARACTER SET utf8mb4 COLLATE utf8mb4_0900_ai_ci NOT NULL COMMENT '所属租户',
  `parent_id` varchar(32) CHARACTER SET utf8mb4 COLLATE utf8mb4_0900_ai_ci DEFAULT NULL COMMENT '父分类编号',
  `name` varchar(16) CHARACTER SET utf8mb4 COLLATE utf8mb4_0900_ai_ci DEFAULT NULL COMMENT '名称',
  `description` varchar(255) CHARACTER SET utf8mb4 COLLATE utf8mb4_0900_ai_ci DEFAULT NULL COMMENT '描述',
  `pic_url` varchar(255) CHARACTER SET utf8mb4 COLLATE utf8mb4_0900_ai_ci DEFAULT NULL COMMENT '图片',
  `sort` smallint DEFAULT NULL COMMENT '排序',
  `create_time` datetime DEFAULT CURRENT_TIMESTAMP COMMENT '创建时间',
  `update_time` datetime DEFAULT CURRENT_TIMESTAMP ON UPDATE CURRENT_TIMESTAMP COMMENT '最后更新时间',
  `del_flag` char(2) CHARACTER SET utf8mb4 COLLATE utf8mb4_0900_ai_ci DEFAULT '0' COMMENT '逻辑删除标记（0：显示；1：隐藏）',
  PRIMARY KEY (`id`) USING BTREE,
  KEY `ids_tenant_id` (`tenant_id`) USING BTREE
) ENGINE=InnoDB DEFAULT CHARSET=utf8mb4 COLLATE=utf8mb4_0900_ai_ci ROW_FORMAT=DYNAMIC COMMENT='分类表';

/*Data for the table `goods_category` */

insert  into `goods_category`(`id`,`tenant_id`,`parent_id`,`name`,`description`,`pic_url`,`sort`,`create_time`,`update_time`,`del_flag`) values 
('07c4d5a53332888c5a59e81ebcff1933','1','0','生活电器','','http://aiforest-base-test.oss-cn-zhangjiakou.aliyuncs.com/%E5%AE%B6%E7%94%A8%E7%94%B5%E5%99%A8.png',6,'2019-09-27 14:24:40','2019-09-27 14:24:40','0'),
('0e2d6c17203e3d46ee5a1d0ca1eec715','1','31e2b38f810a89159411e43160afd0f9','数码相机','','http://aiforest-base-test.oss-cn-zhangjiakou.aliyuncs.com/%E6%95%B0%E7%A0%81%E7%9B%B8%E6%9C%BA.jpg',0,'2019-09-27 14:47:34','2019-09-27 14:47:34','0'),
('0f2aa8354eedb3b652b45e90efb54e27','1','9bb404548cc6513c1c148b532b6db720','苹果','','http://aiforest-base-test.oss-cn-zhangjiakou.aliyuncs.com/%E8%8B%B9%E6%9E%9C.jpg',4,'2019-08-24 22:19:16','2019-08-24 22:19:16','0'),
('1e26b32eda4e4d73d5b8ce21926f4a48','1','9bb404548cc6513c1c148b532b6db720','三星','','http://aiforest-base-test.oss-cn-zhangjiakou.aliyuncs.com/%E4%B8%89%E6%98%9F.png',6,'2019-08-24 22:19:43','2019-08-24 22:19:43','0'),
('1f09f987669ae343342f1ef9a3fe6cd0','1','f19e67b9a7863b37485f7f3cbec53fcf','耳麦','','http://aiforest-base-test.oss-cn-zhangjiakou.aliyuncs.com/%E8%80%B3%E6%9C%BA%E8%80%B3%E9%BA%A6.jpg',0,'2019-09-27 14:48:40','2019-09-27 14:48:40','0'),
('2239dfa1128dd7c88066040dc7dfa44a','1','d5a7b863c2759241ac571f5bc1b6239d','生活电池','','http://aiforest-base-test.oss-cn-zhangjiakou.aliyuncs.com/%E7%94%B5%E6%B1%A0.jpg',0,'2019-09-27 14:47:56','2019-09-27 14:47:56','0'),
('235a1554567c92073b0ee1bc8c6772ca','872f46d167f7428c8e9e252c17997fb5','0','的的','的的啊','https://aiforest-base-test.oss-cn-zhangjiakou.aliyuncs.com/872f46d167f7428c8e9e252c17997fb5/material/1f5377c7-3a83-4470-a629-52cc3203857c.jpg',1,'2019-12-16 20:55:07','2019-12-16 20:55:07','0'),
('2a5e644f2722dac1e677a61394eae980','1','07c4d5a53332888c5a59e81ebcff1933','吹风机','','http://aiforest-base-test.oss-cn-zhangjiakou.aliyuncs.com/%E5%90%B9%E9%A3%8E%E6%9C%BA.jpg',0,'2019-09-27 14:45:27','2019-09-27 14:45:27','0'),
('2e950da001186a809674e3d4a935b5c5','1','9bb404548cc6513c1c148b532b6db720','OPPO','','http://aiforest-base-test.oss-cn-zhangjiakou.aliyuncs.com/oppo.png',5,'2019-08-24 22:19:28','2019-08-24 22:19:28','0'),
('2f3ea9d7a46a40325fa6f713ac0a1d17','1','cfda0b45b229fa9f77c02464c9c694f0','机械键盘','','http://aiforest-base-test.oss-cn-zhangjiakou.aliyuncs.com/TB2VsugXGZPyuJjSspmXXX2IXXa_!!2510050218_gaitubao_.jpg',0,'2019-09-27 15:10:41','2019-09-27 15:10:41','0'),
('31e2b38f810a89159411e43160afd0f9','1','0','单反相机','','http://aiforest-base-test.oss-cn-zhangjiakou.aliyuncs.com/%E5%8D%95%E5%8F%8D%E7%9B%B8%E6%9C%BA.png',8,'2019-09-27 14:21:32','2019-09-27 14:21:32','0'),
('356ea44470f5ffff46f395256438c275','1','a31ddf2eb997d61bdb70375ffd364153','平板贴膜','','http://aiforest-base-test.oss-cn-zhangjiakou.aliyuncs.com/%E5%B9%B3%E6%9D%BF%E8%B4%B4%E8%86%9C.jpg',11,'2019-08-23 23:13:20','2019-08-23 23:13:20','0'),
('37cb876ae742945fea974ab0e281ae7f','1','cff988e342a4ed77ae64f0c9032159f5','扫地机器人','','http://aiforest-base-test.oss-cn-zhangjiakou.aliyuncs.com/%E6%89%AB%E5%9C%B0%E6%9C%BA%E5%99%A8%E4%BA%BA.jpg',0,'2019-09-27 14:46:44','2019-09-27 14:46:44','0'),
('3c8d3fd9400792e716814e7952f60e72','1','c60c5526496d5dd9e1f507c836473699','笔记本电脑','','http://aiforest-base-test.oss-cn-zhangjiakou.aliyuncs.com/%E7%AC%94%E8%AE%B0%E6%9C%AC%E7%94%B5%E8%84%91.jpg',0,'2019-09-27 14:14:24','2019-09-27 14:14:24','0'),
('4c0830479e930777902c8b3aa49ea53b','1','ccaafb0ae7ec4ade755b3f8cfa73b2db','保护壳/套','','http://aiforest-base-test.oss-cn-zhangjiakou.aliyuncs.com/%E6%89%8B%E6%9C%BA%E5%A3%B3.jpg',2,'2019-09-27 14:17:10','2019-09-27 14:17:10','0'),
('4d44df171be6d7d6ccb923270c6f0f25','1','e14a5fd83638e8b720cff2b62ec143cc','烤箱','','http://aiforest-base-test.oss-cn-zhangjiakou.aliyuncs.com/%E7%83%A4%E7%AE%B1_gaitubao_.jpg',0,'2019-09-27 14:45:59','2019-09-27 14:45:59','0'),
('4e4892411532de5d37054304ec08934e','1','ccaafb0ae7ec4ade755b3f8cfa73b2db','手机支架','','http://aiforest-base-test.oss-cn-zhangjiakou.aliyuncs.com/%E6%94%AF%E6%9E%B6.jpg',3,'2019-09-27 14:17:26','2019-09-27 14:17:26','0'),
('4ed2743ae2198f247b204cb08efcca44','1','0','智能手环','','http://aiforest-base-test.oss-cn-zhangjiakou.aliyuncs.com/%E6%99%BA%E8%83%BD%E6%89%8B%E7%8E%AF.png',13,'2019-09-27 14:22:14','2019-09-27 14:22:14','0'),
('522dbac5f593593a7c3722fc64b07359','1','a31ddf2eb997d61bdb70375ffd364153','支架','','http://aiforest-base-test.oss-cn-zhangjiakou.aliyuncs.com/%E6%94%AF%E6%9E%B6.jpg',10,'2019-08-23 23:13:05','2019-08-23 23:13:05','0'),
('75221e3d0f3cc0fbf9160536b38d326e','1','a31ddf2eb997d61bdb70375ffd364153','U盘','','http://aiforest-base-test.oss-cn-zhangjiakou.aliyuncs.com/u%E7%9B%981.png',5,'2019-08-23 23:05:42','2019-08-23 23:05:42','0'),
('7b936b3fe43c3c60df4618c86f542f1a','1','9bb404548cc6513c1c148b532b6db720','vivo','','http://aiforest-base-test.oss-cn-zhangjiakou.aliyuncs.com/vivo.jpg',8,'2019-08-24 22:20:35','2019-08-24 22:20:35','0'),
('81eafcfd718dc8ba8662aa94c249f6df','1','a31ddf2eb997d61bdb70375ffd364153','数码收纳','','http://aiforest-base-test.oss-cn-zhangjiakou.aliyuncs.com/%E6%95%B0%E7%A0%81%E6%94%B6%E7%BA%B3.jpg',7,'2019-08-23 23:06:24','2019-08-23 23:06:24','0'),
('8328db9dd6e9a4d6ef0956a649053cbf','1','0','摄影配件','','http://aiforest-base-test.oss-cn-zhangjiakou.aliyuncs.com/%E6%91%84%E5%BD%B1%E9%85%8D%E4%BB%B6%E9%95%BF%E5%9B%BE_gaitubao_.jpg',9,'2019-09-27 14:28:39','2019-09-27 14:28:39','0'),
('862a74f109f7f14bcbfff1d5adf73cdc','1','9bb404548cc6513c1c148b532b6db720','华为','','http://aiforest-base-test.oss-cn-zhangjiakou.aliyuncs.com/22.png',1,'2019-08-24 22:18:43','2019-08-24 22:18:43','0'),
('8722b34fd15ba8e6cb9f1754d09ec59c','1','a31ddf2eb997d61bdb70375ffd364153','数码保护套','','http://aiforest-base-test.oss-cn-zhangjiakou.aliyuncs.com/%E6%95%B0%E7%A0%81%E4%BF%9D%E6%8A%A4%E5%A5%97.jpg',3,'2019-08-23 23:05:14','2019-08-23 23:05:14','0'),
('8945e91422a84476cdd0a8361092ca44','1','ccaafb0ae7ec4ade755b3f8cfa73b2db','移动电源','','http://aiforest-base-test.oss-cn-zhangjiakou.aliyuncs.com/%E7%A7%BB%E5%8A%A8%E7%94%B5%E6%BA%901.jpg',0,'2019-09-27 14:16:35','2019-09-27 14:16:35','0'),
('8a3e5b7dd20542ce298758cc02bee1fd','1','f39dbb616d9ede9e353041bc1f35f459','手机内存卡','','http://aiforest-base-test.oss-cn-zhangjiakou.aliyuncs.com/595e02ccNf23b2553.jpg',0,'2019-09-27 14:49:12','2019-09-27 14:49:12','0'),
('8f47e312f90ff89e61b5a2c9e4a78459','1','9bb404548cc6513c1c148b532b6db720','honor','','http://aiforest-base-test.oss-cn-zhangjiakou.aliyuncs.com/%E8%8D%A3%E8%80%80.jpg',2,'2019-08-24 22:18:54','2019-08-24 22:18:54','0'),
('988f1af72652178159de1ec009ab8fb0','1','9bb404548cc6513c1c148b532b6db720','小米','','http://aiforest-base-test.oss-cn-zhangjiakou.aliyuncs.com/%E5%B0%8F%E7%B1%B3.jpg',3,'2019-08-24 22:19:03','2019-08-24 22:19:03','0'),
('9bb404548cc6513c1c148b532b6db720','1','0','手机','','http://aiforest-base-test.oss-cn-zhangjiakou.aliyuncs.com/%E6%89%8B%E6%9C%BA_gaitubao_467x243.jpg',0,'2019-08-23 23:23:05','2019-08-23 23:23:05','0'),
('a31ddf2eb997d61bdb70375ffd364153','1','0','数码配件','','http://aiforest-base-test.oss-cn-zhangjiakou.aliyuncs.com/%E6%95%B0%E7%A0%81_gaitubao_521x275.jpg',1,'2019-08-12 15:36:37','2019-08-12 18:32:21','0'),
('a629d3418f406d27dfdcde71670ffa0a','1','0','大家电','','http://aiforest-base-test.oss-cn-zhangjiakou.aliyuncs.com/%E5%BE%AE%E4%BF%A1%E6%88%AA%E5%9B%BE_20190824233956_gaitubao_567x275.jpg',5,'2019-08-12 15:23:08','2019-08-14 09:59:49','0'),
('a9acd965e1bf8c062edfa46b7f99203f','1','0','电脑周边','','http://aiforest-base-test.oss-cn-zhangjiakou.aliyuncs.com/%E7%94%B5%E8%84%91%E5%91%A8%E8%BE%B9.png',4,'2019-09-27 14:27:08','2019-09-27 14:27:08','0'),
('ade737abcb77d0cd880e0208a34027eb','1','a9acd965e1bf8c062edfa46b7f99203f','鼠标','','http://aiforest-base-test.oss-cn-zhangjiakou.aliyuncs.com/%E9%BC%A0%E6%A0%87.jpg',1,'2019-09-27 14:45:00','2019-09-27 14:45:00','0'),
('aee643fbb77dfeac433a275ff8d900d7','1','a31ddf2eb997d61bdb70375ffd364153','硬盘','','http://aiforest-base-test.oss-cn-zhangjiakou.aliyuncs.com/%E7%A1%AC%E7%9B%98.jpg',1,'2019-08-12 15:39:54','2019-08-12 15:39:54','0'),
('b077e1d31deace3aa871da9fedae35ad','1','ccaafb0ae7ec4ade755b3f8cfa73b2db','手机耳机','','http://aiforest-base-test.oss-cn-zhangjiakou.aliyuncs.com/%E8%80%B3%E6%9C%BA.jpg',1,'2019-09-27 14:16:52','2019-09-27 14:16:52','0'),
('b117a0d046a79337ec53bbf9e62b47f7','1','9bb404548cc6513c1c148b532b6db720','诺基亚','','http://aiforest-base-test.oss-cn-zhangjiakou.aliyuncs.com/%E8%AF%BA%E5%9F%BA%E4%BA%9A.jpg',7,'2019-08-24 22:19:59','2019-08-24 22:19:59','0'),
('c2731c7e8c6867d8a1168298e9e28c5b','1','a629d3418f406d27dfdcde71670ffa0a','洗衣机','','http://aiforest-base-test.oss-cn-zhangjiakou.aliyuncs.com/%E6%B4%97%E8%A1%A3%E6%9C%BA.jpg',2,'2019-08-24 22:04:29','2019-08-24 22:04:29','0'),
('c60c5526496d5dd9e1f507c836473699','1','0','电脑','','http://aiforest-base-test.oss-cn-zhangjiakou.aliyuncs.com/%E5%BE%AE%E4%BF%A1%E6%88%AA%E5%9B%BE_20190927151104.png',3,'2019-08-23 23:24:46','2019-08-23 23:24:46','0'),
('cab5358226cfb8b04199c0a63209e49e','1','8328db9dd6e9a4d6ef0956a649053cbf','脚架','','http://aiforest-base-test.oss-cn-zhangjiakou.aliyuncs.com/%E6%91%84%E5%BD%B1%E8%84%9A%E6%9E%B6.jpg',0,'2019-09-27 14:48:21','2019-09-27 14:48:21','0'),
('ccaafb0ae7ec4ade755b3f8cfa73b2db','1','0','手机配件','','http://aiforest-base-test.oss-cn-zhangjiakou.aliyuncs.com/%E6%89%8B%E6%9C%BA%E9%85%8D%E4%BB%B6.png',2,'2019-09-27 14:16:14','2019-09-27 14:16:14','0'),
('ce0192da5725a512b702ab2b3f7e5a1f','1','c60c5526496d5dd9e1f507c836473699','显示器','','http://aiforest-base-test.oss-cn-zhangjiakou.aliyuncs.com/%E6%98%BE%E7%A4%BA%E5%99%A8.jpg',1,'2019-09-27 14:14:38','2019-09-27 14:14:38','0'),
('cfda0b45b229fa9f77c02464c9c694f0','1','0','游戏设备','','http://aiforest-base-test.oss-cn-zhangjiakou.aliyuncs.com/%E6%B8%B8%E6%88%8F%E8%AE%BE%E5%A4%87.png',16,'2019-09-27 15:10:27','2019-09-27 15:10:27','0'),
('cff988e342a4ed77ae64f0c9032159f5','1','0','智能家居','','http://aiforest-base-test.oss-cn-zhangjiakou.aliyuncs.com/%E5%AE%B6%E7%94%A8%E6%99%BA%E8%83%BD.png',12,'2019-09-27 14:31:24','2019-09-27 14:31:24','0'),
('d4ecd80e6f3526dec6949027de971908','1','4ed2743ae2198f247b204cb08efcca44','智能手表','','http://aiforest-base-test.oss-cn-zhangjiakou.aliyuncs.com/%E6%99%BA%E8%83%BD%E6%89%8B%E8%A1%A8.jpg',0,'2019-09-27 14:48:55','2019-09-27 14:48:55','0'),
('d5a7b863c2759241ac571f5bc1b6239d','1','0','电池类','','http://aiforest-base-test.oss-cn-zhangjiakou.aliyuncs.com/%E7%94%B5%E6%B1%A0.png',14,'2019-09-27 14:40:55','2019-09-27 14:40:55','0'),
('d9b1af75073a44c78e3cd8a0c8525f44','1','c60c5526496d5dd9e1f507c836473699','平板电脑','','http://aiforest-base-test.oss-cn-zhangjiakou.aliyuncs.com/%E5%B9%B3%E6%9D%BF%E7%94%B5%E8%84%91.jpg',2,'2019-09-27 14:14:57','2019-09-27 14:14:57','0'),
('ddbe36b3a276020b92020f398e420895','1','a629d3418f406d27dfdcde71670ffa0a','冰箱','','http://aiforest-base-test.oss-cn-zhangjiakou.aliyuncs.com/%E5%86%B0%E7%AE%B1_gaitubao_383x383.jpg',0,'2019-08-12 15:40:33','2019-08-12 15:40:33','0'),
('e14a5fd83638e8b720cff2b62ec143cc','1','0','厨卫电器','','http://aiforest-base-test.oss-cn-zhangjiakou.aliyuncs.com/%E5%8E%A8%E5%8D%AB%E7%94%B5%E5%99%A8.png',7,'2019-09-27 14:24:31','2019-09-27 14:24:31','0'),
('ef0e1b94f209171cc9efbd04f8232a7b','1','a31ddf2eb997d61bdb70375ffd364153','USB周边','','http://aiforest-base-test.oss-cn-zhangjiakou.aliyuncs.com/usb%E5%91%A8%E8%BE%B9.jpg',4,'2019-08-23 23:05:29','2019-08-23 23:05:29','0'),
('f19e67b9a7863b37485f7f3cbec53fcf','1','0','影音电子','','http://aiforest-base-test.oss-cn-zhangjiakou.aliyuncs.com/%E9%9F%B3%E5%93%8D.png',9,'2019-09-27 14:26:37','2019-09-27 14:26:37','0'),
('f39dbb616d9ede9e353041bc1f35f459','1','0','储存卡','','http://aiforest-base-test.oss-cn-zhangjiakou.aliyuncs.com/%E5%82%A8%E5%AD%98%E5%8D%A1.png',15,'2019-09-27 14:42:10','2019-09-27 14:42:10','0');

/*Table structure for table `goods_sku` */

DROP TABLE IF EXISTS `goods_sku`;

CREATE TABLE `goods_sku` (
  `id` varchar(32) CHARACTER SET utf8mb4 COLLATE utf8mb4_0900_ai_ci NOT NULL COMMENT 'PK',
  `create_time` datetime NOT NULL DEFAULT CURRENT_TIMESTAMP COMMENT '创建时间',
  `update_time` timestamp NOT NULL DEFAULT CURRENT_TIMESTAMP ON UPDATE CURRENT_TIMESTAMP COMMENT '最后更新时间',
  `tenant_id` varchar(32) CHARACTER SET utf8mb4 COLLATE utf8mb4_0900_ai_ci NOT NULL COMMENT '所属租户',
  `sku_code` varchar(32) CHARACTER SET utf8mb4 COLLATE utf8mb4_0900_ai_ci DEFAULT NULL COMMENT 'sku编码',
  `spu_id` varchar(32) CHARACTER SET utf8mb4 COLLATE utf8mb4_0900_ai_ci NOT NULL COMMENT '商品Id',
  `pic_url` varchar(500) CHARACTER SET utf8mb4 COLLATE utf8mb4_0900_ai_ci DEFAULT '' COMMENT '图片',
  `sales_price` decimal(10,2) DEFAULT NULL COMMENT '销售价格',
  `market_price` decimal(10,2) DEFAULT NULL COMMENT '市场价',
  `cost_price` decimal(10,2) DEFAULT NULL COMMENT '成本价',
  `stock` int NOT NULL DEFAULT '0' COMMENT '库存',
  `weight` decimal(10,2) NOT NULL DEFAULT '0.00' COMMENT '重量（kg）',
  `volume` decimal(10,2) NOT NULL DEFAULT '0.00' COMMENT '体积（m³）',
  `enable` char(2) CHARACTER SET utf8mb4 COLLATE utf8mb4_0900_ai_ci NOT NULL DEFAULT '1' COMMENT '是否启用1、是；0否',
  `del_flag` char(2) CHARACTER SET utf8mb4 COLLATE utf8mb4_0900_ai_ci NOT NULL DEFAULT '0' COMMENT '逻辑删除标记（0：显示；1：隐藏）',
  `version` int DEFAULT '0' COMMENT '版本号',
  PRIMARY KEY (`id`) USING BTREE,
  KEY `ids_tenant_id` (`tenant_id`) USING BTREE
) ENGINE=InnoDB DEFAULT CHARSET=utf8mb4 COLLATE=utf8mb4_0900_ai_ci ROW_FORMAT=DYNAMIC COMMENT='sku表';

/*Data for the table `goods_sku` */

insert  into `goods_sku`(`id`,`create_time`,`update_time`,`tenant_id`,`sku_code`,`spu_id`,`pic_url`,`sales_price`,`market_price`,`cost_price`,`stock`,`weight`,`volume`,`enable`,`del_flag`,`version`) values 
('106c4dc9184da01ce15e26f4256560d4','2020-04-03 16:19:05','2020-04-03 16:19:05','1',NULL,'2835671ff031c18cb181b1a199f86b01','http://aiforest-base-test.oss-cn-zhangjiakou.aliyuncs.com/8.jpg',0.01,NULL,NULL,4,0.00,0.00,'1','0',0),
('10f415b0cd746ebf764acc3a6a4d13a2','2020-04-03 16:19:05','2020-04-03 16:19:05','1',NULL,'2835671ff031c18cb181b1a199f86b01','http://aiforest-base-test.oss-cn-zhangjiakou.aliyuncs.com/8.jpg',0.01,NULL,NULL,97,0.00,0.00,'1','0',0),
('1255382142633742338','2020-04-30 16:31:58','2020-04-30 16:31:58','1',NULL,'1255379800819601410','',0.00,NULL,NULL,0,0.00,0.00,'1','0',0),
('1255382142650519553','2020-04-30 16:31:58','2020-04-30 16:31:58','1',NULL,'1255379800819601410','',0.00,NULL,NULL,0,0.00,0.00,'1','0',0),
('1255382142650519554','2020-04-30 16:31:58','2020-04-30 16:31:58','1',NULL,'1255379800819601410','',0.00,NULL,NULL,0,0.00,0.00,'1','0',0),
('1255382142658908161','2020-04-30 16:31:58','2020-04-30 16:31:58','1',NULL,'1255379800819601410','',0.00,NULL,NULL,0,0.00,0.00,'1','0',0),
('1255382142667296769','2020-04-30 16:31:58','2020-04-30 16:31:58','1',NULL,'1255379800819601410','',0.00,NULL,NULL,0,0.00,0.00,'1','0',0),
('1255382142671491073','2020-04-30 16:31:58','2020-04-30 16:31:58','1',NULL,'1255379800819601410','',0.00,NULL,NULL,0,0.00,0.00,'1','0',0),
('1255382142679879682','2020-04-30 16:31:58','2020-04-30 16:31:58','1',NULL,'1255379800819601410','',0.00,NULL,NULL,0,0.00,0.00,'1','0',0),
('1255382142684073986','2020-04-30 16:31:58','2020-04-30 16:31:58','1',NULL,'1255379800819601410','',0.00,NULL,NULL,0,0.00,0.00,'1','0',0),
('1255382142692462593','2020-04-30 16:31:58','2020-04-30 16:31:58','1',NULL,'1255379800819601410','',0.00,NULL,NULL,0,0.00,0.00,'1','0',0),
('1255382142700851201','2020-04-30 16:31:58','2020-04-30 16:31:58','1',NULL,'1255379800819601410','',0.00,NULL,NULL,0,0.00,0.00,'1','0',0),
('1255382142713434114','2020-04-30 16:31:58','2020-04-30 16:31:58','1',NULL,'1255379800819601410','',0.00,NULL,NULL,0,0.00,0.00,'1','0',0),
('1255382142721822722','2020-04-30 16:31:58','2020-04-30 16:31:58','1',NULL,'1255379800819601410','',0.00,NULL,NULL,0,0.00,0.00,'1','0',0),
('1255382142726017025','2020-04-30 16:31:58','2020-04-30 16:31:58','1',NULL,'1255379800819601410','',0.00,NULL,NULL,0,0.00,0.00,'1','0',0),
('1255382142734405633','2020-04-30 16:31:58','2020-04-30 16:31:58','1',NULL,'1255379800819601410','',0.00,NULL,NULL,0,0.00,0.00,'1','0',0),
('1255382142738599938','2020-04-30 16:31:58','2020-04-30 16:31:58','1',NULL,'1255379800819601410','',0.00,NULL,NULL,0,0.00,0.00,'1','0',0),
('1255382142746988546','2020-04-30 16:31:58','2020-04-30 16:31:58','1',NULL,'1255379800819601410','',0.00,NULL,NULL,0,0.00,0.00,'1','0',0),
('1255382142755377154','2020-04-30 16:31:58','2020-04-30 16:31:58','1',NULL,'1255379800819601410','',0.00,NULL,NULL,0,0.00,0.00,'1','0',0),
('1255382142759571458','2020-04-30 16:31:58','2020-04-30 16:31:58','1',NULL,'1255379800819601410','',0.00,NULL,NULL,0,0.00,0.00,'1','0',0),
('1255382142767960066','2020-04-30 16:31:58','2020-04-30 16:31:58','1',NULL,'1255379800819601410','',0.00,NULL,NULL,0,0.00,0.00,'1','0',0),
('1255382142776348674','2020-04-30 16:31:58','2020-04-30 16:31:58','1',NULL,'1255379800819601410','',0.00,NULL,NULL,0,0.00,0.00,'1','0',0),
('1255382142784737282','2020-04-30 16:31:58','2020-04-30 16:31:58','1',NULL,'1255379800819601410','',0.00,NULL,NULL,0,0.00,0.00,'1','0',0),
('1255382142793125890','2020-04-30 16:31:58','2020-04-30 16:31:58','1',NULL,'1255379800819601410','',0.00,NULL,NULL,0,0.00,0.00,'1','0',0),
('1255382142793125891','2020-04-30 16:31:58','2020-04-30 16:31:58','1',NULL,'1255379800819601410','',0.00,NULL,NULL,0,0.00,0.00,'1','0',0),
('1255382142801514498','2020-04-30 16:31:58','2020-04-30 16:31:58','1',NULL,'1255379800819601410','',0.00,NULL,NULL,0,0.00,0.00,'1','0',0),
('1255382142809903106','2020-04-30 16:31:58','2020-04-30 16:31:58','1',NULL,'1255379800819601410','',0.00,NULL,NULL,0,0.00,0.00,'1','0',0),
('1255382142814097410','2020-04-30 16:31:58','2020-04-30 16:31:58','1',NULL,'1255379800819601410','',0.00,NULL,NULL,0,0.00,0.00,'1','0',0),
('1255382142814097411','2020-04-30 16:31:58','2020-04-30 16:31:58','1',NULL,'1255379800819601410','',0.00,NULL,NULL,0,0.00,0.00,'1','0',0),
('1255382142822486018','2020-04-30 16:31:58','2020-04-30 16:31:58','1',NULL,'1255379800819601410','',0.00,NULL,NULL,0,0.00,0.00,'1','0',0),
('1255382142830874626','2020-04-30 16:31:58','2020-04-30 16:31:58','1',NULL,'1255379800819601410','',0.00,NULL,NULL,0,0.00,0.00,'1','0',0),
('1255382142835068929','2020-04-30 16:31:58','2020-04-30 16:31:58','1',NULL,'1255379800819601410','',0.00,NULL,NULL,0,0.00,0.00,'1','0',0),
('1255382142847651842','2020-04-30 16:31:58','2020-04-30 16:31:58','1',NULL,'1255379800819601410','',0.00,NULL,NULL,0,0.00,0.00,'1','0',0),
('1255382142860234754','2020-04-30 16:31:58','2020-04-30 16:31:58','1',NULL,'1255379800819601410','',0.00,NULL,NULL,0,0.00,0.00,'1','0',0),
('1255382142868623361','2020-04-30 16:31:58','2020-04-30 16:31:58','1',NULL,'1255379800819601410','',0.00,NULL,NULL,0,0.00,0.00,'1','0',0),
('1255382142877011970','2020-04-30 16:31:58','2020-04-30 16:31:58','1',NULL,'1255379800819601410','',0.00,NULL,NULL,0,0.00,0.00,'1','0',0),
('1255382142881206273','2020-04-30 16:31:58','2020-04-30 16:31:58','1',NULL,'1255379800819601410','',0.00,NULL,NULL,0,0.00,0.00,'1','0',0),
('1255382142889594882','2020-04-30 16:31:58','2020-04-30 16:31:58','1',NULL,'1255379800819601410','',0.00,NULL,NULL,0,0.00,0.00,'1','0',0),
('1255382142897983489','2020-04-30 16:31:58','2020-04-30 16:31:58','1',NULL,'1255379800819601410','',0.00,NULL,NULL,0,0.00,0.00,'1','0',0),
('1255382142906372098','2020-04-30 16:31:58','2020-04-30 16:31:58','1',NULL,'1255379800819601410','',0.00,NULL,NULL,0,0.00,0.00,'1','0',0),
('1255382142914760706','2020-04-30 16:31:58','2020-04-30 16:31:58','1',NULL,'1255379800819601410','',0.00,NULL,NULL,0,0.00,0.00,'1','0',0),
('1255382142918955010','2020-04-30 16:31:58','2020-04-30 16:31:58','1',NULL,'1255379800819601410','',0.00,NULL,NULL,0,0.00,0.00,'1','0',0),
('1255382142927343617','2020-04-30 16:31:58','2020-04-30 16:31:58','1',NULL,'1255379800819601410','',0.00,NULL,NULL,0,0.00,0.00,'1','0',0),
('1255382142935732226','2020-04-30 16:31:58','2020-04-30 16:31:58','1',NULL,'1255379800819601410','',0.00,NULL,NULL,0,0.00,0.00,'1','0',0),
('1255382142944120833','2020-04-30 16:31:58','2020-04-30 16:31:58','1',NULL,'1255379800819601410','',0.00,NULL,NULL,0,0.00,0.00,'1','0',0),
('1255382142948315138','2020-04-30 16:31:58','2020-04-30 16:31:58','1',NULL,'1255379800819601410','',0.00,NULL,NULL,0,0.00,0.00,'1','0',0),
('1255382142956703746','2020-04-30 16:31:58','2020-04-30 16:31:58','1',NULL,'1255379800819601410','',0.00,NULL,NULL,0,0.00,0.00,'1','0',0),
('1255382142956703747','2020-04-30 16:31:58','2020-04-30 16:31:58','1',NULL,'1255379800819601410','',0.00,NULL,NULL,0,0.00,0.00,'1','0',0),
('1255382142965092354','2020-04-30 16:31:58','2020-04-30 16:31:58','1',NULL,'1255379800819601410','',0.00,NULL,NULL,0,0.00,0.00,'1','0',0),
('1255382142973480961','2020-04-30 16:31:58','2020-04-30 16:31:58','1',NULL,'1255379800819601410','',0.00,NULL,NULL,0,0.00,0.00,'1','0',0),
('1255382142981869570','2020-04-30 16:31:58','2020-04-30 16:31:58','1',NULL,'1255379800819601410','',0.00,NULL,NULL,0,0.00,0.00,'1','0',0),
('1255382142981869571','2020-04-30 16:31:58','2020-04-30 16:31:58','1',NULL,'1255379800819601410','',0.00,NULL,NULL,0,0.00,0.00,'1','0',0),
('1255382142990258178','2020-04-30 16:31:58','2020-04-30 16:31:58','1',NULL,'1255379800819601410','',0.00,NULL,NULL,0,0.00,0.00,'1','0',0),
('1255382142998646785','2020-04-30 16:31:58','2020-04-30 16:31:58','1',NULL,'1255379800819601410','',0.00,NULL,NULL,0,0.00,0.00,'1','0',0),
('1255382143007035393','2020-04-30 16:31:58','2020-04-30 16:31:58','1',NULL,'1255379800819601410','',0.00,NULL,NULL,0,0.00,0.00,'1','0',0),
('1255382143011229697','2020-04-30 16:31:58','2020-04-30 16:31:58','1',NULL,'1255379800819601410','',0.00,NULL,NULL,0,0.00,0.00,'1','0',0),
('1255382143019618306','2020-04-30 16:31:58','2020-04-30 16:31:58','1',NULL,'1255379800819601410','',0.00,NULL,NULL,0,0.00,0.00,'1','0',0),
('1255382143023812610','2020-04-30 16:31:58','2020-04-30 16:31:58','1',NULL,'1255379800819601410','',0.00,NULL,NULL,0,0.00,0.00,'1','0',0),
('1255382143032201217','2020-04-30 16:31:58','2020-04-30 16:31:58','1',NULL,'1255379800819601410','',0.00,NULL,NULL,0,0.00,0.00,'1','0',0),
('1255382143040589826','2020-04-30 16:31:58','2020-04-30 16:31:58','1',NULL,'1255379800819601410','',0.00,NULL,NULL,0,0.00,0.00,'1','0',0),
('1255382143040589827','2020-04-30 16:31:58','2020-04-30 16:31:58','1',NULL,'1255379800819601410','',0.00,NULL,NULL,0,0.00,0.00,'1','0',0),
('1255382143048978434','2020-04-30 16:31:58','2020-04-30 16:31:58','1',NULL,'1255379800819601410','',0.00,NULL,NULL,0,0.00,0.00,'1','0',0),
('1255382143057367041','2020-04-30 16:31:58','2020-04-30 16:31:58','1',NULL,'1255379800819601410','',0.00,NULL,NULL,0,0.00,0.00,'1','0',0),
('1255382143065755650','2020-04-30 16:31:58','2020-04-30 16:31:58','1',NULL,'1255379800819601410','',0.00,NULL,NULL,0,0.00,0.00,'1','0',0),
('1255382143074144257','2020-04-30 16:31:59','2020-04-30 16:31:59','1',NULL,'1255379800819601410','',0.00,NULL,NULL,0,0.00,0.00,'1','0',0),
('1255382143078338562','2020-04-30 16:31:59','2020-04-30 16:31:59','1',NULL,'1255379800819601410','',0.00,NULL,NULL,0,0.00,0.00,'1','0',0),
('1255382143086727169','2020-04-30 16:31:59','2020-04-30 16:31:59','1',NULL,'1255379800819601410','',0.00,NULL,NULL,0,0.00,0.00,'1','0',0),
('1255382143086727170','2020-04-30 16:31:59','2020-04-30 16:31:59','1',NULL,'1255379800819601410','',0.00,NULL,NULL,0,0.00,0.00,'1','0',0),
('1255382143095115778','2020-04-30 16:31:59','2020-04-30 16:31:59','1',NULL,'1255379800819601410','',0.00,NULL,NULL,0,0.00,0.00,'1','0',0),
('1255382143103504385','2020-04-30 16:31:59','2020-04-30 16:31:59','1',NULL,'1255379800819601410','',0.00,NULL,NULL,0,0.00,0.00,'1','0',0),
('1255382143103504386','2020-04-30 16:31:59','2020-04-30 16:31:59','1',NULL,'1255379800819601410','',0.00,NULL,NULL,0,0.00,0.00,'1','0',0),
('1255382143111892994','2020-04-30 16:31:59','2020-04-30 16:31:59','1',NULL,'1255379800819601410','',0.00,NULL,NULL,0,0.00,0.00,'1','0',0),
('1255382143120281602','2020-04-30 16:31:59','2020-04-30 16:31:59','1',NULL,'1255379800819601410','',0.00,NULL,NULL,0,0.00,0.00,'1','0',0),
('1255382143128670210','2020-04-30 16:31:59','2020-04-30 16:31:59','1',NULL,'1255379800819601410','',0.00,NULL,NULL,0,0.00,0.00,'1','0',0),
('1255382143128670211','2020-04-30 16:31:59','2020-04-30 16:31:59','1',NULL,'1255379800819601410','',0.00,NULL,NULL,0,0.00,0.00,'1','0',0),
('1255382143137058817','2020-04-30 16:31:59','2020-04-30 16:31:59','1',NULL,'1255379800819601410','',0.00,NULL,NULL,0,0.00,0.00,'1','0',0),
('1255382143145447425','2020-04-30 16:31:59','2020-04-30 16:31:59','1',NULL,'1255379800819601410','',0.00,NULL,NULL,0,0.00,0.00,'1','0',0),
('1255382143153836034','2020-04-30 16:31:59','2020-04-30 16:31:59','1',NULL,'1255379800819601410','',0.00,NULL,NULL,0,0.00,0.00,'1','0',0),
('1255382143158030337','2020-04-30 16:31:59','2020-04-30 16:31:59','1',NULL,'1255379800819601410','',0.00,NULL,NULL,0,0.00,0.00,'1','0',0),
('1255382143166418946','2020-04-30 16:31:59','2020-04-30 16:31:59','1',NULL,'1255379800819601410','',0.00,NULL,NULL,0,0.00,0.00,'1','0',0),
('1255382143166418947','2020-04-30 16:31:59','2020-04-30 16:31:59','1',NULL,'1255379800819601410','',0.00,NULL,NULL,0,0.00,0.00,'1','0',0),
('1255382143174807554','2020-04-30 16:31:59','2020-04-30 16:31:59','1',NULL,'1255379800819601410','',0.00,NULL,NULL,0,0.00,0.00,'1','0',0),
('1255382143183196162','2020-04-30 16:31:59','2020-04-30 16:31:59','1',NULL,'1255379800819601410','',0.00,NULL,NULL,0,0.00,0.00,'1','0',0),
('1255382143191584769','2020-04-30 16:31:59','2020-04-30 16:31:59','1',NULL,'1255379800819601410','',0.00,NULL,NULL,0,0.00,0.00,'1','0',0),
('1255382143191584770','2020-04-30 16:31:59','2020-04-30 16:31:59','1',NULL,'1255379800819601410','',0.00,NULL,NULL,0,0.00,0.00,'1','0',0),
('1255382143208361986','2020-04-30 16:31:59','2020-04-30 16:31:59','1',NULL,'1255379800819601410','',0.00,NULL,NULL,0,0.00,0.00,'1','0',0),
('1255382143216750594','2020-04-30 16:31:59','2020-04-30 16:31:59','1',NULL,'1255379800819601410','',0.00,NULL,NULL,0,0.00,0.00,'1','0',0),
('1255382143225139202','2020-04-30 16:31:59','2020-04-30 16:31:59','1',NULL,'1255379800819601410','',0.00,NULL,NULL,0,0.00,0.00,'1','0',0),
('1255382143225139203','2020-04-30 16:31:59','2020-04-30 16:31:59','1',NULL,'1255379800819601410','',0.00,NULL,NULL,0,0.00,0.00,'1','0',0),
('1255382143233527809','2020-04-30 16:31:59','2020-04-30 16:31:59','1',NULL,'1255379800819601410','',0.00,NULL,NULL,0,0.00,0.00,'1','0',0),
('1255382143237722114','2020-04-30 16:31:59','2020-04-30 16:31:59','1',NULL,'1255379800819601410','',0.00,NULL,NULL,0,0.00,0.00,'1','0',0),
('1255382143246110722','2020-04-30 16:31:59','2020-04-30 16:31:59','1',NULL,'1255379800819601410','',0.00,NULL,NULL,0,0.00,0.00,'1','0',0),
('1255382143254499329','2020-04-30 16:31:59','2020-04-30 16:31:59','1',NULL,'1255379800819601410','',0.00,NULL,NULL,0,0.00,0.00,'1','0',0),
('1255382143254499330','2020-04-30 16:31:59','2020-04-30 16:31:59','1',NULL,'1255379800819601410','',0.00,NULL,NULL,0,0.00,0.00,'1','0',0),
('1255382143262887938','2020-04-30 16:31:59','2020-04-30 16:31:59','1',NULL,'1255379800819601410','',0.00,NULL,NULL,0,0.00,0.00,'1','0',0),
('1255382143271276545','2020-04-30 16:31:59','2020-04-30 16:31:59','1',NULL,'1255379800819601410','',0.00,NULL,NULL,0,0.00,0.00,'1','0',0),
('1255382143279665153','2020-04-30 16:31:59','2020-04-30 16:31:59','1',NULL,'1255379800819601410','',0.00,NULL,NULL,0,0.00,0.00,'1','0',0),
('1255382143283859458','2020-04-30 16:31:59','2020-04-30 16:31:59','1',NULL,'1255379800819601410','',0.00,NULL,NULL,0,0.00,0.00,'1','0',0),
('1255382143292248065','2020-04-30 16:31:59','2020-04-30 16:31:59','1',NULL,'1255379800819601410','',0.00,NULL,NULL,0,0.00,0.00,'1','0',0),
('1255382143296442370','2020-04-30 16:31:59','2020-04-30 16:31:59','1',NULL,'1255379800819601410','',0.00,NULL,NULL,0,0.00,0.00,'1','0',0),
('1255382143296442371','2020-04-30 16:31:59','2020-04-30 16:31:59','1',NULL,'1255379800819601410','',0.00,NULL,NULL,0,0.00,0.00,'1','0',0),
('1255382143304830977','2020-04-30 16:31:59','2020-04-30 16:31:59','1',NULL,'1255379800819601410','',0.00,NULL,NULL,0,0.00,0.00,'1','0',0),
('1255382143313219585','2020-04-30 16:31:59','2020-04-30 16:31:59','1',NULL,'1255379800819601410','',0.00,NULL,NULL,0,0.00,0.00,'1','0',0),
('1255382143321608194','2020-04-30 16:31:59','2020-04-30 16:31:59','1',NULL,'1255379800819601410','',0.00,NULL,NULL,0,0.00,0.00,'1','0',0),
('1255382143321608195','2020-04-30 16:31:59','2020-04-30 16:31:59','1',NULL,'1255379800819601410','',0.00,NULL,NULL,0,0.00,0.00,'1','0',0),
('1255382143338385410','2020-04-30 16:31:59','2020-04-30 16:31:59','1',NULL,'1255379800819601410','',0.00,NULL,NULL,0,0.00,0.00,'1','0',0),
('1255382143346774018','2020-04-30 16:31:59','2020-04-30 16:31:59','1',NULL,'1255379800819601410','',0.00,NULL,NULL,0,0.00,0.00,'1','0',0),
('1255382143350968322','2020-04-30 16:31:59','2020-04-30 16:31:59','1',NULL,'1255379800819601410','',0.00,NULL,NULL,0,0.00,0.00,'1','0',0),
('1255382143359356930','2020-04-30 16:31:59','2020-04-30 16:31:59','1',NULL,'1255379800819601410','',0.00,NULL,NULL,0,0.00,0.00,'1','0',0),
('1255382143371939841','2020-04-30 16:31:59','2020-04-30 16:31:59','1',NULL,'1255379800819601410','',0.00,NULL,NULL,0,0.00,0.00,'1','0',0),
('1255382143371939842','2020-04-30 16:31:59','2020-04-30 16:31:59','1',NULL,'1255379800819601410','',0.00,NULL,NULL,0,0.00,0.00,'1','0',0),
('1255382143388717057','2020-04-30 16:31:59','2020-04-30 16:31:59','1',NULL,'1255379800819601410','',0.00,NULL,NULL,0,0.00,0.00,'1','0',0),
('1255382143388717058','2020-04-30 16:31:59','2020-04-30 16:31:59','1',NULL,'1255379800819601410','',0.00,NULL,NULL,0,0.00,0.00,'1','0',0),
('1255382143401299970','2020-04-30 16:31:59','2020-04-30 16:31:59','1',NULL,'1255379800819601410','',0.00,NULL,NULL,0,0.00,0.00,'1','0',0),
('1255382143409688578','2020-04-30 16:31:59','2020-04-30 16:31:59','1',NULL,'1255379800819601410','',0.00,NULL,NULL,0,0.00,0.00,'1','0',0),
('1255382143413882882','2020-04-30 16:31:59','2020-04-30 16:31:59','1',NULL,'1255379800819601410','',0.00,NULL,NULL,0,0.00,0.00,'1','0',0),
('1255382143422271490','2020-04-30 16:31:59','2020-04-30 16:31:59','1',NULL,'1255379800819601410','',0.00,NULL,NULL,0,0.00,0.00,'1','0',0),
('1255382143426465794','2020-04-30 16:31:59','2020-04-30 16:31:59','1',NULL,'1255379800819601410','',0.00,NULL,NULL,0,0.00,0.00,'1','0',0),
('1255382143434854401','2020-04-30 16:31:59','2020-04-30 16:31:59','1',NULL,'1255379800819601410','',0.00,NULL,NULL,0,0.00,0.00,'1','0',0),
('1255382143439048706','2020-04-30 16:31:59','2020-04-30 16:31:59','1',NULL,'1255379800819601410','',0.00,NULL,NULL,0,0.00,0.00,'1','0',0),
('1255382143447437314','2020-04-30 16:31:59','2020-04-30 16:31:59','1',NULL,'1255379800819601410','',0.00,NULL,NULL,0,0.00,0.00,'1','0',0),
('1255382143451631618','2020-04-30 16:31:59','2020-04-30 16:31:59','1',NULL,'1255379800819601410','',0.00,NULL,NULL,0,0.00,0.00,'1','0',0),
('1255382143460020225','2020-04-30 16:31:59','2020-04-30 16:31:59','1',NULL,'1255379800819601410','',0.00,NULL,NULL,0,0.00,0.00,'1','0',0),
('1255382143464214530','2020-04-30 16:31:59','2020-04-30 16:31:59','1',NULL,'1255379800819601410','',0.00,NULL,NULL,0,0.00,0.00,'1','0',0),
('1255382143472603138','2020-04-30 16:31:59','2020-04-30 16:31:59','1',NULL,'1255379800819601410','',0.00,NULL,NULL,0,0.00,0.00,'1','0',0),
('1255382143476797441','2020-04-30 16:31:59','2020-04-30 16:31:59','1',NULL,'1255379800819601410','',0.00,NULL,NULL,0,0.00,0.00,'1','0',0),
('1255382143485186050','2020-04-30 16:31:59','2020-04-30 16:31:59','1',NULL,'1255379800819601410','',0.00,NULL,NULL,0,0.00,0.00,'1','0',0),
('1255382143497768962','2020-04-30 16:31:59','2020-04-30 16:31:59','1',NULL,'1255379800819601410','',0.00,NULL,NULL,0,0.00,0.00,'1','0',0),
('1255382143497768963','2020-04-30 16:31:59','2020-04-30 16:31:59','1',NULL,'1255379800819601410','',0.00,NULL,NULL,0,0.00,0.00,'1','0',0),
('1255382143506157570','2020-04-30 16:31:59','2020-04-30 16:31:59','1',NULL,'1255379800819601410','',0.00,NULL,NULL,0,0.00,0.00,'1','0',0),
('1255382143514546177','2020-04-30 16:31:59','2020-04-30 16:31:59','1',NULL,'1255379800819601410','',0.00,NULL,NULL,0,0.00,0.00,'1','0',0),
('1255382143518740481','2020-04-30 16:31:59','2020-04-30 16:31:59','1',NULL,'1255379800819601410','',0.00,NULL,NULL,0,0.00,0.00,'1','0',0),
('1255382143581655041','2020-04-30 16:31:59','2020-04-30 16:31:59','1',NULL,'1255379800819601410','',0.00,NULL,NULL,0,0.00,0.00,'1','0',0),
('1255382143590043649','2020-04-30 16:31:59','2020-04-30 16:31:59','1',NULL,'1255379800819601410','',0.00,NULL,NULL,0,0.00,0.00,'1','0',0),
('1255382143590043650','2020-04-30 16:31:59','2020-04-30 16:31:59','1',NULL,'1255379800819601410','',0.00,NULL,NULL,0,0.00,0.00,'1','0',0),
('1255382143598432257','2020-04-30 16:31:59','2020-04-30 16:31:59','1',NULL,'1255379800819601410','',0.00,NULL,NULL,0,0.00,0.00,'1','0',0),
('1255382143606820865','2020-04-30 16:31:59','2020-04-30 16:31:59','1',NULL,'1255379800819601410','',0.00,NULL,NULL,0,0.00,0.00,'1','0',0),
('1255382143615209474','2020-04-30 16:31:59','2020-04-30 16:31:59','1',NULL,'1255379800819601410','',0.00,NULL,NULL,0,0.00,0.00,'1','0',0),
('1255382143615209475','2020-04-30 16:31:59','2020-04-30 16:31:59','1',NULL,'1255379800819601410','',0.00,NULL,NULL,0,0.00,0.00,'1','0',0),
('1255382143623598082','2020-04-30 16:31:59','2020-04-30 16:31:59','1',NULL,'1255379800819601410','',0.00,NULL,NULL,0,0.00,0.00,'1','0',0),
('1255382143631986690','2020-04-30 16:31:59','2020-04-30 16:31:59','1',NULL,'1255379800819601410','',0.00,NULL,NULL,0,0.00,0.00,'1','0',0),
('1255382143636180993','2020-04-30 16:31:59','2020-04-30 16:31:59','1',NULL,'1255379800819601410','',0.00,NULL,NULL,0,0.00,0.00,'1','0',0),
('1255382143644569602','2020-04-30 16:31:59','2020-04-30 16:31:59','1',NULL,'1255379800819601410','',0.00,NULL,NULL,0,0.00,0.00,'1','0',0),
('1255382143648763906','2020-04-30 16:31:59','2020-04-30 16:31:59','1',NULL,'1255379800819601410','',0.00,NULL,NULL,0,0.00,0.00,'1','0',0),
('1255382143657152514','2020-04-30 16:31:59','2020-04-30 16:31:59','1',NULL,'1255379800819601410','',0.00,NULL,NULL,0,0.00,0.00,'1','0',0),
('1255382143657152515','2020-04-30 16:31:59','2020-04-30 16:31:59','1',NULL,'1255379800819601410','',0.00,NULL,NULL,0,0.00,0.00,'1','0',0),
('1255382143665541121','2020-04-30 16:31:59','2020-04-30 16:31:59','1',NULL,'1255379800819601410','',0.00,NULL,NULL,0,0.00,0.00,'1','0',0),
('1255382143673929730','2020-04-30 16:31:59','2020-04-30 16:31:59','1',NULL,'1255379800819601410','',0.00,NULL,NULL,0,0.00,0.00,'1','0',0),
('1255382143682318338','2020-04-30 16:31:59','2020-04-30 16:31:59','1',NULL,'1255379800819601410','',0.00,NULL,NULL,0,0.00,0.00,'1','0',0),
('1255382143682318339','2020-04-30 16:31:59','2020-04-30 16:31:59','1',NULL,'1255379800819601410','',0.00,NULL,NULL,0,0.00,0.00,'1','0',0),
('1255382143690706945','2020-04-30 16:31:59','2020-04-30 16:31:59','1',NULL,'1255379800819601410','',0.00,NULL,NULL,0,0.00,0.00,'1','0',0),
('1255382143703289858','2020-04-30 16:31:59','2020-04-30 16:31:59','1',NULL,'1255379800819601410','',0.00,NULL,NULL,0,0.00,0.00,'1','0',0),
('1255382143703289859','2020-04-30 16:31:59','2020-04-30 16:31:59','1',NULL,'1255379800819601410','',0.00,NULL,NULL,0,0.00,0.00,'1','0',0),
('1255382143711678466','2020-04-30 16:31:59','2020-04-30 16:31:59','1',NULL,'1255379800819601410','',0.00,NULL,NULL,0,0.00,0.00,'1','0',0),
('1255382143720067074','2020-04-30 16:31:59','2020-04-30 16:31:59','1',NULL,'1255379800819601410','',0.00,NULL,NULL,0,0.00,0.00,'1','0',0),
('1255382143720067075','2020-04-30 16:31:59','2020-04-30 16:31:59','1',NULL,'1255379800819601410','',0.00,NULL,NULL,0,0.00,0.00,'1','0',0),
('1255382143728455681','2020-04-30 16:31:59','2020-04-30 16:31:59','1',NULL,'1255379800819601410','',0.00,NULL,NULL,0,0.00,0.00,'1','0',0),
('1255382143736844289','2020-04-30 16:31:59','2020-04-30 16:31:59','1',NULL,'1255379800819601410','',0.00,NULL,NULL,0,0.00,0.00,'1','0',0),
('1255382143741038593','2020-04-30 16:31:59','2020-04-30 16:31:59','1',NULL,'1255379800819601410','',0.00,NULL,NULL,0,0.00,0.00,'1','0',0),
('1255382143741038594','2020-04-30 16:31:59','2020-04-30 16:31:59','1',NULL,'1255379800819601410','',0.00,NULL,NULL,0,0.00,0.00,'1','0',0),
('1255382143749427202','2020-04-30 16:31:59','2020-04-30 16:31:59','1',NULL,'1255379800819601410','',0.00,NULL,NULL,0,0.00,0.00,'1','0',0),
('1255382143762010113','2020-04-30 16:31:59','2020-04-30 16:31:59','1',NULL,'1255379800819601410','',0.00,NULL,NULL,0,0.00,0.00,'1','0',0),
('1255382143766204418','2020-04-30 16:31:59','2020-04-30 16:31:59','1',NULL,'1255379800819601410','',0.00,NULL,NULL,0,0.00,0.00,'1','0',0),
('1255382143774593026','2020-04-30 16:31:59','2020-04-30 16:31:59','1',NULL,'1255379800819601410','',0.00,NULL,NULL,0,0.00,0.00,'1','0',0),
('1255382143782981634','2020-04-30 16:31:59','2020-04-30 16:31:59','1',NULL,'1255379800819601410','',0.00,NULL,NULL,0,0.00,0.00,'1','0',0),
('1255382143782981635','2020-04-30 16:31:59','2020-04-30 16:31:59','1',NULL,'1255379800819601410','',0.00,NULL,NULL,0,0.00,0.00,'1','0',0),
('1255382143791370241','2020-04-30 16:31:59','2020-04-30 16:31:59','1',NULL,'1255379800819601410','',0.00,NULL,NULL,0,0.00,0.00,'1','0',0),
('1255382143799758849','2020-04-30 16:31:59','2020-04-30 16:31:59','1',NULL,'1255379800819601410','',0.00,NULL,NULL,0,0.00,0.00,'1','0',0),
('1255382143799758850','2020-04-30 16:31:59','2020-04-30 16:31:59','1',NULL,'1255379800819601410','',0.00,NULL,NULL,0,0.00,0.00,'1','0',0),
('1255382143803953153','2020-04-30 16:31:59','2020-04-30 16:31:59','1',NULL,'1255379800819601410','',0.00,NULL,NULL,0,0.00,0.00,'1','0',0),
('1255382143812341762','2020-04-30 16:31:59','2020-04-30 16:31:59','1',NULL,'1255379800819601410','',0.00,NULL,NULL,0,0.00,0.00,'1','0',0),
('1255382143812341763','2020-04-30 16:31:59','2020-04-30 16:31:59','1',NULL,'1255379800819601410','',0.00,NULL,NULL,0,0.00,0.00,'1','0',0),
('1255382143820730370','2020-04-30 16:31:59','2020-04-30 16:31:59','1',NULL,'1255379800819601410','',0.00,NULL,NULL,0,0.00,0.00,'1','0',0),
('1255382143829118978','2020-04-30 16:31:59','2020-04-30 16:31:59','1',NULL,'1255379800819601410','',0.00,NULL,NULL,0,0.00,0.00,'1','0',0),
('1255382143837507586','2020-04-30 16:31:59','2020-04-30 16:31:59','1',NULL,'1255379800819601410','',0.00,NULL,NULL,0,0.00,0.00,'1','0',0),
('1255382143845896194','2020-04-30 16:31:59','2020-04-30 16:31:59','1',NULL,'1255379800819601410','',0.00,NULL,NULL,0,0.00,0.00,'1','0',0),
('1255382143850090498','2020-04-30 16:31:59','2020-04-30 16:31:59','1',NULL,'1255379800819601410','',0.00,NULL,NULL,0,0.00,0.00,'1','0',0),
('1255382143858479106','2020-04-30 16:31:59','2020-04-30 16:31:59','1',NULL,'1255379800819601410','',0.00,NULL,NULL,0,0.00,0.00,'1','0',0),
('1255382143858479107','2020-04-30 16:31:59','2020-04-30 16:31:59','1',NULL,'1255379800819601410','',0.00,NULL,NULL,0,0.00,0.00,'1','0',0),
('1255382143866867713','2020-04-30 16:31:59','2020-04-30 16:31:59','1',NULL,'1255379800819601410','',0.00,NULL,NULL,0,0.00,0.00,'1','0',0),
('1255382143875256321','2020-04-30 16:31:59','2020-04-30 16:31:59','1',NULL,'1255379800819601410','',0.00,NULL,NULL,0,0.00,0.00,'1','0',0),
('1255382143875256322','2020-04-30 16:31:59','2020-04-30 16:31:59','1',NULL,'1255379800819601410','',0.00,NULL,NULL,0,0.00,0.00,'1','0',0),
('1255382143883644929','2020-04-30 16:31:59','2020-04-30 16:31:59','1',NULL,'1255379800819601410','',0.00,NULL,NULL,0,0.00,0.00,'1','0',0),
('1255382143892033538','2020-04-30 16:31:59','2020-04-30 16:31:59','1',NULL,'1255379800819601410','',0.00,NULL,NULL,0,0.00,0.00,'1','0',0),
('1255382143904616450','2020-04-30 16:31:59','2020-04-30 16:31:59','1',NULL,'1255379800819601410','',0.00,NULL,NULL,0,0.00,0.00,'1','0',0),
('1255382143908810753','2020-04-30 16:31:59','2020-04-30 16:31:59','1',NULL,'1255379800819601410','',0.00,NULL,NULL,0,0.00,0.00,'1','0',0),
('1255382143917199361','2020-04-30 16:31:59','2020-04-30 16:31:59','1',NULL,'1255379800819601410','',0.00,NULL,NULL,0,0.00,0.00,'1','0',0),
('1255382143925587969','2020-04-30 16:31:59','2020-04-30 16:31:59','1',NULL,'1255379800819601410','',0.00,NULL,NULL,0,0.00,0.00,'1','0',0),
('1255382143933976577','2020-04-30 16:31:59','2020-04-30 16:31:59','1',NULL,'1255379800819601410','',0.00,NULL,NULL,0,0.00,0.00,'1','0',0),
('1255382143942365185','2020-04-30 16:31:59','2020-04-30 16:31:59','1',NULL,'1255379800819601410','',0.00,NULL,NULL,0,0.00,0.00,'1','0',0),
('1255382143950753793','2020-04-30 16:31:59','2020-04-30 16:31:59','1',NULL,'1255379800819601410','',0.00,NULL,NULL,0,0.00,0.00,'1','0',0),
('1255382143954948097','2020-04-30 16:31:59','2020-04-30 16:31:59','1',NULL,'1255379800819601410','',0.00,NULL,NULL,0,0.00,0.00,'1','0',0),
('1255382143967531009','2020-04-30 16:31:59','2020-04-30 16:31:59','1',NULL,'1255379800819601410','',0.00,NULL,NULL,0,0.00,0.00,'1','0',0),
('1255382143967531010','2020-04-30 16:31:59','2020-04-30 16:31:59','1',NULL,'1255379800819601410','',0.00,NULL,NULL,0,0.00,0.00,'1','0',0),
('25382fd4bb10ff4ca5b9000262e7b0e4','2019-12-16 20:59:16','2019-12-25 12:45:31','872f46d167f7428c8e9e252c17997fb5',NULL,'b13822de6c8ecddc06c167de4c054aeb','',8888.00,66666.00,555.00,5555,0.00,0.00,'1','0',0),
('278357f4667ba6677c9936e33b94bfdd','2020-04-04 21:36:43','2020-04-04 21:36:43','1',NULL,'6545a6fc2927edc195b93982f446917c','',5488.00,NULL,NULL,55,0.00,0.00,'1','0',0),
('2ab787084884a7169d5dd2b7a259c9cc','2019-12-16 20:59:16','2019-12-25 12:45:31','872f46d167f7428c8e9e252c17997fb5',NULL,'b13822de6c8ecddc06c167de4c054aeb','',8888.00,66666.00,555.00,5555,0.00,0.00,'1','0',0),
('2db22126dc5c251de13064fe12ebfb62','2020-05-08 21:50:35','2020-05-08 21:50:35','1',NULL,'87ec583e2883cbd2fd259f47ece0fe15','',3599.00,NULL,NULL,7,8.00,0.00,'1','0',0),
('3c56e0951df15b44cfc121cf61c33829','2020-04-04 21:36:43','2020-04-04 21:36:43','1',NULL,'6545a6fc2927edc195b93982f446917c','',4988.00,NULL,NULL,54,0.00,0.00,'1','0',2),
('401c62d0a62226e6209728629645677d','2020-05-08 21:50:35','2020-05-08 21:50:35','1',NULL,'87ec583e2883cbd2fd259f47ece0fe15','',3599.00,NULL,NULL,8,9.00,0.00,'1','0',0),
('416ab6fc443778d2a9fc5e7f4a9b0e00','2020-04-03 16:19:05','2020-04-03 16:19:05','1',NULL,'2835671ff031c18cb181b1a199f86b01','',2599.00,NULL,NULL,42,0.00,0.00,'1','0',0),
('445e36a6969f8ad3d50189ae93ffb648','2019-08-24 00:45:48','2019-12-25 12:45:31','1',NULL,'','',1560.00,NULL,NULL,5,0.00,0.00,'1','0',0),
('4bdae99ee87f891eba5ed92fefd6398e','2019-12-16 20:59:16','2019-12-25 12:45:31','872f46d167f7428c8e9e252c17997fb5',NULL,'b13822de6c8ecddc06c167de4c054aeb','',8888.00,66666.00,555.00,5555,0.00,0.00,'1','0',0),
('5002eafdeca30f4c590b3288de5fa217','2020-04-04 21:36:43','2020-04-04 21:36:43','1',NULL,'6545a6fc2927edc195b93982f446917c','',4988.00,NULL,NULL,92,0.00,0.00,'1','0',0),
('5033e1f2bfa07231d1c2045392fa2f93','2020-04-03 16:19:05','2020-04-03 16:19:05','1',NULL,'2835671ff031c18cb181b1a199f86b01','http://aiforest-base-test.oss-cn-zhangjiakou.aliyuncs.com/8.jpg',2000.00,NULL,NULL,88,0.00,0.00,'1','0',0),
('51ff5da47a14e61e32f01f06261fbb8a','2019-08-24 00:45:48','2019-12-25 12:45:31','1',NULL,'','',1508.00,NULL,NULL,5,0.00,0.00,'1','0',0),
('5a61a7876305b760efa8abe04b912a8b','2020-04-03 16:19:05','2020-04-03 16:19:05','1',NULL,'2835671ff031c18cb181b1a199f86b01','',0.01,NULL,NULL,4,0.00,0.00,'1','0',0),
('7cee91d08568afe4f8c2a7651f52be8b','2020-05-29 10:31:55','2020-05-29 10:31:55','1',NULL,'4d06c5157cce971b89166e509cdf63e8','https://aiforest-base-test.oss-cn-zhangjiakou.aliyuncs.com/1/material/61152cae-8dd2-4553-9992-33cd93075aff.gif',100.00,888.00,NULL,100,4.00,3.00,'1','0',0),
('7d194deff8da58f84a6fea43c0aaba6d','2019-12-16 20:59:16','2019-12-25 12:45:31','872f46d167f7428c8e9e252c17997fb5',NULL,'b13822de6c8ecddc06c167de4c054aeb','',8888.00,66666.00,555.00,5555,0.00,0.00,'1','0',0),
('7feea846da4bfd3e2dc1c5c41184cd40','2020-04-04 21:36:43','2020-04-04 21:36:43','1',NULL,'6545a6fc2927edc195b93982f446917c','',5488.00,NULL,NULL,66,0.00,0.00,'1','0',0),
('81f6520c7fd6a07c2085ed477401adc6','2019-12-16 20:59:16','2019-12-25 12:45:31','872f46d167f7428c8e9e252c17997fb5',NULL,'b13822de6c8ecddc06c167de4c054aeb','',8888.00,66666.00,555.00,5555,0.00,0.00,'1','0',0),
('8558b4f72eb78580e251f7b50351ba2f','2020-05-08 21:50:35','2020-05-08 21:50:35','1',NULL,'87ec583e2883cbd2fd259f47ece0fe15','',2799.00,NULL,NULL,7,6.00,0.00,'1','0',0),
('894b591741d425ca9c1b1579ce299a5b','2020-05-29 10:31:55','2020-05-29 10:31:55','1',NULL,'4d06c5157cce971b89166e509cdf63e8','https://aiforest-base-test.oss-cn-zhangjiakou.aliyuncs.com/1/material/0352cae9-2770-494e-9f08-97e474d90345.jpg',0.01,666.00,NULL,27,2.00,5.00,'1','0',6),
('8b3d9b08b33081b231e75ef5f0bf3705','2020-04-03 16:19:05','2020-04-03 16:19:05','1',NULL,'2835671ff031c18cb181b1a199f86b01','',1999.00,NULL,NULL,8,0.00,0.00,'1','0',0),
('9211ed74de18ec2d044377163ba6ad90','2020-05-08 21:50:35','2020-05-08 21:50:35','1',NULL,'87ec583e2883cbd2fd259f47ece0fe15','',3599.00,NULL,NULL,6,7.00,0.00,'1','0',0),
('954060498a28ba885c504d9e9234a009','2020-04-03 16:19:05','2020-04-03 16:19:05','1',NULL,'2835671ff031c18cb181b1a199f86b01','',0.01,NULL,NULL,99,0.00,0.00,'1','0',0),
('965bac3dbc101b6abe68b72469118f03','2019-12-28 21:38:26','2019-12-28 21:38:26','1',NULL,'2b48a2f35352a4d87d51d6dd03bb874e','',0.01,0.00,0.00,73,3.00,0.00,'1','0',0),
('a1c72bd9cd274406fbd8ee212f7fb583','2019-08-24 00:45:48','2019-12-25 12:45:31','1',NULL,'','',1500.00,NULL,NULL,5,0.00,0.00,'1','0',0),
('a93e101a5923bf5924a24353f9a93f62','2019-12-16 20:59:16','2019-12-25 12:45:31','872f46d167f7428c8e9e252c17997fb5',NULL,'b13822de6c8ecddc06c167de4c054aeb','',8888.00,66666.00,555.00,5555,0.00,0.00,'1','0',0),
('b139d9185833c938e4340e3a181b245a','2020-04-03 16:19:05','2020-04-03 16:19:05','1',NULL,'2835671ff031c18cb181b1a199f86b01','http://aiforest-base-test.oss-cn-zhangjiakou.aliyuncs.com/8.jpg',2000.00,NULL,NULL,7,0.00,0.00,'1','0',0),
('c43134d412ab15a0075a31d2b35f0838','2019-08-24 00:45:48','2019-12-25 12:45:31','1',NULL,'','',1200.00,NULL,NULL,5,0.00,0.00,'1','0',0),
('df566ba8600b4305606b87fe523a87f4','2019-08-24 00:45:48','2019-12-25 12:45:31','1',NULL,'','',1100.00,NULL,NULL,5,0.00,0.00,'1','0',0),
('e632fe2bf818837ec0f05903568a1c59','2019-08-24 00:45:48','2019-12-25 12:45:31','1',NULL,'','',1200.00,NULL,NULL,5,0.00,0.00,'1','0',0),
('eca0bf5189ba8192ccf5fc615970ea9d','2020-04-04 21:36:43','2020-04-04 21:36:43','1',NULL,'6545a6fc2927edc195b93982f446917c','',4988.00,NULL,NULL,87,0.00,0.00,'1','0',0),
('eea55f1c4ad3b9eb305c8b357c8fb46a','2020-05-08 21:50:35','2020-05-08 21:50:35','1',NULL,'87ec583e2883cbd2fd259f47ece0fe15','',2799.00,NULL,NULL,5,8.00,0.00,'1','0',0),
('f1e8f2b7de163c57cfd8920bd200a110','2019-08-24 00:45:48','2019-12-25 12:45:31','1',NULL,'','',1500.00,NULL,NULL,5,0.00,0.00,'1','0',0),
('f3b7f08030e448c0aaca6895e65aa5e9','2020-04-04 21:36:43','2020-04-04 21:36:43','1',NULL,'6545a6fc2927edc195b93982f446917c','',5488.00,NULL,NULL,6,0.00,0.00,'1','0',0),
('f42bda1c9215a878fd49360a7576c913','2020-05-08 21:50:35','2020-05-08 21:50:35','1',NULL,'87ec583e2883cbd2fd259f47ece0fe15','',2799.00,NULL,NULL,7,7.00,0.00,'1','0',0),
('f987f6a1f92babfeb6ecff2df7f6b899','2019-08-24 00:45:48','2019-12-25 12:45:31','1',NULL,'','',1201.00,NULL,NULL,5,0.00,0.00,'1','0',0);

/*Table structure for table `goods_sku_spec_value` */

DROP TABLE IF EXISTS `goods_sku_spec_value`;

CREATE TABLE `goods_sku_spec_value` (
  `id` varchar(32) CHARACTER SET utf8 COLLATE utf8_general_ci NOT NULL COMMENT 'PK',
  `tenant_id` varchar(32) CHARACTER SET utf8 COLLATE utf8_general_ci NOT NULL COMMENT '所属租户',
  `spu_id` varchar(32) CHARACTER SET utf8 COLLATE utf8_general_ci DEFAULT NULL COMMENT 'spu_id',
  `sku_id` varchar(32) CHARACTER SET utf8 COLLATE utf8_general_ci NOT NULL COMMENT 'sku_id',
  `spec_value_id` varchar(32) CHARACTER SET utf8 COLLATE utf8_general_ci NOT NULL COMMENT '规格值id',
  `create_time` datetime DEFAULT CURRENT_TIMESTAMP COMMENT '创建时间',
  `update_time` datetime DEFAULT NULL ON UPDATE CURRENT_TIMESTAMP COMMENT '更新时间',
  `sort` int DEFAULT NULL COMMENT '排序字段',
  PRIMARY KEY (`id`) USING BTREE,
  KEY `ids_tenant_id` (`tenant_id`) USING BTREE
) ENGINE=InnoDB DEFAULT CHARSET=utf8 ROW_FORMAT=DYNAMIC COMMENT='sku规格值';

/*Data for the table `goods_sku_spec_value` */

insert  into `goods_sku_spec_value`(`id`,`tenant_id`,`spu_id`,`sku_id`,`spec_value_id`,`create_time`,`update_time`,`sort`) values 
('1245989184036958209','1','2835671ff031c18cb181b1a199f86b01','416ab6fc443778d2a9fc5e7f4a9b0e00','5','2020-04-03 16:19:05',NULL,NULL),
('1245989184045346817','1','2835671ff031c18cb181b1a199f86b01','416ab6fc443778d2a9fc5e7f4a9b0e00','958aad754214368594a38428bc09defd','2020-04-03 16:19:05',NULL,NULL),
('1245989184045346818','1','2835671ff031c18cb181b1a199f86b01','416ab6fc443778d2a9fc5e7f4a9b0e00','1','2020-04-03 16:19:05',NULL,NULL),
('1245989184045346819','1','2835671ff031c18cb181b1a199f86b01','8b3d9b08b33081b231e75ef5f0bf3705','5','2020-04-03 16:19:05',NULL,NULL),
('1245989184045346820','1','2835671ff031c18cb181b1a199f86b01','8b3d9b08b33081b231e75ef5f0bf3705','958aad754214368594a38428bc09defd','2020-04-03 16:19:05',NULL,NULL),
('1245989184045346821','1','2835671ff031c18cb181b1a199f86b01','8b3d9b08b33081b231e75ef5f0bf3705','2','2020-04-03 16:19:05',NULL,NULL),
('1245989184045346822','1','2835671ff031c18cb181b1a199f86b01','10f415b0cd746ebf764acc3a6a4d13a2','5','2020-04-03 16:19:05',NULL,NULL),
('1245989184045346823','1','2835671ff031c18cb181b1a199f86b01','10f415b0cd746ebf764acc3a6a4d13a2','e14c2a907231c2bd0d484a9cdc1fb557','2020-04-03 16:19:05',NULL,NULL),
('1245989184045346824','1','2835671ff031c18cb181b1a199f86b01','10f415b0cd746ebf764acc3a6a4d13a2','1','2020-04-03 16:19:05',NULL,NULL),
('1245989184045346825','1','2835671ff031c18cb181b1a199f86b01','b139d9185833c938e4340e3a181b245a','5','2020-04-03 16:19:05',NULL,NULL),
('1245989184045346826','1','2835671ff031c18cb181b1a199f86b01','b139d9185833c938e4340e3a181b245a','e14c2a907231c2bd0d484a9cdc1fb557','2020-04-03 16:19:05',NULL,NULL),
('1245989184045346827','1','2835671ff031c18cb181b1a199f86b01','b139d9185833c938e4340e3a181b245a','2','2020-04-03 16:19:05',NULL,NULL),
('1245989184045346828','1','2835671ff031c18cb181b1a199f86b01','954060498a28ba885c504d9e9234a009','4','2020-04-03 16:19:05',NULL,NULL),
('1245989184045346829','1','2835671ff031c18cb181b1a199f86b01','954060498a28ba885c504d9e9234a009','958aad754214368594a38428bc09defd','2020-04-03 16:19:05',NULL,NULL),
('1245989184045346830','1','2835671ff031c18cb181b1a199f86b01','954060498a28ba885c504d9e9234a009','1','2020-04-03 16:19:05',NULL,NULL),
('1245989184045346831','1','2835671ff031c18cb181b1a199f86b01','5033e1f2bfa07231d1c2045392fa2f93','4','2020-04-03 16:19:05',NULL,NULL),
('1245989184045346832','1','2835671ff031c18cb181b1a199f86b01','5033e1f2bfa07231d1c2045392fa2f93','958aad754214368594a38428bc09defd','2020-04-03 16:19:05',NULL,NULL),
('1245989184045346833','1','2835671ff031c18cb181b1a199f86b01','5033e1f2bfa07231d1c2045392fa2f93','2','2020-04-03 16:19:05',NULL,NULL),
('1245989184045346834','1','2835671ff031c18cb181b1a199f86b01','5a61a7876305b760efa8abe04b912a8b','4','2020-04-03 16:19:05',NULL,NULL),
('1245989184045346835','1','2835671ff031c18cb181b1a199f86b01','5a61a7876305b760efa8abe04b912a8b','e14c2a907231c2bd0d484a9cdc1fb557','2020-04-03 16:19:05',NULL,NULL),
('1245989184045346836','1','2835671ff031c18cb181b1a199f86b01','5a61a7876305b760efa8abe04b912a8b','1','2020-04-03 16:19:05',NULL,NULL),
('1245989184053735426','1','2835671ff031c18cb181b1a199f86b01','106c4dc9184da01ce15e26f4256560d4','4','2020-04-03 16:19:05',NULL,NULL),
('1245989184053735427','1','2835671ff031c18cb181b1a199f86b01','106c4dc9184da01ce15e26f4256560d4','e14c2a907231c2bd0d484a9cdc1fb557','2020-04-03 16:19:05',NULL,NULL),
('1245989184053735428','1','2835671ff031c18cb181b1a199f86b01','106c4dc9184da01ce15e26f4256560d4','2','2020-04-03 16:19:05',NULL,NULL),
('1246431505404669954','1','6545a6fc2927edc195b93982f446917c','f3b7f08030e448c0aaca6895e65aa5e9','f53488c6a79e795ba288d1279a5f98e7','2020-04-04 21:36:43',NULL,NULL),
('1246431505413058562','1','6545a6fc2927edc195b93982f446917c','f3b7f08030e448c0aaca6895e65aa5e9','da0b3c06d18c677984f1b37655aa4505','2020-04-04 21:36:43',NULL,NULL),
('1246431505413058563','1','6545a6fc2927edc195b93982f446917c','f3b7f08030e448c0aaca6895e65aa5e9','cba677f619061b9c326c15d8eceeb31e','2020-04-04 21:36:43',NULL,NULL),
('1246431505413058564','1','6545a6fc2927edc195b93982f446917c','5002eafdeca30f4c590b3288de5fa217','f53488c6a79e795ba288d1279a5f98e7','2020-04-04 21:36:43',NULL,NULL),
('1246431505413058565','1','6545a6fc2927edc195b93982f446917c','5002eafdeca30f4c590b3288de5fa217','694d1ae3ffb4d03111a5b901cf1e1a8a','2020-04-04 21:36:43',NULL,NULL),
('1246431505421447170','1','6545a6fc2927edc195b93982f446917c','5002eafdeca30f4c590b3288de5fa217','cba677f619061b9c326c15d8eceeb31e','2020-04-04 21:36:43',NULL,NULL),
('1246431505421447171','1','6545a6fc2927edc195b93982f446917c','278357f4667ba6677c9936e33b94bfdd','63fc0234dc4ebcc9553ab576b36167d2','2020-04-04 21:36:43',NULL,NULL),
('1246431505421447172','1','6545a6fc2927edc195b93982f446917c','278357f4667ba6677c9936e33b94bfdd','da0b3c06d18c677984f1b37655aa4505','2020-04-04 21:36:43',NULL,NULL),
('1246431505421447173','1','6545a6fc2927edc195b93982f446917c','278357f4667ba6677c9936e33b94bfdd','cba677f619061b9c326c15d8eceeb31e','2020-04-04 21:36:43',NULL,NULL),
('1246431505421447174','1','6545a6fc2927edc195b93982f446917c','3c56e0951df15b44cfc121cf61c33829','63fc0234dc4ebcc9553ab576b36167d2','2020-04-04 21:36:43',NULL,NULL),
('1246431505421447175','1','6545a6fc2927edc195b93982f446917c','3c56e0951df15b44cfc121cf61c33829','694d1ae3ffb4d03111a5b901cf1e1a8a','2020-04-04 21:36:43',NULL,NULL),
('1246431505421447176','1','6545a6fc2927edc195b93982f446917c','3c56e0951df15b44cfc121cf61c33829','cba677f619061b9c326c15d8eceeb31e','2020-04-04 21:36:43',NULL,NULL),
('1246431505421447177','1','6545a6fc2927edc195b93982f446917c','7feea846da4bfd3e2dc1c5c41184cd40','b8b3ece7283992f1c42826542eb98a43','2020-04-04 21:36:43',NULL,NULL),
('1246431505421447178','1','6545a6fc2927edc195b93982f446917c','7feea846da4bfd3e2dc1c5c41184cd40','da0b3c06d18c677984f1b37655aa4505','2020-04-04 21:36:43',NULL,NULL),
('1246431505421447179','1','6545a6fc2927edc195b93982f446917c','7feea846da4bfd3e2dc1c5c41184cd40','cba677f619061b9c326c15d8eceeb31e','2020-04-04 21:36:43',NULL,NULL),
('1246431505421447180','1','6545a6fc2927edc195b93982f446917c','eca0bf5189ba8192ccf5fc615970ea9d','b8b3ece7283992f1c42826542eb98a43','2020-04-04 21:36:43',NULL,NULL),
('1246431505421447181','1','6545a6fc2927edc195b93982f446917c','eca0bf5189ba8192ccf5fc615970ea9d','694d1ae3ffb4d03111a5b901cf1e1a8a','2020-04-04 21:36:43',NULL,NULL),
('1246431505421447182','1','6545a6fc2927edc195b93982f446917c','eca0bf5189ba8192ccf5fc615970ea9d','cba677f619061b9c326c15d8eceeb31e','2020-04-04 21:36:43',NULL,NULL),
('1255776902410244098','1','1255379800819601410','1255382142633742338','f53488c6a79e795ba288d1279a5f98e7','2020-04-30 16:31:59',NULL,NULL),
('1255776902418632705','1','1255379800819601410','1255382142633742338','c08a41bfa243e6ea121a0f0c3050517e','2020-04-30 16:31:59',NULL,NULL),
('1255776902418632706','1','1255379800819601410','1255382142633742338','e9b07c814d143d750ce38293b8497ff1','2020-04-30 16:31:59',NULL,NULL),
('1255776902422827010','1','1255379800819601410','1255382142633742338','cc5eb984477015cfff0b99ba711753d6','2020-04-30 16:31:59',NULL,NULL),
('1255776902422827011','1','1255379800819601410','1255382142633742338','4','2020-04-30 16:31:59',NULL,NULL),
('1255776902422827012','1','1255379800819601410','1255382142633742338','414571f4d40c91b2be1d5039341fb080','2020-04-30 16:31:59',NULL,NULL),
('1255776902422827013','1','1255379800819601410','1255382142650519553','f53488c6a79e795ba288d1279a5f98e7','2020-04-30 16:31:59',NULL,NULL),
('1255776902422827014','1','1255379800819601410','1255382142650519553','c08a41bfa243e6ea121a0f0c3050517e','2020-04-30 16:31:59',NULL,NULL),
('1255776902422827015','1','1255379800819601410','1255382142650519553','e9b07c814d143d750ce38293b8497ff1','2020-04-30 16:31:59',NULL,NULL),
('1255776902422827016','1','1255379800819601410','1255382142650519553','cc5eb984477015cfff0b99ba711753d6','2020-04-30 16:31:59',NULL,NULL),
('1255776902422827017','1','1255379800819601410','1255382142650519553','4','2020-04-30 16:31:59',NULL,NULL),
('1255776902422827018','1','1255379800819601410','1255382142650519553','69ca24903aa6261ea946ef37d88db23f','2020-04-30 16:31:59',NULL,NULL),
('1255776902422827019','1','1255379800819601410','1255382142650519554','f53488c6a79e795ba288d1279a5f98e7','2020-04-30 16:31:59',NULL,NULL),
('1255776902422827020','1','1255379800819601410','1255382142650519554','c08a41bfa243e6ea121a0f0c3050517e','2020-04-30 16:31:59',NULL,NULL),
('1255776902422827021','1','1255379800819601410','1255382142650519554','e9b07c814d143d750ce38293b8497ff1','2020-04-30 16:31:59',NULL,NULL),
('1255776902422827022','1','1255379800819601410','1255382142650519554','cc5eb984477015cfff0b99ba711753d6','2020-04-30 16:31:59',NULL,NULL),
('1255776902422827023','1','1255379800819601410','1255382142650519554','58b15ffc7fb68aa1057a4a70450af6fb','2020-04-30 16:31:59',NULL,NULL),
('1255776902422827024','1','1255379800819601410','1255382142650519554','414571f4d40c91b2be1d5039341fb080','2020-04-30 16:31:59',NULL,NULL),
('1255776902422827025','1','1255379800819601410','1255382142658908161','f53488c6a79e795ba288d1279a5f98e7','2020-04-30 16:31:59',NULL,NULL),
('1255776902422827026','1','1255379800819601410','1255382142658908161','c08a41bfa243e6ea121a0f0c3050517e','2020-04-30 16:31:59',NULL,NULL),
('1255776902422827027','1','1255379800819601410','1255382142658908161','e9b07c814d143d750ce38293b8497ff1','2020-04-30 16:31:59',NULL,NULL),
('1255776902422827028','1','1255379800819601410','1255382142658908161','cc5eb984477015cfff0b99ba711753d6','2020-04-30 16:31:59',NULL,NULL),
('1255776902422827029','1','1255379800819601410','1255382142658908161','58b15ffc7fb68aa1057a4a70450af6fb','2020-04-30 16:31:59',NULL,NULL),
('1255776902422827030','1','1255379800819601410','1255382142658908161','69ca24903aa6261ea946ef37d88db23f','2020-04-30 16:31:59',NULL,NULL),
('1255776902431215617','1','1255379800819601410','1255382142667296769','f53488c6a79e795ba288d1279a5f98e7','2020-04-30 16:31:59',NULL,NULL),
('1255776902431215618','1','1255379800819601410','1255382142667296769','c08a41bfa243e6ea121a0f0c3050517e','2020-04-30 16:31:59',NULL,NULL),
('1255776902431215619','1','1255379800819601410','1255382142667296769','e9b07c814d143d750ce38293b8497ff1','2020-04-30 16:31:59',NULL,NULL),
('1255776902431215620','1','1255379800819601410','1255382142667296769','cc5eb984477015cfff0b99ba711753d6','2020-04-30 16:31:59',NULL,NULL),
('1255776902431215621','1','1255379800819601410','1255382142667296769','e0b840a51e251badb5606d5ce1faa695','2020-04-30 16:31:59',NULL,NULL),
('1255776902431215622','1','1255379800819601410','1255382142667296769','414571f4d40c91b2be1d5039341fb080','2020-04-30 16:31:59',NULL,NULL),
('1255776902431215623','1','1255379800819601410','1255382142671491073','f53488c6a79e795ba288d1279a5f98e7','2020-04-30 16:31:59',NULL,NULL),
('1255776902431215624','1','1255379800819601410','1255382142671491073','c08a41bfa243e6ea121a0f0c3050517e','2020-04-30 16:31:59',NULL,NULL),
('1255776902431215625','1','1255379800819601410','1255382142671491073','e9b07c814d143d750ce38293b8497ff1','2020-04-30 16:31:59',NULL,NULL),
('1255776902431215626','1','1255379800819601410','1255382142671491073','cc5eb984477015cfff0b99ba711753d6','2020-04-30 16:31:59',NULL,NULL),
('1255776902431215627','1','1255379800819601410','1255382142671491073','e0b840a51e251badb5606d5ce1faa695','2020-04-30 16:31:59',NULL,NULL),
('1255776902431215628','1','1255379800819601410','1255382142671491073','69ca24903aa6261ea946ef37d88db23f','2020-04-30 16:31:59',NULL,NULL),
('1255776902431215629','1','1255379800819601410','1255382142679879682','f53488c6a79e795ba288d1279a5f98e7','2020-04-30 16:31:59',NULL,NULL),
('1255776902431215630','1','1255379800819601410','1255382142679879682','c08a41bfa243e6ea121a0f0c3050517e','2020-04-30 16:31:59',NULL,NULL),
('1255776902431215631','1','1255379800819601410','1255382142679879682','e9b07c814d143d750ce38293b8497ff1','2020-04-30 16:31:59',NULL,NULL),
('1255776902431215632','1','1255379800819601410','1255382142679879682','f5cae0dec1002ac65be1852e07a94fd2','2020-04-30 16:31:59',NULL,NULL),
('1255776902431215633','1','1255379800819601410','1255382142679879682','4','2020-04-30 16:31:59',NULL,NULL),
('1255776902439604225','1','1255379800819601410','1255382142679879682','414571f4d40c91b2be1d5039341fb080','2020-04-30 16:31:59',NULL,NULL),
('1255776902439604226','1','1255379800819601410','1255382142684073986','f53488c6a79e795ba288d1279a5f98e7','2020-04-30 16:31:59',NULL,NULL),
('1255776902439604227','1','1255379800819601410','1255382142684073986','c08a41bfa243e6ea121a0f0c3050517e','2020-04-30 16:31:59',NULL,NULL),
('1255776902439604228','1','1255379800819601410','1255382142684073986','e9b07c814d143d750ce38293b8497ff1','2020-04-30 16:31:59',NULL,NULL),
('1255776902439604229','1','1255379800819601410','1255382142684073986','f5cae0dec1002ac65be1852e07a94fd2','2020-04-30 16:31:59',NULL,NULL),
('1255776902439604230','1','1255379800819601410','1255382142684073986','4','2020-04-30 16:31:59',NULL,NULL),
('1255776902439604231','1','1255379800819601410','1255382142684073986','69ca24903aa6261ea946ef37d88db23f','2020-04-30 16:31:59',NULL,NULL),
('1255776902439604232','1','1255379800819601410','1255382142692462593','f53488c6a79e795ba288d1279a5f98e7','2020-04-30 16:31:59',NULL,NULL),
('1255776902439604233','1','1255379800819601410','1255382142692462593','c08a41bfa243e6ea121a0f0c3050517e','2020-04-30 16:31:59',NULL,NULL),
('1255776902439604234','1','1255379800819601410','1255382142692462593','e9b07c814d143d750ce38293b8497ff1','2020-04-30 16:31:59',NULL,NULL),
('1255776902439604235','1','1255379800819601410','1255382142692462593','f5cae0dec1002ac65be1852e07a94fd2','2020-04-30 16:31:59',NULL,NULL),
('1255776902439604236','1','1255379800819601410','1255382142692462593','58b15ffc7fb68aa1057a4a70450af6fb','2020-04-30 16:31:59',NULL,NULL),
('1255776902439604237','1','1255379800819601410','1255382142692462593','414571f4d40c91b2be1d5039341fb080','2020-04-30 16:31:59',NULL,NULL),
('1255776902439604238','1','1255379800819601410','1255382142700851201','f53488c6a79e795ba288d1279a5f98e7','2020-04-30 16:31:59',NULL,NULL),
('1255776902439604239','1','1255379800819601410','1255382142700851201','c08a41bfa243e6ea121a0f0c3050517e','2020-04-30 16:31:59',NULL,NULL),
('1255776902439604240','1','1255379800819601410','1255382142700851201','e9b07c814d143d750ce38293b8497ff1','2020-04-30 16:31:59',NULL,NULL),
('1255776902439604241','1','1255379800819601410','1255382142700851201','f5cae0dec1002ac65be1852e07a94fd2','2020-04-30 16:31:59',NULL,NULL),
('1255776902439604242','1','1255379800819601410','1255382142700851201','58b15ffc7fb68aa1057a4a70450af6fb','2020-04-30 16:31:59',NULL,NULL),
('1255776902439604243','1','1255379800819601410','1255382142700851201','69ca24903aa6261ea946ef37d88db23f','2020-04-30 16:31:59',NULL,NULL),
('1255776902439604244','1','1255379800819601410','1255382142713434114','f53488c6a79e795ba288d1279a5f98e7','2020-04-30 16:31:59',NULL,NULL),
('1255776902439604245','1','1255379800819601410','1255382142713434114','c08a41bfa243e6ea121a0f0c3050517e','2020-04-30 16:31:59',NULL,NULL),
('1255776902447992833','1','1255379800819601410','1255382142713434114','e9b07c814d143d750ce38293b8497ff1','2020-04-30 16:31:59',NULL,NULL),
('1255776902447992834','1','1255379800819601410','1255382142713434114','f5cae0dec1002ac65be1852e07a94fd2','2020-04-30 16:31:59',NULL,NULL),
('1255776902447992835','1','1255379800819601410','1255382142713434114','e0b840a51e251badb5606d5ce1faa695','2020-04-30 16:31:59',NULL,NULL),
('1255776902447992836','1','1255379800819601410','1255382142713434114','414571f4d40c91b2be1d5039341fb080','2020-04-30 16:31:59',NULL,NULL),
('1255776902447992837','1','1255379800819601410','1255382142721822722','f53488c6a79e795ba288d1279a5f98e7','2020-04-30 16:31:59',NULL,NULL),
('1255776902447992838','1','1255379800819601410','1255382142721822722','c08a41bfa243e6ea121a0f0c3050517e','2020-04-30 16:31:59',NULL,NULL),
('1255776902447992839','1','1255379800819601410','1255382142721822722','e9b07c814d143d750ce38293b8497ff1','2020-04-30 16:31:59',NULL,NULL),
('1255776902452187138','1','1255379800819601410','1255382142721822722','f5cae0dec1002ac65be1852e07a94fd2','2020-04-30 16:31:59',NULL,NULL),
('1255776902452187139','1','1255379800819601410','1255382142721822722','e0b840a51e251badb5606d5ce1faa695','2020-04-30 16:31:59',NULL,NULL),
('1255776902452187140','1','1255379800819601410','1255382142721822722','69ca24903aa6261ea946ef37d88db23f','2020-04-30 16:31:59',NULL,NULL),
('1255776902452187141','1','1255379800819601410','1255382142726017025','f53488c6a79e795ba288d1279a5f98e7','2020-04-30 16:31:59',NULL,NULL),
('1255776902452187142','1','1255379800819601410','1255382142726017025','c08a41bfa243e6ea121a0f0c3050517e','2020-04-30 16:31:59',NULL,NULL),
('1255776902452187143','1','1255379800819601410','1255382142726017025','e9b07c814d143d750ce38293b8497ff1','2020-04-30 16:31:59',NULL,NULL),
('1255776902452187144','1','1255379800819601410','1255382142726017025','f06e7ed568c220d2624771b8f5de5b66','2020-04-30 16:31:59',NULL,NULL),
('1255776902452187145','1','1255379800819601410','1255382142726017025','4','2020-04-30 16:31:59',NULL,NULL),
('1255776902452187146','1','1255379800819601410','1255382142726017025','414571f4d40c91b2be1d5039341fb080','2020-04-30 16:31:59',NULL,NULL),
('1255776902452187147','1','1255379800819601410','1255382142734405633','f53488c6a79e795ba288d1279a5f98e7','2020-04-30 16:31:59',NULL,NULL),
('1255776902452187148','1','1255379800819601410','1255382142734405633','c08a41bfa243e6ea121a0f0c3050517e','2020-04-30 16:31:59',NULL,NULL),
('1255776902452187149','1','1255379800819601410','1255382142734405633','e9b07c814d143d750ce38293b8497ff1','2020-04-30 16:31:59',NULL,NULL),
('1255776902452187150','1','1255379800819601410','1255382142734405633','f06e7ed568c220d2624771b8f5de5b66','2020-04-30 16:31:59',NULL,NULL),
('1255776902452187151','1','1255379800819601410','1255382142734405633','4','2020-04-30 16:31:59',NULL,NULL),
('1255776902452187152','1','1255379800819601410','1255382142734405633','69ca24903aa6261ea946ef37d88db23f','2020-04-30 16:31:59',NULL,NULL),
('1255776902452187153','1','1255379800819601410','1255382142738599938','f53488c6a79e795ba288d1279a5f98e7','2020-04-30 16:31:59',NULL,NULL),
('1255776902452187154','1','1255379800819601410','1255382142738599938','c08a41bfa243e6ea121a0f0c3050517e','2020-04-30 16:31:59',NULL,NULL),
('1255776902452187155','1','1255379800819601410','1255382142738599938','e9b07c814d143d750ce38293b8497ff1','2020-04-30 16:31:59',NULL,NULL),
('1255776902460575745','1','1255379800819601410','1255382142738599938','f06e7ed568c220d2624771b8f5de5b66','2020-04-30 16:31:59',NULL,NULL),
('1255776902460575746','1','1255379800819601410','1255382142738599938','58b15ffc7fb68aa1057a4a70450af6fb','2020-04-30 16:31:59',NULL,NULL),
('1255776902460575747','1','1255379800819601410','1255382142738599938','414571f4d40c91b2be1d5039341fb080','2020-04-30 16:31:59',NULL,NULL),
('1255776902460575748','1','1255379800819601410','1255382142746988546','f53488c6a79e795ba288d1279a5f98e7','2020-04-30 16:31:59',NULL,NULL),
('1255776902460575749','1','1255379800819601410','1255382142746988546','c08a41bfa243e6ea121a0f0c3050517e','2020-04-30 16:31:59',NULL,NULL),
('1255776902460575750','1','1255379800819601410','1255382142746988546','e9b07c814d143d750ce38293b8497ff1','2020-04-30 16:31:59',NULL,NULL),
('1255776902460575751','1','1255379800819601410','1255382142746988546','f06e7ed568c220d2624771b8f5de5b66','2020-04-30 16:31:59',NULL,NULL),
('1255776902460575752','1','1255379800819601410','1255382142746988546','58b15ffc7fb68aa1057a4a70450af6fb','2020-04-30 16:31:59',NULL,NULL),
('1255776902460575753','1','1255379800819601410','1255382142746988546','69ca24903aa6261ea946ef37d88db23f','2020-04-30 16:31:59',NULL,NULL),
('1255776902460575754','1','1255379800819601410','1255382142755377154','f53488c6a79e795ba288d1279a5f98e7','2020-04-30 16:31:59',NULL,NULL),
('1255776902460575755','1','1255379800819601410','1255382142755377154','c08a41bfa243e6ea121a0f0c3050517e','2020-04-30 16:31:59',NULL,NULL),
('1255776902460575756','1','1255379800819601410','1255382142755377154','e9b07c814d143d750ce38293b8497ff1','2020-04-30 16:31:59',NULL,NULL),
('1255776902460575757','1','1255379800819601410','1255382142755377154','f06e7ed568c220d2624771b8f5de5b66','2020-04-30 16:31:59',NULL,NULL),
('1255776902460575758','1','1255379800819601410','1255382142755377154','e0b840a51e251badb5606d5ce1faa695','2020-04-30 16:31:59',NULL,NULL),
('1255776902460575759','1','1255379800819601410','1255382142755377154','414571f4d40c91b2be1d5039341fb080','2020-04-30 16:31:59',NULL,NULL),
('1255776902460575760','1','1255379800819601410','1255382142759571458','f53488c6a79e795ba288d1279a5f98e7','2020-04-30 16:31:59',NULL,NULL),
('1255776902460575761','1','1255379800819601410','1255382142759571458','c08a41bfa243e6ea121a0f0c3050517e','2020-04-30 16:31:59',NULL,NULL),
('1255776902460575762','1','1255379800819601410','1255382142759571458','e9b07c814d143d750ce38293b8497ff1','2020-04-30 16:31:59',NULL,NULL),
('1255776902460575763','1','1255379800819601410','1255382142759571458','f06e7ed568c220d2624771b8f5de5b66','2020-04-30 16:31:59',NULL,NULL),
('1255776902460575764','1','1255379800819601410','1255382142759571458','e0b840a51e251badb5606d5ce1faa695','2020-04-30 16:31:59',NULL,NULL),
('1255776902460575765','1','1255379800819601410','1255382142759571458','69ca24903aa6261ea946ef37d88db23f','2020-04-30 16:31:59',NULL,NULL),
('1255776902460575766','1','1255379800819601410','1255382142767960066','f53488c6a79e795ba288d1279a5f98e7','2020-04-30 16:31:59',NULL,NULL),
('1255776902460575767','1','1255379800819601410','1255382142767960066','c08a41bfa243e6ea121a0f0c3050517e','2020-04-30 16:31:59',NULL,NULL),
('1255776902468964353','1','1255379800819601410','1255382142767960066','e9b07c814d143d750ce38293b8497ff1','2020-04-30 16:31:59',NULL,NULL),
('1255776902468964354','1','1255379800819601410','1255382142767960066','3a6dec5833f02abad0fe5bc287951f53','2020-04-30 16:31:59',NULL,NULL),
('1255776902468964355','1','1255379800819601410','1255382142767960066','4','2020-04-30 16:31:59',NULL,NULL),
('1255776902468964356','1','1255379800819601410','1255382142767960066','414571f4d40c91b2be1d5039341fb080','2020-04-30 16:31:59',NULL,NULL),
('1255776902468964357','1','1255379800819601410','1255382142776348674','f53488c6a79e795ba288d1279a5f98e7','2020-04-30 16:31:59',NULL,NULL),
('1255776902468964358','1','1255379800819601410','1255382142776348674','c08a41bfa243e6ea121a0f0c3050517e','2020-04-30 16:31:59',NULL,NULL),
('1255776902468964359','1','1255379800819601410','1255382142776348674','e9b07c814d143d750ce38293b8497ff1','2020-04-30 16:31:59',NULL,NULL),
('1255776902468964360','1','1255379800819601410','1255382142776348674','3a6dec5833f02abad0fe5bc287951f53','2020-04-30 16:31:59',NULL,NULL),
('1255776902468964361','1','1255379800819601410','1255382142776348674','4','2020-04-30 16:31:59',NULL,NULL),
('1255776902468964362','1','1255379800819601410','1255382142776348674','69ca24903aa6261ea946ef37d88db23f','2020-04-30 16:31:59',NULL,NULL),
('1255776902468964363','1','1255379800819601410','1255382142784737282','f53488c6a79e795ba288d1279a5f98e7','2020-04-30 16:31:59',NULL,NULL),
('1255776902473158658','1','1255379800819601410','1255382142784737282','c08a41bfa243e6ea121a0f0c3050517e','2020-04-30 16:31:59',NULL,NULL),
('1255776902473158659','1','1255379800819601410','1255382142784737282','e9b07c814d143d750ce38293b8497ff1','2020-04-30 16:31:59',NULL,NULL),
('1255776902473158660','1','1255379800819601410','1255382142784737282','3a6dec5833f02abad0fe5bc287951f53','2020-04-30 16:31:59',NULL,NULL),
('1255776902473158661','1','1255379800819601410','1255382142784737282','58b15ffc7fb68aa1057a4a70450af6fb','2020-04-30 16:31:59',NULL,NULL),
('1255776902473158662','1','1255379800819601410','1255382142784737282','414571f4d40c91b2be1d5039341fb080','2020-04-30 16:31:59',NULL,NULL),
('1255776902473158663','1','1255379800819601410','1255382142793125890','f53488c6a79e795ba288d1279a5f98e7','2020-04-30 16:31:59',NULL,NULL),
('1255776902473158664','1','1255379800819601410','1255382142793125890','c08a41bfa243e6ea121a0f0c3050517e','2020-04-30 16:31:59',NULL,NULL),
('1255776902473158665','1','1255379800819601410','1255382142793125890','e9b07c814d143d750ce38293b8497ff1','2020-04-30 16:31:59',NULL,NULL),
('1255776902473158666','1','1255379800819601410','1255382142793125890','3a6dec5833f02abad0fe5bc287951f53','2020-04-30 16:31:59',NULL,NULL),
('1255776902473158667','1','1255379800819601410','1255382142793125890','58b15ffc7fb68aa1057a4a70450af6fb','2020-04-30 16:31:59',NULL,NULL),
('1255776902473158668','1','1255379800819601410','1255382142793125890','69ca24903aa6261ea946ef37d88db23f','2020-04-30 16:31:59',NULL,NULL),
('1255776902473158669','1','1255379800819601410','1255382142793125891','f53488c6a79e795ba288d1279a5f98e7','2020-04-30 16:31:59',NULL,NULL),
('1255776902473158670','1','1255379800819601410','1255382142793125891','c08a41bfa243e6ea121a0f0c3050517e','2020-04-30 16:31:59',NULL,NULL),
('1255776902473158671','1','1255379800819601410','1255382142793125891','e9b07c814d143d750ce38293b8497ff1','2020-04-30 16:31:59',NULL,NULL),
('1255776902473158672','1','1255379800819601410','1255382142793125891','3a6dec5833f02abad0fe5bc287951f53','2020-04-30 16:31:59',NULL,NULL),
('1255776902473158673','1','1255379800819601410','1255382142793125891','e0b840a51e251badb5606d5ce1faa695','2020-04-30 16:31:59',NULL,NULL),
('1255776902473158674','1','1255379800819601410','1255382142793125891','414571f4d40c91b2be1d5039341fb080','2020-04-30 16:31:59',NULL,NULL),
('1255776902473158675','1','1255379800819601410','1255382142801514498','f53488c6a79e795ba288d1279a5f98e7','2020-04-30 16:31:59',NULL,NULL),
('1255776902473158676','1','1255379800819601410','1255382142801514498','c08a41bfa243e6ea121a0f0c3050517e','2020-04-30 16:31:59',NULL,NULL),
('1255776902473158677','1','1255379800819601410','1255382142801514498','e9b07c814d143d750ce38293b8497ff1','2020-04-30 16:31:59',NULL,NULL),
('1255776902481547265','1','1255379800819601410','1255382142801514498','3a6dec5833f02abad0fe5bc287951f53','2020-04-30 16:31:59',NULL,NULL),
('1255776902481547266','1','1255379800819601410','1255382142801514498','e0b840a51e251badb5606d5ce1faa695','2020-04-30 16:31:59',NULL,NULL),
('1255776902481547267','1','1255379800819601410','1255382142801514498','69ca24903aa6261ea946ef37d88db23f','2020-04-30 16:31:59',NULL,NULL),
('1255776902481547268','1','1255379800819601410','1255382142809903106','f53488c6a79e795ba288d1279a5f98e7','2020-04-30 16:31:59',NULL,NULL),
('1255776902481547269','1','1255379800819601410','1255382142809903106','c08a41bfa243e6ea121a0f0c3050517e','2020-04-30 16:31:59',NULL,NULL),
('1255776902481547270','1','1255379800819601410','1255382142809903106','b0879152ec0a13dd747e1876fd321f00','2020-04-30 16:31:59',NULL,NULL),
('1255776902481547271','1','1255379800819601410','1255382142809903106','cc5eb984477015cfff0b99ba711753d6','2020-04-30 16:31:59',NULL,NULL),
('1255776902481547272','1','1255379800819601410','1255382142809903106','4','2020-04-30 16:31:59',NULL,NULL),
('1255776902481547273','1','1255379800819601410','1255382142809903106','414571f4d40c91b2be1d5039341fb080','2020-04-30 16:31:59',NULL,NULL),
('1255776902481547274','1','1255379800819601410','1255382142814097410','f53488c6a79e795ba288d1279a5f98e7','2020-04-30 16:31:59',NULL,NULL),
('1255776902481547275','1','1255379800819601410','1255382142814097410','c08a41bfa243e6ea121a0f0c3050517e','2020-04-30 16:31:59',NULL,NULL),
('1255776902481547276','1','1255379800819601410','1255382142814097410','b0879152ec0a13dd747e1876fd321f00','2020-04-30 16:31:59',NULL,NULL),
('1255776902481547277','1','1255379800819601410','1255382142814097410','cc5eb984477015cfff0b99ba711753d6','2020-04-30 16:31:59',NULL,NULL),
('1255776902502518786','1','1255379800819601410','1255382142814097410','4','2020-04-30 16:31:59',NULL,NULL),
('1255776902502518787','1','1255379800819601410','1255382142814097410','69ca24903aa6261ea946ef37d88db23f','2020-04-30 16:31:59',NULL,NULL),
('1255776902502518788','1','1255379800819601410','1255382142814097411','f53488c6a79e795ba288d1279a5f98e7','2020-04-30 16:31:59',NULL,NULL),
('1255776902502518789','1','1255379800819601410','1255382142814097411','c08a41bfa243e6ea121a0f0c3050517e','2020-04-30 16:31:59',NULL,NULL),
('1255776902502518790','1','1255379800819601410','1255382142814097411','b0879152ec0a13dd747e1876fd321f00','2020-04-30 16:31:59',NULL,NULL),
('1255776902502518791','1','1255379800819601410','1255382142814097411','cc5eb984477015cfff0b99ba711753d6','2020-04-30 16:31:59',NULL,NULL),
('1255776902502518792','1','1255379800819601410','1255382142814097411','58b15ffc7fb68aa1057a4a70450af6fb','2020-04-30 16:31:59',NULL,NULL),
('1255776902502518793','1','1255379800819601410','1255382142814097411','414571f4d40c91b2be1d5039341fb080','2020-04-30 16:31:59',NULL,NULL),
('1255776902502518794','1','1255379800819601410','1255382142822486018','f53488c6a79e795ba288d1279a5f98e7','2020-04-30 16:31:59',NULL,NULL),
('1255776902502518795','1','1255379800819601410','1255382142822486018','c08a41bfa243e6ea121a0f0c3050517e','2020-04-30 16:31:59',NULL,NULL),
('1255776902502518796','1','1255379800819601410','1255382142822486018','b0879152ec0a13dd747e1876fd321f00','2020-04-30 16:31:59',NULL,NULL),
('1255776902502518797','1','1255379800819601410','1255382142822486018','cc5eb984477015cfff0b99ba711753d6','2020-04-30 16:31:59',NULL,NULL),
('1255776902502518798','1','1255379800819601410','1255382142822486018','58b15ffc7fb68aa1057a4a70450af6fb','2020-04-30 16:31:59',NULL,NULL),
('1255776902502518799','1','1255379800819601410','1255382142822486018','69ca24903aa6261ea946ef37d88db23f','2020-04-30 16:31:59',NULL,NULL),
('1255776902502518800','1','1255379800819601410','1255382142830874626','f53488c6a79e795ba288d1279a5f98e7','2020-04-30 16:31:59',NULL,NULL),
('1255776902502518801','1','1255379800819601410','1255382142830874626','c08a41bfa243e6ea121a0f0c3050517e','2020-04-30 16:31:59',NULL,NULL),
('1255776902502518802','1','1255379800819601410','1255382142830874626','b0879152ec0a13dd747e1876fd321f00','2020-04-30 16:31:59',NULL,NULL),
('1255776902502518803','1','1255379800819601410','1255382142830874626','cc5eb984477015cfff0b99ba711753d6','2020-04-30 16:31:59',NULL,NULL),
('1255776902502518804','1','1255379800819601410','1255382142830874626','e0b840a51e251badb5606d5ce1faa695','2020-04-30 16:31:59',NULL,NULL),
('1255776902502518805','1','1255379800819601410','1255382142830874626','414571f4d40c91b2be1d5039341fb080','2020-04-30 16:31:59',NULL,NULL),
('1255776902510907394','1','1255379800819601410','1255382142835068929','f53488c6a79e795ba288d1279a5f98e7','2020-04-30 16:31:59',NULL,NULL),
('1255776902510907395','1','1255379800819601410','1255382142835068929','c08a41bfa243e6ea121a0f0c3050517e','2020-04-30 16:31:59',NULL,NULL),
('1255776902510907396','1','1255379800819601410','1255382142835068929','b0879152ec0a13dd747e1876fd321f00','2020-04-30 16:31:59',NULL,NULL),
('1255776902510907397','1','1255379800819601410','1255382142835068929','cc5eb984477015cfff0b99ba711753d6','2020-04-30 16:31:59',NULL,NULL),
('1255776902510907398','1','1255379800819601410','1255382142835068929','e0b840a51e251badb5606d5ce1faa695','2020-04-30 16:31:59',NULL,NULL),
('1255776902510907399','1','1255379800819601410','1255382142835068929','69ca24903aa6261ea946ef37d88db23f','2020-04-30 16:31:59',NULL,NULL),
('1255776902510907400','1','1255379800819601410','1255382142847651842','f53488c6a79e795ba288d1279a5f98e7','2020-04-30 16:31:59',NULL,NULL),
('1255776902510907401','1','1255379800819601410','1255382142847651842','c08a41bfa243e6ea121a0f0c3050517e','2020-04-30 16:31:59',NULL,NULL),
('1255776902510907402','1','1255379800819601410','1255382142847651842','b0879152ec0a13dd747e1876fd321f00','2020-04-30 16:31:59',NULL,NULL),
('1255776902510907403','1','1255379800819601410','1255382142847651842','f5cae0dec1002ac65be1852e07a94fd2','2020-04-30 16:31:59',NULL,NULL),
('1255776902510907404','1','1255379800819601410','1255382142847651842','4','2020-04-30 16:31:59',NULL,NULL),
('1255776902510907405','1','1255379800819601410','1255382142847651842','414571f4d40c91b2be1d5039341fb080','2020-04-30 16:31:59',NULL,NULL),
('1255776902510907406','1','1255379800819601410','1255382142860234754','f53488c6a79e795ba288d1279a5f98e7','2020-04-30 16:31:59',NULL,NULL),
('1255776902510907407','1','1255379800819601410','1255382142860234754','c08a41bfa243e6ea121a0f0c3050517e','2020-04-30 16:31:59',NULL,NULL),
('1255776902510907408','1','1255379800819601410','1255382142860234754','b0879152ec0a13dd747e1876fd321f00','2020-04-30 16:31:59',NULL,NULL),
('1255776902510907409','1','1255379800819601410','1255382142860234754','f5cae0dec1002ac65be1852e07a94fd2','2020-04-30 16:31:59',NULL,NULL),
('1255776902510907410','1','1255379800819601410','1255382142860234754','4','2020-04-30 16:31:59',NULL,NULL),
('1255776902510907411','1','1255379800819601410','1255382142860234754','69ca24903aa6261ea946ef37d88db23f','2020-04-30 16:31:59',NULL,NULL),
('1255776902510907412','1','1255379800819601410','1255382142868623361','f53488c6a79e795ba288d1279a5f98e7','2020-04-30 16:31:59',NULL,NULL),
('1255776902510907413','1','1255379800819601410','1255382142868623361','c08a41bfa243e6ea121a0f0c3050517e','2020-04-30 16:31:59',NULL,NULL),
('1255776902510907414','1','1255379800819601410','1255382142868623361','b0879152ec0a13dd747e1876fd321f00','2020-04-30 16:31:59',NULL,NULL),
('1255776902519296001','1','1255379800819601410','1255382142868623361','f5cae0dec1002ac65be1852e07a94fd2','2020-04-30 16:31:59',NULL,NULL),
('1255776902519296002','1','1255379800819601410','1255382142868623361','58b15ffc7fb68aa1057a4a70450af6fb','2020-04-30 16:31:59',NULL,NULL),
('1255776902519296003','1','1255379800819601410','1255382142868623361','414571f4d40c91b2be1d5039341fb080','2020-04-30 16:31:59',NULL,NULL),
('1255776902519296004','1','1255379800819601410','1255382142877011970','f53488c6a79e795ba288d1279a5f98e7','2020-04-30 16:31:59',NULL,NULL),
('1255776902519296005','1','1255379800819601410','1255382142877011970','c08a41bfa243e6ea121a0f0c3050517e','2020-04-30 16:31:59',NULL,NULL),
('1255776902519296006','1','1255379800819601410','1255382142877011970','b0879152ec0a13dd747e1876fd321f00','2020-04-30 16:31:59',NULL,NULL),
('1255776902519296007','1','1255379800819601410','1255382142877011970','f5cae0dec1002ac65be1852e07a94fd2','2020-04-30 16:31:59',NULL,NULL),
('1255776902519296008','1','1255379800819601410','1255382142877011970','58b15ffc7fb68aa1057a4a70450af6fb','2020-04-30 16:31:59',NULL,NULL),
('1255776902519296009','1','1255379800819601410','1255382142877011970','69ca24903aa6261ea946ef37d88db23f','2020-04-30 16:31:59',NULL,NULL),
('1255776902519296010','1','1255379800819601410','1255382142881206273','f53488c6a79e795ba288d1279a5f98e7','2020-04-30 16:31:59',NULL,NULL),
('1255776902519296011','1','1255379800819601410','1255382142881206273','c08a41bfa243e6ea121a0f0c3050517e','2020-04-30 16:31:59',NULL,NULL),
('1255776902519296012','1','1255379800819601410','1255382142881206273','b0879152ec0a13dd747e1876fd321f00','2020-04-30 16:31:59',NULL,NULL),
('1255776902519296013','1','1255379800819601410','1255382142881206273','f5cae0dec1002ac65be1852e07a94fd2','2020-04-30 16:31:59',NULL,NULL),
('1255776902519296014','1','1255379800819601410','1255382142881206273','e0b840a51e251badb5606d5ce1faa695','2020-04-30 16:31:59',NULL,NULL),
('1255776902519296015','1','1255379800819601410','1255382142881206273','414571f4d40c91b2be1d5039341fb080','2020-04-30 16:31:59',NULL,NULL),
('1255776902519296016','1','1255379800819601410','1255382142889594882','f53488c6a79e795ba288d1279a5f98e7','2020-04-30 16:31:59',NULL,NULL),
('1255776902519296017','1','1255379800819601410','1255382142889594882','c08a41bfa243e6ea121a0f0c3050517e','2020-04-30 16:31:59',NULL,NULL),
('1255776902519296018','1','1255379800819601410','1255382142889594882','b0879152ec0a13dd747e1876fd321f00','2020-04-30 16:31:59',NULL,NULL),
('1255776902519296019','1','1255379800819601410','1255382142889594882','f5cae0dec1002ac65be1852e07a94fd2','2020-04-30 16:31:59',NULL,NULL),
('1255776902519296020','1','1255379800819601410','1255382142889594882','e0b840a51e251badb5606d5ce1faa695','2020-04-30 16:31:59',NULL,NULL),
('1255776902527684609','1','1255379800819601410','1255382142889594882','69ca24903aa6261ea946ef37d88db23f','2020-04-30 16:31:59',NULL,NULL),
('1255776902527684610','1','1255379800819601410','1255382142897983489','f53488c6a79e795ba288d1279a5f98e7','2020-04-30 16:31:59',NULL,NULL),
('1255776902527684611','1','1255379800819601410','1255382142897983489','c08a41bfa243e6ea121a0f0c3050517e','2020-04-30 16:31:59',NULL,NULL),
('1255776902527684612','1','1255379800819601410','1255382142897983489','b0879152ec0a13dd747e1876fd321f00','2020-04-30 16:31:59',NULL,NULL),
('1255776902527684613','1','1255379800819601410','1255382142897983489','f06e7ed568c220d2624771b8f5de5b66','2020-04-30 16:31:59',NULL,NULL),
('1255776902527684614','1','1255379800819601410','1255382142897983489','4','2020-04-30 16:31:59',NULL,NULL),
('1255776902527684615','1','1255379800819601410','1255382142897983489','414571f4d40c91b2be1d5039341fb080','2020-04-30 16:31:59',NULL,NULL),
('1255776902527684616','1','1255379800819601410','1255382142906372098','f53488c6a79e795ba288d1279a5f98e7','2020-04-30 16:31:59',NULL,NULL),
('1255776902527684617','1','1255379800819601410','1255382142906372098','c08a41bfa243e6ea121a0f0c3050517e','2020-04-30 16:31:59',NULL,NULL),
('1255776902527684618','1','1255379800819601410','1255382142906372098','b0879152ec0a13dd747e1876fd321f00','2020-04-30 16:31:59',NULL,NULL),
('1255776902527684619','1','1255379800819601410','1255382142906372098','f06e7ed568c220d2624771b8f5de5b66','2020-04-30 16:31:59',NULL,NULL),
('1255776902527684620','1','1255379800819601410','1255382142906372098','4','2020-04-30 16:31:59',NULL,NULL),
('1255776902527684621','1','1255379800819601410','1255382142906372098','69ca24903aa6261ea946ef37d88db23f','2020-04-30 16:31:59',NULL,NULL),
('1255776902527684622','1','1255379800819601410','1255382142914760706','f53488c6a79e795ba288d1279a5f98e7','2020-04-30 16:31:59',NULL,NULL),
('1255776902527684623','1','1255379800819601410','1255382142914760706','c08a41bfa243e6ea121a0f0c3050517e','2020-04-30 16:31:59',NULL,NULL),
('1255776902527684624','1','1255379800819601410','1255382142914760706','b0879152ec0a13dd747e1876fd321f00','2020-04-30 16:31:59',NULL,NULL),
('1255776902527684625','1','1255379800819601410','1255382142914760706','f06e7ed568c220d2624771b8f5de5b66','2020-04-30 16:31:59',NULL,NULL),
('1255776902527684626','1','1255379800819601410','1255382142914760706','58b15ffc7fb68aa1057a4a70450af6fb','2020-04-30 16:31:59',NULL,NULL),
('1255776902527684627','1','1255379800819601410','1255382142914760706','414571f4d40c91b2be1d5039341fb080','2020-04-30 16:31:59',NULL,NULL),
('1255776902527684628','1','1255379800819601410','1255382142918955010','f53488c6a79e795ba288d1279a5f98e7','2020-04-30 16:31:59',NULL,NULL),
('1255776902527684629','1','1255379800819601410','1255382142918955010','c08a41bfa243e6ea121a0f0c3050517e','2020-04-30 16:31:59',NULL,NULL),
('1255776902527684630','1','1255379800819601410','1255382142918955010','b0879152ec0a13dd747e1876fd321f00','2020-04-30 16:31:59',NULL,NULL),
('1255776902527684631','1','1255379800819601410','1255382142918955010','f06e7ed568c220d2624771b8f5de5b66','2020-04-30 16:31:59',NULL,NULL),
('1255776902527684632','1','1255379800819601410','1255382142918955010','58b15ffc7fb68aa1057a4a70450af6fb','2020-04-30 16:31:59',NULL,NULL),
('1255776902536073217','1','1255379800819601410','1255382142918955010','69ca24903aa6261ea946ef37d88db23f','2020-04-30 16:31:59',NULL,NULL),
('1255776902536073218','1','1255379800819601410','1255382142927343617','f53488c6a79e795ba288d1279a5f98e7','2020-04-30 16:31:59',NULL,NULL),
('1255776902536073219','1','1255379800819601410','1255382142927343617','c08a41bfa243e6ea121a0f0c3050517e','2020-04-30 16:31:59',NULL,NULL),
('1255776902536073220','1','1255379800819601410','1255382142927343617','b0879152ec0a13dd747e1876fd321f00','2020-04-30 16:31:59',NULL,NULL),
('1255776902536073221','1','1255379800819601410','1255382142927343617','f06e7ed568c220d2624771b8f5de5b66','2020-04-30 16:31:59',NULL,NULL),
('1255776902536073222','1','1255379800819601410','1255382142927343617','e0b840a51e251badb5606d5ce1faa695','2020-04-30 16:31:59',NULL,NULL),
('1255776902536073223','1','1255379800819601410','1255382142927343617','414571f4d40c91b2be1d5039341fb080','2020-04-30 16:31:59',NULL,NULL),
('1255776902536073224','1','1255379800819601410','1255382142935732226','f53488c6a79e795ba288d1279a5f98e7','2020-04-30 16:31:59',NULL,NULL),
('1255776902536073225','1','1255379800819601410','1255382142935732226','c08a41bfa243e6ea121a0f0c3050517e','2020-04-30 16:31:59',NULL,NULL),
('1255776902536073226','1','1255379800819601410','1255382142935732226','b0879152ec0a13dd747e1876fd321f00','2020-04-30 16:31:59',NULL,NULL),
('1255776902536073227','1','1255379800819601410','1255382142935732226','f06e7ed568c220d2624771b8f5de5b66','2020-04-30 16:31:59',NULL,NULL),
('1255776902536073228','1','1255379800819601410','1255382142935732226','e0b840a51e251badb5606d5ce1faa695','2020-04-30 16:31:59',NULL,NULL),
('1255776902536073229','1','1255379800819601410','1255382142935732226','69ca24903aa6261ea946ef37d88db23f','2020-04-30 16:31:59',NULL,NULL),
('1255776902536073230','1','1255379800819601410','1255382142944120833','f53488c6a79e795ba288d1279a5f98e7','2020-04-30 16:31:59',NULL,NULL),
('1255776902536073231','1','1255379800819601410','1255382142944120833','c08a41bfa243e6ea121a0f0c3050517e','2020-04-30 16:31:59',NULL,NULL),
('1255776902536073232','1','1255379800819601410','1255382142944120833','b0879152ec0a13dd747e1876fd321f00','2020-04-30 16:31:59',NULL,NULL),
('1255776902536073233','1','1255379800819601410','1255382142944120833','3a6dec5833f02abad0fe5bc287951f53','2020-04-30 16:31:59',NULL,NULL),
('1255776902536073234','1','1255379800819601410','1255382142944120833','4','2020-04-30 16:31:59',NULL,NULL),
('1255776902536073235','1','1255379800819601410','1255382142944120833','414571f4d40c91b2be1d5039341fb080','2020-04-30 16:31:59',NULL,NULL),
('1255776902536073236','1','1255379800819601410','1255382142948315138','f53488c6a79e795ba288d1279a5f98e7','2020-04-30 16:31:59',NULL,NULL),
('1255776902536073237','1','1255379800819601410','1255382142948315138','c08a41bfa243e6ea121a0f0c3050517e','2020-04-30 16:31:59',NULL,NULL),
('1255776902536073238','1','1255379800819601410','1255382142948315138','b0879152ec0a13dd747e1876fd321f00','2020-04-30 16:31:59',NULL,NULL),
('1255776902536073239','1','1255379800819601410','1255382142948315138','3a6dec5833f02abad0fe5bc287951f53','2020-04-30 16:31:59',NULL,NULL),
('1255776902544461825','1','1255379800819601410','1255382142948315138','4','2020-04-30 16:31:59',NULL,NULL),
('1255776902544461826','1','1255379800819601410','1255382142948315138','69ca24903aa6261ea946ef37d88db23f','2020-04-30 16:31:59',NULL,NULL),
('1255776902544461827','1','1255379800819601410','1255382142956703746','f53488c6a79e795ba288d1279a5f98e7','2020-04-30 16:31:59',NULL,NULL),
('1255776902544461828','1','1255379800819601410','1255382142956703746','c08a41bfa243e6ea121a0f0c3050517e','2020-04-30 16:31:59',NULL,NULL),
('1255776902544461829','1','1255379800819601410','1255382142956703746','b0879152ec0a13dd747e1876fd321f00','2020-04-30 16:31:59',NULL,NULL),
('1255776902544461830','1','1255379800819601410','1255382142956703746','3a6dec5833f02abad0fe5bc287951f53','2020-04-30 16:31:59',NULL,NULL),
('1255776902544461831','1','1255379800819601410','1255382142956703746','58b15ffc7fb68aa1057a4a70450af6fb','2020-04-30 16:31:59',NULL,NULL),
('1255776902544461832','1','1255379800819601410','1255382142956703746','414571f4d40c91b2be1d5039341fb080','2020-04-30 16:31:59',NULL,NULL),
('1255776902544461833','1','1255379800819601410','1255382142956703747','f53488c6a79e795ba288d1279a5f98e7','2020-04-30 16:31:59',NULL,NULL),
('1255776902544461834','1','1255379800819601410','1255382142956703747','c08a41bfa243e6ea121a0f0c3050517e','2020-04-30 16:31:59',NULL,NULL),
('1255776902544461835','1','1255379800819601410','1255382142956703747','b0879152ec0a13dd747e1876fd321f00','2020-04-30 16:31:59',NULL,NULL),
('1255776902544461836','1','1255379800819601410','1255382142956703747','3a6dec5833f02abad0fe5bc287951f53','2020-04-30 16:31:59',NULL,NULL),
('1255776902544461837','1','1255379800819601410','1255382142956703747','58b15ffc7fb68aa1057a4a70450af6fb','2020-04-30 16:31:59',NULL,NULL),
('1255776902544461838','1','1255379800819601410','1255382142956703747','69ca24903aa6261ea946ef37d88db23f','2020-04-30 16:31:59',NULL,NULL),
('1255776902544461839','1','1255379800819601410','1255382142965092354','f53488c6a79e795ba288d1279a5f98e7','2020-04-30 16:31:59',NULL,NULL),
('1255776902544461840','1','1255379800819601410','1255382142965092354','c08a41bfa243e6ea121a0f0c3050517e','2020-04-30 16:31:59',NULL,NULL),
('1255776902544461841','1','1255379800819601410','1255382142965092354','b0879152ec0a13dd747e1876fd321f00','2020-04-30 16:31:59',NULL,NULL),
('1255776902544461842','1','1255379800819601410','1255382142965092354','3a6dec5833f02abad0fe5bc287951f53','2020-04-30 16:31:59',NULL,NULL),
('1255776902544461843','1','1255379800819601410','1255382142965092354','e0b840a51e251badb5606d5ce1faa695','2020-04-30 16:31:59',NULL,NULL),
('1255776902544461844','1','1255379800819601410','1255382142965092354','414571f4d40c91b2be1d5039341fb080','2020-04-30 16:31:59',NULL,NULL),
('1255776902544461845','1','1255379800819601410','1255382142973480961','f53488c6a79e795ba288d1279a5f98e7','2020-04-30 16:31:59',NULL,NULL),
('1255776902544461846','1','1255379800819601410','1255382142973480961','c08a41bfa243e6ea121a0f0c3050517e','2020-04-30 16:31:59',NULL,NULL),
('1255776902552850434','1','1255379800819601410','1255382142973480961','b0879152ec0a13dd747e1876fd321f00','2020-04-30 16:31:59',NULL,NULL),
('1255776902552850435','1','1255379800819601410','1255382142973480961','3a6dec5833f02abad0fe5bc287951f53','2020-04-30 16:31:59',NULL,NULL),
('1255776902552850436','1','1255379800819601410','1255382142973480961','e0b840a51e251badb5606d5ce1faa695','2020-04-30 16:31:59',NULL,NULL),
('1255776902552850437','1','1255379800819601410','1255382142973480961','69ca24903aa6261ea946ef37d88db23f','2020-04-30 16:31:59',NULL,NULL),
('1255776902552850438','1','1255379800819601410','1255382142981869570','f53488c6a79e795ba288d1279a5f98e7','2020-04-30 16:31:59',NULL,NULL),
('1255776902552850439','1','1255379800819601410','1255382142981869570','37251998ff4119058821e0f5ec0d282a','2020-04-30 16:31:59',NULL,NULL),
('1255776902552850440','1','1255379800819601410','1255382142981869570','e9b07c814d143d750ce38293b8497ff1','2020-04-30 16:31:59',NULL,NULL),
('1255776902552850441','1','1255379800819601410','1255382142981869570','cc5eb984477015cfff0b99ba711753d6','2020-04-30 16:31:59',NULL,NULL),
('1255776902552850442','1','1255379800819601410','1255382142981869570','4','2020-04-30 16:31:59',NULL,NULL),
('1255776902552850443','1','1255379800819601410','1255382142981869570','414571f4d40c91b2be1d5039341fb080','2020-04-30 16:31:59',NULL,NULL),
('1255776902552850444','1','1255379800819601410','1255382142981869571','f53488c6a79e795ba288d1279a5f98e7','2020-04-30 16:31:59',NULL,NULL),
('1255776902552850445','1','1255379800819601410','1255382142981869571','37251998ff4119058821e0f5ec0d282a','2020-04-30 16:31:59',NULL,NULL),
('1255776902552850446','1','1255379800819601410','1255382142981869571','e9b07c814d143d750ce38293b8497ff1','2020-04-30 16:31:59',NULL,NULL),
('1255776902552850447','1','1255379800819601410','1255382142981869571','cc5eb984477015cfff0b99ba711753d6','2020-04-30 16:31:59',NULL,NULL),
('1255776902552850448','1','1255379800819601410','1255382142981869571','4','2020-04-30 16:31:59',NULL,NULL),
('1255776902552850449','1','1255379800819601410','1255382142981869571','69ca24903aa6261ea946ef37d88db23f','2020-04-30 16:31:59',NULL,NULL),
('1255776902557044738','1','1255379800819601410','1255382142990258178','f53488c6a79e795ba288d1279a5f98e7','2020-04-30 16:31:59',NULL,NULL),
('1255776902557044739','1','1255379800819601410','1255382142990258178','37251998ff4119058821e0f5ec0d282a','2020-04-30 16:31:59',NULL,NULL),
('1255776902557044740','1','1255379800819601410','1255382142990258178','e9b07c814d143d750ce38293b8497ff1','2020-04-30 16:31:59',NULL,NULL),
('1255776902557044741','1','1255379800819601410','1255382142990258178','cc5eb984477015cfff0b99ba711753d6','2020-04-30 16:31:59',NULL,NULL),
('1255776902557044742','1','1255379800819601410','1255382142990258178','58b15ffc7fb68aa1057a4a70450af6fb','2020-04-30 16:31:59',NULL,NULL),
('1255776902557044743','1','1255379800819601410','1255382142990258178','414571f4d40c91b2be1d5039341fb080','2020-04-30 16:31:59',NULL,NULL),
('1255776902557044744','1','1255379800819601410','1255382142998646785','f53488c6a79e795ba288d1279a5f98e7','2020-04-30 16:31:59',NULL,NULL),
('1255776902557044745','1','1255379800819601410','1255382142998646785','37251998ff4119058821e0f5ec0d282a','2020-04-30 16:31:59',NULL,NULL),
('1255776902557044746','1','1255379800819601410','1255382142998646785','e9b07c814d143d750ce38293b8497ff1','2020-04-30 16:31:59',NULL,NULL),
('1255776902557044747','1','1255379800819601410','1255382142998646785','cc5eb984477015cfff0b99ba711753d6','2020-04-30 16:31:59',NULL,NULL),
('1255776902557044748','1','1255379800819601410','1255382142998646785','58b15ffc7fb68aa1057a4a70450af6fb','2020-04-30 16:31:59',NULL,NULL),
('1255776902557044749','1','1255379800819601410','1255382142998646785','69ca24903aa6261ea946ef37d88db23f','2020-04-30 16:31:59',NULL,NULL),
('1255776902557044750','1','1255379800819601410','1255382143007035393','f53488c6a79e795ba288d1279a5f98e7','2020-04-30 16:31:59',NULL,NULL),
('1255776902557044751','1','1255379800819601410','1255382143007035393','37251998ff4119058821e0f5ec0d282a','2020-04-30 16:31:59',NULL,NULL),
('1255776902557044752','1','1255379800819601410','1255382143007035393','e9b07c814d143d750ce38293b8497ff1','2020-04-30 16:31:59',NULL,NULL),
('1255776902557044753','1','1255379800819601410','1255382143007035393','cc5eb984477015cfff0b99ba711753d6','2020-04-30 16:31:59',NULL,NULL),
('1255776902557044754','1','1255379800819601410','1255382143007035393','e0b840a51e251badb5606d5ce1faa695','2020-04-30 16:31:59',NULL,NULL),
('1255776902557044755','1','1255379800819601410','1255382143007035393','414571f4d40c91b2be1d5039341fb080','2020-04-30 16:31:59',NULL,NULL),
('1255776902557044756','1','1255379800819601410','1255382143011229697','f53488c6a79e795ba288d1279a5f98e7','2020-04-30 16:31:59',NULL,NULL),
('1255776902557044757','1','1255379800819601410','1255382143011229697','37251998ff4119058821e0f5ec0d282a','2020-04-30 16:31:59',NULL,NULL),
('1255776902557044758','1','1255379800819601410','1255382143011229697','e9b07c814d143d750ce38293b8497ff1','2020-04-30 16:31:59',NULL,NULL),
('1255776902557044759','1','1255379800819601410','1255382143011229697','cc5eb984477015cfff0b99ba711753d6','2020-04-30 16:31:59',NULL,NULL),
('1255776902557044760','1','1255379800819601410','1255382143011229697','e0b840a51e251badb5606d5ce1faa695','2020-04-30 16:31:59',NULL,NULL),
('1255776902557044761','1','1255379800819601410','1255382143011229697','69ca24903aa6261ea946ef37d88db23f','2020-04-30 16:31:59',NULL,NULL),
('1255776902557044762','1','1255379800819601410','1255382143019618306','f53488c6a79e795ba288d1279a5f98e7','2020-04-30 16:31:59',NULL,NULL),
('1255776902557044763','1','1255379800819601410','1255382143019618306','37251998ff4119058821e0f5ec0d282a','2020-04-30 16:31:59',NULL,NULL),
('1255776902557044764','1','1255379800819601410','1255382143019618306','e9b07c814d143d750ce38293b8497ff1','2020-04-30 16:31:59',NULL,NULL),
('1255776902557044765','1','1255379800819601410','1255382143019618306','f5cae0dec1002ac65be1852e07a94fd2','2020-04-30 16:31:59',NULL,NULL),
('1255776902557044766','1','1255379800819601410','1255382143019618306','4','2020-04-30 16:31:59',NULL,NULL),
('1255776902557044767','1','1255379800819601410','1255382143019618306','414571f4d40c91b2be1d5039341fb080','2020-04-30 16:31:59',NULL,NULL),
('1255776902557044768','1','1255379800819601410','1255382143023812610','f53488c6a79e795ba288d1279a5f98e7','2020-04-30 16:31:59',NULL,NULL),
('1255776902565433345','1','1255379800819601410','1255382143023812610','37251998ff4119058821e0f5ec0d282a','2020-04-30 16:31:59',NULL,NULL),
('1255776902565433346','1','1255379800819601410','1255382143023812610','e9b07c814d143d750ce38293b8497ff1','2020-04-30 16:31:59',NULL,NULL),
('1255776902565433347','1','1255379800819601410','1255382143023812610','f5cae0dec1002ac65be1852e07a94fd2','2020-04-30 16:31:59',NULL,NULL),
('1255776902565433348','1','1255379800819601410','1255382143023812610','4','2020-04-30 16:31:59',NULL,NULL),
('1255776902565433349','1','1255379800819601410','1255382143023812610','69ca24903aa6261ea946ef37d88db23f','2020-04-30 16:31:59',NULL,NULL),
('1255776902565433350','1','1255379800819601410','1255382143032201217','f53488c6a79e795ba288d1279a5f98e7','2020-04-30 16:31:59',NULL,NULL),
('1255776902565433351','1','1255379800819601410','1255382143032201217','37251998ff4119058821e0f5ec0d282a','2020-04-30 16:31:59',NULL,NULL),
('1255776902565433352','1','1255379800819601410','1255382143032201217','e9b07c814d143d750ce38293b8497ff1','2020-04-30 16:31:59',NULL,NULL),
('1255776902565433353','1','1255379800819601410','1255382143032201217','f5cae0dec1002ac65be1852e07a94fd2','2020-04-30 16:31:59',NULL,NULL),
('1255776902565433354','1','1255379800819601410','1255382143032201217','58b15ffc7fb68aa1057a4a70450af6fb','2020-04-30 16:31:59',NULL,NULL),
('1255776902565433355','1','1255379800819601410','1255382143032201217','414571f4d40c91b2be1d5039341fb080','2020-04-30 16:31:59',NULL,NULL),
('1255776902565433356','1','1255379800819601410','1255382143040589826','f53488c6a79e795ba288d1279a5f98e7','2020-04-30 16:31:59',NULL,NULL),
('1255776902565433357','1','1255379800819601410','1255382143040589826','37251998ff4119058821e0f5ec0d282a','2020-04-30 16:31:59',NULL,NULL),
('1255776902565433358','1','1255379800819601410','1255382143040589826','e9b07c814d143d750ce38293b8497ff1','2020-04-30 16:31:59',NULL,NULL),
('1255776902565433359','1','1255379800819601410','1255382143040589826','f5cae0dec1002ac65be1852e07a94fd2','2020-04-30 16:31:59',NULL,NULL),
('1255776902569627650','1','1255379800819601410','1255382143040589826','58b15ffc7fb68aa1057a4a70450af6fb','2020-04-30 16:31:59',NULL,NULL),
('1255776902569627651','1','1255379800819601410','1255382143040589826','69ca24903aa6261ea946ef37d88db23f','2020-04-30 16:31:59',NULL,NULL),
('1255776902569627652','1','1255379800819601410','1255382143040589827','f53488c6a79e795ba288d1279a5f98e7','2020-04-30 16:31:59',NULL,NULL),
('1255776902569627653','1','1255379800819601410','1255382143040589827','37251998ff4119058821e0f5ec0d282a','2020-04-30 16:31:59',NULL,NULL),
('1255776902569627654','1','1255379800819601410','1255382143040589827','e9b07c814d143d750ce38293b8497ff1','2020-04-30 16:31:59',NULL,NULL),
('1255776902569627655','1','1255379800819601410','1255382143040589827','f5cae0dec1002ac65be1852e07a94fd2','2020-04-30 16:31:59',NULL,NULL),
('1255776902569627656','1','1255379800819601410','1255382143040589827','e0b840a51e251badb5606d5ce1faa695','2020-04-30 16:31:59',NULL,NULL),
('1255776902569627657','1','1255379800819601410','1255382143040589827','414571f4d40c91b2be1d5039341fb080','2020-04-30 16:31:59',NULL,NULL),
('1255776902569627658','1','1255379800819601410','1255382143048978434','f53488c6a79e795ba288d1279a5f98e7','2020-04-30 16:31:59',NULL,NULL),
('1255776902569627659','1','1255379800819601410','1255382143048978434','37251998ff4119058821e0f5ec0d282a','2020-04-30 16:31:59',NULL,NULL),
('1255776902569627660','1','1255379800819601410','1255382143048978434','e9b07c814d143d750ce38293b8497ff1','2020-04-30 16:31:59',NULL,NULL),
('1255776902569627661','1','1255379800819601410','1255382143048978434','f5cae0dec1002ac65be1852e07a94fd2','2020-04-30 16:31:59',NULL,NULL),
('1255776902569627662','1','1255379800819601410','1255382143048978434','e0b840a51e251badb5606d5ce1faa695','2020-04-30 16:31:59',NULL,NULL),
('1255776902569627663','1','1255379800819601410','1255382143048978434','69ca24903aa6261ea946ef37d88db23f','2020-04-30 16:31:59',NULL,NULL),
('1255776902569627664','1','1255379800819601410','1255382143057367041','f53488c6a79e795ba288d1279a5f98e7','2020-04-30 16:31:59',NULL,NULL),
('1255776902569627665','1','1255379800819601410','1255382143057367041','37251998ff4119058821e0f5ec0d282a','2020-04-30 16:31:59',NULL,NULL),
('1255776902569627666','1','1255379800819601410','1255382143057367041','e9b07c814d143d750ce38293b8497ff1','2020-04-30 16:31:59',NULL,NULL),
('1255776902569627667','1','1255379800819601410','1255382143057367041','f06e7ed568c220d2624771b8f5de5b66','2020-04-30 16:31:59',NULL,NULL),
('1255776902569627668','1','1255379800819601410','1255382143057367041','4','2020-04-30 16:31:59',NULL,NULL),
('1255776902569627669','1','1255379800819601410','1255382143057367041','414571f4d40c91b2be1d5039341fb080','2020-04-30 16:31:59',NULL,NULL),
('1255776902569627670','1','1255379800819601410','1255382143065755650','f53488c6a79e795ba288d1279a5f98e7','2020-04-30 16:31:59',NULL,NULL),
('1255776902569627671','1','1255379800819601410','1255382143065755650','37251998ff4119058821e0f5ec0d282a','2020-04-30 16:31:59',NULL,NULL),
('1255776902569627672','1','1255379800819601410','1255382143065755650','e9b07c814d143d750ce38293b8497ff1','2020-04-30 16:31:59',NULL,NULL),
('1255776902569627673','1','1255379800819601410','1255382143065755650','f06e7ed568c220d2624771b8f5de5b66','2020-04-30 16:31:59',NULL,NULL),
('1255776902578016257','1','1255379800819601410','1255382143065755650','4','2020-04-30 16:31:59',NULL,NULL),
('1255776902578016258','1','1255379800819601410','1255382143065755650','69ca24903aa6261ea946ef37d88db23f','2020-04-30 16:31:59',NULL,NULL),
('1255776902578016259','1','1255379800819601410','1255382143074144257','f53488c6a79e795ba288d1279a5f98e7','2020-04-30 16:31:59',NULL,NULL),
('1255776902578016260','1','1255379800819601410','1255382143074144257','37251998ff4119058821e0f5ec0d282a','2020-04-30 16:31:59',NULL,NULL),
('1255776902578016261','1','1255379800819601410','1255382143074144257','e9b07c814d143d750ce38293b8497ff1','2020-04-30 16:31:59',NULL,NULL),
('1255776902578016262','1','1255379800819601410','1255382143074144257','f06e7ed568c220d2624771b8f5de5b66','2020-04-30 16:31:59',NULL,NULL),
('1255776902578016263','1','1255379800819601410','1255382143074144257','58b15ffc7fb68aa1057a4a70450af6fb','2020-04-30 16:31:59',NULL,NULL),
('1255776902578016264','1','1255379800819601410','1255382143074144257','414571f4d40c91b2be1d5039341fb080','2020-04-30 16:31:59',NULL,NULL),
('1255776902578016265','1','1255379800819601410','1255382143078338562','f53488c6a79e795ba288d1279a5f98e7','2020-04-30 16:31:59',NULL,NULL),
('1255776902578016266','1','1255379800819601410','1255382143078338562','37251998ff4119058821e0f5ec0d282a','2020-04-30 16:31:59',NULL,NULL),
('1255776902578016267','1','1255379800819601410','1255382143078338562','e9b07c814d143d750ce38293b8497ff1','2020-04-30 16:31:59',NULL,NULL),
('1255776902578016268','1','1255379800819601410','1255382143078338562','f06e7ed568c220d2624771b8f5de5b66','2020-04-30 16:31:59',NULL,NULL),
('1255776902578016269','1','1255379800819601410','1255382143078338562','58b15ffc7fb68aa1057a4a70450af6fb','2020-04-30 16:31:59',NULL,NULL),
('1255776902578016270','1','1255379800819601410','1255382143078338562','69ca24903aa6261ea946ef37d88db23f','2020-04-30 16:31:59',NULL,NULL),
('1255776902578016271','1','1255379800819601410','1255382143086727169','f53488c6a79e795ba288d1279a5f98e7','2020-04-30 16:31:59',NULL,NULL),
('1255776902578016272','1','1255379800819601410','1255382143086727169','37251998ff4119058821e0f5ec0d282a','2020-04-30 16:31:59',NULL,NULL),
('1255776902578016273','1','1255379800819601410','1255382143086727169','e9b07c814d143d750ce38293b8497ff1','2020-04-30 16:31:59',NULL,NULL),
('1255776902578016274','1','1255379800819601410','1255382143086727169','f06e7ed568c220d2624771b8f5de5b66','2020-04-30 16:31:59',NULL,NULL),
('1255776902586404866','1','1255379800819601410','1255382143086727169','e0b840a51e251badb5606d5ce1faa695','2020-04-30 16:31:59',NULL,NULL),
('1255776902586404867','1','1255379800819601410','1255382143086727169','414571f4d40c91b2be1d5039341fb080','2020-04-30 16:31:59',NULL,NULL),
('1255776902586404868','1','1255379800819601410','1255382143086727170','f53488c6a79e795ba288d1279a5f98e7','2020-04-30 16:31:59',NULL,NULL),
('1255776902586404869','1','1255379800819601410','1255382143086727170','37251998ff4119058821e0f5ec0d282a','2020-04-30 16:31:59',NULL,NULL),
('1255776902586404870','1','1255379800819601410','1255382143086727170','e9b07c814d143d750ce38293b8497ff1','2020-04-30 16:31:59',NULL,NULL),
('1255776902586404871','1','1255379800819601410','1255382143086727170','f06e7ed568c220d2624771b8f5de5b66','2020-04-30 16:31:59',NULL,NULL),
('1255776902586404872','1','1255379800819601410','1255382143086727170','e0b840a51e251badb5606d5ce1faa695','2020-04-30 16:31:59',NULL,NULL),
('1255776902586404873','1','1255379800819601410','1255382143086727170','69ca24903aa6261ea946ef37d88db23f','2020-04-30 16:31:59',NULL,NULL),
('1255776902586404874','1','1255379800819601410','1255382143095115778','f53488c6a79e795ba288d1279a5f98e7','2020-04-30 16:31:59',NULL,NULL),
('1255776902586404875','1','1255379800819601410','1255382143095115778','37251998ff4119058821e0f5ec0d282a','2020-04-30 16:31:59',NULL,NULL),
('1255776902586404876','1','1255379800819601410','1255382143095115778','e9b07c814d143d750ce38293b8497ff1','2020-04-30 16:31:59',NULL,NULL),
('1255776902586404877','1','1255379800819601410','1255382143095115778','3a6dec5833f02abad0fe5bc287951f53','2020-04-30 16:31:59',NULL,NULL),
('1255776902586404878','1','1255379800819601410','1255382143095115778','4','2020-04-30 16:31:59',NULL,NULL),
('1255776902586404879','1','1255379800819601410','1255382143095115778','414571f4d40c91b2be1d5039341fb080','2020-04-30 16:31:59',NULL,NULL),
('1255776902586404880','1','1255379800819601410','1255382143103504385','f53488c6a79e795ba288d1279a5f98e7','2020-04-30 16:31:59',NULL,NULL),
('1255776902586404881','1','1255379800819601410','1255382143103504385','37251998ff4119058821e0f5ec0d282a','2020-04-30 16:31:59',NULL,NULL),
('1255776902586404882','1','1255379800819601410','1255382143103504385','e9b07c814d143d750ce38293b8497ff1','2020-04-30 16:31:59',NULL,NULL),
('1255776902586404883','1','1255379800819601410','1255382143103504385','3a6dec5833f02abad0fe5bc287951f53','2020-04-30 16:31:59',NULL,NULL),
('1255776902586404884','1','1255379800819601410','1255382143103504385','4','2020-04-30 16:31:59',NULL,NULL),
('1255776902586404885','1','1255379800819601410','1255382143103504385','69ca24903aa6261ea946ef37d88db23f','2020-04-30 16:31:59',NULL,NULL),
('1255776902586404886','1','1255379800819601410','1255382143103504386','f53488c6a79e795ba288d1279a5f98e7','2020-04-30 16:31:59',NULL,NULL),
('1255776902586404887','1','1255379800819601410','1255382143103504386','37251998ff4119058821e0f5ec0d282a','2020-04-30 16:31:59',NULL,NULL),
('1255776902586404888','1','1255379800819601410','1255382143103504386','e9b07c814d143d750ce38293b8497ff1','2020-04-30 16:31:59',NULL,NULL),
('1255776902586404889','1','1255379800819601410','1255382143103504386','3a6dec5833f02abad0fe5bc287951f53','2020-04-30 16:31:59',NULL,NULL),
('1255776902586404890','1','1255379800819601410','1255382143103504386','58b15ffc7fb68aa1057a4a70450af6fb','2020-04-30 16:31:59',NULL,NULL),
('1255776902594793474','1','1255379800819601410','1255382143103504386','414571f4d40c91b2be1d5039341fb080','2020-04-30 16:31:59',NULL,NULL),
('1255776902594793475','1','1255379800819601410','1255382143111892994','f53488c6a79e795ba288d1279a5f98e7','2020-04-30 16:31:59',NULL,NULL),
('1255776902594793476','1','1255379800819601410','1255382143111892994','37251998ff4119058821e0f5ec0d282a','2020-04-30 16:31:59',NULL,NULL),
('1255776902594793477','1','1255379800819601410','1255382143111892994','e9b07c814d143d750ce38293b8497ff1','2020-04-30 16:31:59',NULL,NULL),
('1255776902594793478','1','1255379800819601410','1255382143111892994','3a6dec5833f02abad0fe5bc287951f53','2020-04-30 16:31:59',NULL,NULL),
('1255776902594793479','1','1255379800819601410','1255382143111892994','58b15ffc7fb68aa1057a4a70450af6fb','2020-04-30 16:31:59',NULL,NULL),
('1255776902594793480','1','1255379800819601410','1255382143111892994','69ca24903aa6261ea946ef37d88db23f','2020-04-30 16:31:59',NULL,NULL),
('1255776902594793481','1','1255379800819601410','1255382143120281602','f53488c6a79e795ba288d1279a5f98e7','2020-04-30 16:31:59',NULL,NULL),
('1255776902594793482','1','1255379800819601410','1255382143120281602','37251998ff4119058821e0f5ec0d282a','2020-04-30 16:31:59',NULL,NULL),
('1255776902594793483','1','1255379800819601410','1255382143120281602','e9b07c814d143d750ce38293b8497ff1','2020-04-30 16:31:59',NULL,NULL),
('1255776902594793484','1','1255379800819601410','1255382143120281602','3a6dec5833f02abad0fe5bc287951f53','2020-04-30 16:31:59',NULL,NULL),
('1255776902594793485','1','1255379800819601410','1255382143120281602','e0b840a51e251badb5606d5ce1faa695','2020-04-30 16:31:59',NULL,NULL),
('1255776902594793486','1','1255379800819601410','1255382143120281602','414571f4d40c91b2be1d5039341fb080','2020-04-30 16:31:59',NULL,NULL),
('1255776902594793487','1','1255379800819601410','1255382143128670210','f53488c6a79e795ba288d1279a5f98e7','2020-04-30 16:31:59',NULL,NULL),
('1255776902594793488','1','1255379800819601410','1255382143128670210','37251998ff4119058821e0f5ec0d282a','2020-04-30 16:31:59',NULL,NULL),
('1255776902594793489','1','1255379800819601410','1255382143128670210','e9b07c814d143d750ce38293b8497ff1','2020-04-30 16:31:59',NULL,NULL),
('1255776902594793490','1','1255379800819601410','1255382143128670210','3a6dec5833f02abad0fe5bc287951f53','2020-04-30 16:31:59',NULL,NULL),
('1255776902594793491','1','1255379800819601410','1255382143128670210','e0b840a51e251badb5606d5ce1faa695','2020-04-30 16:31:59',NULL,NULL),
('1255776902594793492','1','1255379800819601410','1255382143128670210','69ca24903aa6261ea946ef37d88db23f','2020-04-30 16:31:59',NULL,NULL),
('1255776902594793493','1','1255379800819601410','1255382143128670211','f53488c6a79e795ba288d1279a5f98e7','2020-04-30 16:31:59',NULL,NULL),
('1255776902594793494','1','1255379800819601410','1255382143128670211','37251998ff4119058821e0f5ec0d282a','2020-04-30 16:31:59',NULL,NULL),
('1255776902594793495','1','1255379800819601410','1255382143128670211','b0879152ec0a13dd747e1876fd321f00','2020-04-30 16:31:59',NULL,NULL),
('1255776902594793496','1','1255379800819601410','1255382143128670211','cc5eb984477015cfff0b99ba711753d6','2020-04-30 16:31:59',NULL,NULL),
('1255776902594793497','1','1255379800819601410','1255382143128670211','4','2020-04-30 16:31:59',NULL,NULL),
('1255776902603182081','1','1255379800819601410','1255382143128670211','414571f4d40c91b2be1d5039341fb080','2020-04-30 16:31:59',NULL,NULL),
('1255776902603182082','1','1255379800819601410','1255382143137058817','f53488c6a79e795ba288d1279a5f98e7','2020-04-30 16:31:59',NULL,NULL),
('1255776902603182083','1','1255379800819601410','1255382143137058817','37251998ff4119058821e0f5ec0d282a','2020-04-30 16:31:59',NULL,NULL),
('1255776902603182084','1','1255379800819601410','1255382143137058817','b0879152ec0a13dd747e1876fd321f00','2020-04-30 16:31:59',NULL,NULL),
('1255776902603182085','1','1255379800819601410','1255382143137058817','cc5eb984477015cfff0b99ba711753d6','2020-04-30 16:31:59',NULL,NULL),
('1255776902603182086','1','1255379800819601410','1255382143137058817','4','2020-04-30 16:31:59',NULL,NULL),
('1255776902603182087','1','1255379800819601410','1255382143137058817','69ca24903aa6261ea946ef37d88db23f','2020-04-30 16:31:59',NULL,NULL),
('1255776902603182088','1','1255379800819601410','1255382143145447425','f53488c6a79e795ba288d1279a5f98e7','2020-04-30 16:31:59',NULL,NULL),
('1255776902603182089','1','1255379800819601410','1255382143145447425','37251998ff4119058821e0f5ec0d282a','2020-04-30 16:31:59',NULL,NULL),
('1255776902603182090','1','1255379800819601410','1255382143145447425','b0879152ec0a13dd747e1876fd321f00','2020-04-30 16:31:59',NULL,NULL),
('1255776902603182091','1','1255379800819601410','1255382143145447425','cc5eb984477015cfff0b99ba711753d6','2020-04-30 16:31:59',NULL,NULL),
('1255776902603182092','1','1255379800819601410','1255382143145447425','58b15ffc7fb68aa1057a4a70450af6fb','2020-04-30 16:31:59',NULL,NULL),
('1255776902603182093','1','1255379800819601410','1255382143145447425','414571f4d40c91b2be1d5039341fb080','2020-04-30 16:31:59',NULL,NULL),
('1255776902603182094','1','1255379800819601410','1255382143153836034','f53488c6a79e795ba288d1279a5f98e7','2020-04-30 16:31:59',NULL,NULL),
('1255776902603182095','1','1255379800819601410','1255382143153836034','37251998ff4119058821e0f5ec0d282a','2020-04-30 16:31:59',NULL,NULL),
('1255776902603182096','1','1255379800819601410','1255382143153836034','b0879152ec0a13dd747e1876fd321f00','2020-04-30 16:31:59',NULL,NULL),
('1255776902603182097','1','1255379800819601410','1255382143153836034','cc5eb984477015cfff0b99ba711753d6','2020-04-30 16:31:59',NULL,NULL),
('1255776902603182098','1','1255379800819601410','1255382143153836034','58b15ffc7fb68aa1057a4a70450af6fb','2020-04-30 16:31:59',NULL,NULL),
('1255776902603182099','1','1255379800819601410','1255382143153836034','69ca24903aa6261ea946ef37d88db23f','2020-04-30 16:31:59',NULL,NULL),
('1255776902603182100','1','1255379800819601410','1255382143158030337','f53488c6a79e795ba288d1279a5f98e7','2020-04-30 16:31:59',NULL,NULL),
('1255776902603182101','1','1255379800819601410','1255382143158030337','37251998ff4119058821e0f5ec0d282a','2020-04-30 16:31:59',NULL,NULL),
('1255776902603182102','1','1255379800819601410','1255382143158030337','b0879152ec0a13dd747e1876fd321f00','2020-04-30 16:31:59',NULL,NULL),
('1255776902603182103','1','1255379800819601410','1255382143158030337','cc5eb984477015cfff0b99ba711753d6','2020-04-30 16:31:59',NULL,NULL),
('1255776902603182104','1','1255379800819601410','1255382143158030337','e0b840a51e251badb5606d5ce1faa695','2020-04-30 16:31:59',NULL,NULL),
('1255776902603182105','1','1255379800819601410','1255382143158030337','414571f4d40c91b2be1d5039341fb080','2020-04-30 16:31:59',NULL,NULL),
('1255776902603182106','1','1255379800819601410','1255382143166418946','f53488c6a79e795ba288d1279a5f98e7','2020-04-30 16:31:59',NULL,NULL),
('1255776902603182107','1','1255379800819601410','1255382143166418946','37251998ff4119058821e0f5ec0d282a','2020-04-30 16:31:59',NULL,NULL),
('1255776902603182108','1','1255379800819601410','1255382143166418946','b0879152ec0a13dd747e1876fd321f00','2020-04-30 16:31:59',NULL,NULL),
('1255776902611570690','1','1255379800819601410','1255382143166418946','cc5eb984477015cfff0b99ba711753d6','2020-04-30 16:31:59',NULL,NULL),
('1255776902611570691','1','1255379800819601410','1255382143166418946','e0b840a51e251badb5606d5ce1faa695','2020-04-30 16:31:59',NULL,NULL),
('1255776902611570692','1','1255379800819601410','1255382143166418946','69ca24903aa6261ea946ef37d88db23f','2020-04-30 16:31:59',NULL,NULL),
('1255776902611570693','1','1255379800819601410','1255382143166418947','f53488c6a79e795ba288d1279a5f98e7','2020-04-30 16:31:59',NULL,NULL),
('1255776902611570694','1','1255379800819601410','1255382143166418947','37251998ff4119058821e0f5ec0d282a','2020-04-30 16:31:59',NULL,NULL),
('1255776902611570695','1','1255379800819601410','1255382143166418947','b0879152ec0a13dd747e1876fd321f00','2020-04-30 16:31:59',NULL,NULL),
('1255776902611570696','1','1255379800819601410','1255382143166418947','f5cae0dec1002ac65be1852e07a94fd2','2020-04-30 16:31:59',NULL,NULL),
('1255776902611570697','1','1255379800819601410','1255382143166418947','4','2020-04-30 16:31:59',NULL,NULL),
('1255776902611570698','1','1255379800819601410','1255382143166418947','414571f4d40c91b2be1d5039341fb080','2020-04-30 16:31:59',NULL,NULL),
('1255776902611570699','1','1255379800819601410','1255382143174807554','f53488c6a79e795ba288d1279a5f98e7','2020-04-30 16:31:59',NULL,NULL),
('1255776902611570700','1','1255379800819601410','1255382143174807554','37251998ff4119058821e0f5ec0d282a','2020-04-30 16:31:59',NULL,NULL),
('1255776902611570701','1','1255379800819601410','1255382143174807554','b0879152ec0a13dd747e1876fd321f00','2020-04-30 16:31:59',NULL,NULL),
('1255776902611570702','1','1255379800819601410','1255382143174807554','f5cae0dec1002ac65be1852e07a94fd2','2020-04-30 16:31:59',NULL,NULL),
('1255776902611570703','1','1255379800819601410','1255382143174807554','4','2020-04-30 16:31:59',NULL,NULL),
('1255776902611570704','1','1255379800819601410','1255382143174807554','69ca24903aa6261ea946ef37d88db23f','2020-04-30 16:31:59',NULL,NULL),
('1255776902611570705','1','1255379800819601410','1255382143183196162','f53488c6a79e795ba288d1279a5f98e7','2020-04-30 16:31:59',NULL,NULL),
('1255776902611570706','1','1255379800819601410','1255382143183196162','37251998ff4119058821e0f5ec0d282a','2020-04-30 16:31:59',NULL,NULL),
('1255776902611570707','1','1255379800819601410','1255382143183196162','b0879152ec0a13dd747e1876fd321f00','2020-04-30 16:31:59',NULL,NULL),
('1255776902611570708','1','1255379800819601410','1255382143183196162','f5cae0dec1002ac65be1852e07a94fd2','2020-04-30 16:31:59',NULL,NULL),
('1255776902611570709','1','1255379800819601410','1255382143183196162','58b15ffc7fb68aa1057a4a70450af6fb','2020-04-30 16:31:59',NULL,NULL),
('1255776902611570710','1','1255379800819601410','1255382143183196162','414571f4d40c91b2be1d5039341fb080','2020-04-30 16:31:59',NULL,NULL),
('1255776902611570711','1','1255379800819601410','1255382143191584769','f53488c6a79e795ba288d1279a5f98e7','2020-04-30 16:31:59',NULL,NULL),
('1255776902611570712','1','1255379800819601410','1255382143191584769','37251998ff4119058821e0f5ec0d282a','2020-04-30 16:31:59',NULL,NULL),
('1255776902611570713','1','1255379800819601410','1255382143191584769','b0879152ec0a13dd747e1876fd321f00','2020-04-30 16:31:59',NULL,NULL),
('1255776902611570714','1','1255379800819601410','1255382143191584769','f5cae0dec1002ac65be1852e07a94fd2','2020-04-30 16:31:59',NULL,NULL),
('1255776902611570715','1','1255379800819601410','1255382143191584769','58b15ffc7fb68aa1057a4a70450af6fb','2020-04-30 16:31:59',NULL,NULL),
('1255776902611570716','1','1255379800819601410','1255382143191584769','69ca24903aa6261ea946ef37d88db23f','2020-04-30 16:31:59',NULL,NULL),
('1255776902611570717','1','1255379800819601410','1255382143191584770','f53488c6a79e795ba288d1279a5f98e7','2020-04-30 16:31:59',NULL,NULL),
('1255776902611570718','1','1255379800819601410','1255382143191584770','37251998ff4119058821e0f5ec0d282a','2020-04-30 16:31:59',NULL,NULL),
('1255776902619959297','1','1255379800819601410','1255382143191584770','b0879152ec0a13dd747e1876fd321f00','2020-04-30 16:31:59',NULL,NULL),
('1255776902619959298','1','1255379800819601410','1255382143191584770','f5cae0dec1002ac65be1852e07a94fd2','2020-04-30 16:31:59',NULL,NULL),
('1255776902619959299','1','1255379800819601410','1255382143191584770','e0b840a51e251badb5606d5ce1faa695','2020-04-30 16:31:59',NULL,NULL),
('1255776902619959300','1','1255379800819601410','1255382143191584770','414571f4d40c91b2be1d5039341fb080','2020-04-30 16:31:59',NULL,NULL),
('1255776902619959301','1','1255379800819601410','1255382143208361986','f53488c6a79e795ba288d1279a5f98e7','2020-04-30 16:31:59',NULL,NULL),
('1255776902619959302','1','1255379800819601410','1255382143208361986','37251998ff4119058821e0f5ec0d282a','2020-04-30 16:31:59',NULL,NULL),
('1255776902619959303','1','1255379800819601410','1255382143208361986','b0879152ec0a13dd747e1876fd321f00','2020-04-30 16:31:59',NULL,NULL),
('1255776902619959304','1','1255379800819601410','1255382143208361986','f5cae0dec1002ac65be1852e07a94fd2','2020-04-30 16:31:59',NULL,NULL),
('1255776902619959305','1','1255379800819601410','1255382143208361986','e0b840a51e251badb5606d5ce1faa695','2020-04-30 16:31:59',NULL,NULL),
('1255776902619959306','1','1255379800819601410','1255382143208361986','69ca24903aa6261ea946ef37d88db23f','2020-04-30 16:31:59',NULL,NULL),
('1255776902619959307','1','1255379800819601410','1255382143216750594','f53488c6a79e795ba288d1279a5f98e7','2020-04-30 16:31:59',NULL,NULL),
('1255776902619959308','1','1255379800819601410','1255382143216750594','37251998ff4119058821e0f5ec0d282a','2020-04-30 16:31:59',NULL,NULL),
('1255776902619959309','1','1255379800819601410','1255382143216750594','b0879152ec0a13dd747e1876fd321f00','2020-04-30 16:31:59',NULL,NULL),
('1255776902619959310','1','1255379800819601410','1255382143216750594','f06e7ed568c220d2624771b8f5de5b66','2020-04-30 16:31:59',NULL,NULL),
('1255776902619959311','1','1255379800819601410','1255382143216750594','4','2020-04-30 16:31:59',NULL,NULL),
('1255776902619959312','1','1255379800819601410','1255382143216750594','414571f4d40c91b2be1d5039341fb080','2020-04-30 16:31:59',NULL,NULL),
('1255776902619959313','1','1255379800819601410','1255382143225139202','f53488c6a79e795ba288d1279a5f98e7','2020-04-30 16:31:59',NULL,NULL),
('1255776902619959314','1','1255379800819601410','1255382143225139202','37251998ff4119058821e0f5ec0d282a','2020-04-30 16:31:59',NULL,NULL),
('1255776902619959315','1','1255379800819601410','1255382143225139202','b0879152ec0a13dd747e1876fd321f00','2020-04-30 16:31:59',NULL,NULL),
('1255776902619959316','1','1255379800819601410','1255382143225139202','f06e7ed568c220d2624771b8f5de5b66','2020-04-30 16:31:59',NULL,NULL),
('1255776902619959317','1','1255379800819601410','1255382143225139202','4','2020-04-30 16:31:59',NULL,NULL),
('1255776902619959318','1','1255379800819601410','1255382143225139202','69ca24903aa6261ea946ef37d88db23f','2020-04-30 16:31:59',NULL,NULL),
('1255776902619959319','1','1255379800819601410','1255382143225139203','f53488c6a79e795ba288d1279a5f98e7','2020-04-30 16:31:59',NULL,NULL),
('1255776902619959320','1','1255379800819601410','1255382143225139203','37251998ff4119058821e0f5ec0d282a','2020-04-30 16:31:59',NULL,NULL),
('1255776902628347906','1','1255379800819601410','1255382143225139203','b0879152ec0a13dd747e1876fd321f00','2020-04-30 16:31:59',NULL,NULL),
('1255776902628347907','1','1255379800819601410','1255382143225139203','f06e7ed568c220d2624771b8f5de5b66','2020-04-30 16:31:59',NULL,NULL),
('1255776902628347908','1','1255379800819601410','1255382143225139203','58b15ffc7fb68aa1057a4a70450af6fb','2020-04-30 16:31:59',NULL,NULL),
('1255776902628347909','1','1255379800819601410','1255382143225139203','414571f4d40c91b2be1d5039341fb080','2020-04-30 16:31:59',NULL,NULL),
('1255776902628347910','1','1255379800819601410','1255382143233527809','f53488c6a79e795ba288d1279a5f98e7','2020-04-30 16:31:59',NULL,NULL),
('1255776902628347911','1','1255379800819601410','1255382143233527809','37251998ff4119058821e0f5ec0d282a','2020-04-30 16:31:59',NULL,NULL),
('1255776902628347912','1','1255379800819601410','1255382143233527809','b0879152ec0a13dd747e1876fd321f00','2020-04-30 16:31:59',NULL,NULL),
('1255776902628347913','1','1255379800819601410','1255382143233527809','f06e7ed568c220d2624771b8f5de5b66','2020-04-30 16:31:59',NULL,NULL),
('1255776902628347914','1','1255379800819601410','1255382143233527809','58b15ffc7fb68aa1057a4a70450af6fb','2020-04-30 16:31:59',NULL,NULL),
('1255776902628347915','1','1255379800819601410','1255382143233527809','69ca24903aa6261ea946ef37d88db23f','2020-04-30 16:31:59',NULL,NULL),
('1255776902628347916','1','1255379800819601410','1255382143237722114','f53488c6a79e795ba288d1279a5f98e7','2020-04-30 16:31:59',NULL,NULL),
('1255776902628347917','1','1255379800819601410','1255382143237722114','37251998ff4119058821e0f5ec0d282a','2020-04-30 16:31:59',NULL,NULL),
('1255776902628347918','1','1255379800819601410','1255382143237722114','b0879152ec0a13dd747e1876fd321f00','2020-04-30 16:31:59',NULL,NULL),
('1255776902628347919','1','1255379800819601410','1255382143237722114','f06e7ed568c220d2624771b8f5de5b66','2020-04-30 16:31:59',NULL,NULL),
('1255776902628347920','1','1255379800819601410','1255382143237722114','e0b840a51e251badb5606d5ce1faa695','2020-04-30 16:31:59',NULL,NULL),
('1255776902628347921','1','1255379800819601410','1255382143237722114','414571f4d40c91b2be1d5039341fb080','2020-04-30 16:31:59',NULL,NULL),
('1255776902628347922','1','1255379800819601410','1255382143246110722','f53488c6a79e795ba288d1279a5f98e7','2020-04-30 16:31:59',NULL,NULL),
('1255776902628347923','1','1255379800819601410','1255382143246110722','37251998ff4119058821e0f5ec0d282a','2020-04-30 16:31:59',NULL,NULL),
('1255776902628347924','1','1255379800819601410','1255382143246110722','b0879152ec0a13dd747e1876fd321f00','2020-04-30 16:31:59',NULL,NULL),
('1255776902628347925','1','1255379800819601410','1255382143246110722','f06e7ed568c220d2624771b8f5de5b66','2020-04-30 16:31:59',NULL,NULL),
('1255776902628347926','1','1255379800819601410','1255382143246110722','e0b840a51e251badb5606d5ce1faa695','2020-04-30 16:31:59',NULL,NULL),
('1255776902628347927','1','1255379800819601410','1255382143246110722','69ca24903aa6261ea946ef37d88db23f','2020-04-30 16:31:59',NULL,NULL),
('1255776902628347928','1','1255379800819601410','1255382143254499329','f53488c6a79e795ba288d1279a5f98e7','2020-04-30 16:31:59',NULL,NULL),
('1255776902628347929','1','1255379800819601410','1255382143254499329','37251998ff4119058821e0f5ec0d282a','2020-04-30 16:31:59',NULL,NULL),
('1255776902628347930','1','1255379800819601410','1255382143254499329','b0879152ec0a13dd747e1876fd321f00','2020-04-30 16:31:59',NULL,NULL),
('1255776902628347931','1','1255379800819601410','1255382143254499329','3a6dec5833f02abad0fe5bc287951f53','2020-04-30 16:31:59',NULL,NULL),
('1255776902628347932','1','1255379800819601410','1255382143254499329','4','2020-04-30 16:31:59',NULL,NULL),
('1255776902636736514','1','1255379800819601410','1255382143254499329','414571f4d40c91b2be1d5039341fb080','2020-04-30 16:31:59',NULL,NULL),
('1255776902636736515','1','1255379800819601410','1255382143254499330','f53488c6a79e795ba288d1279a5f98e7','2020-04-30 16:31:59',NULL,NULL),
('1255776902636736516','1','1255379800819601410','1255382143254499330','37251998ff4119058821e0f5ec0d282a','2020-04-30 16:31:59',NULL,NULL),
('1255776902636736517','1','1255379800819601410','1255382143254499330','b0879152ec0a13dd747e1876fd321f00','2020-04-30 16:31:59',NULL,NULL),
('1255776902636736518','1','1255379800819601410','1255382143254499330','3a6dec5833f02abad0fe5bc287951f53','2020-04-30 16:31:59',NULL,NULL),
('1255776902636736519','1','1255379800819601410','1255382143254499330','4','2020-04-30 16:31:59',NULL,NULL),
('1255776902636736520','1','1255379800819601410','1255382143254499330','69ca24903aa6261ea946ef37d88db23f','2020-04-30 16:31:59',NULL,NULL),
('1255776902636736521','1','1255379800819601410','1255382143262887938','f53488c6a79e795ba288d1279a5f98e7','2020-04-30 16:31:59',NULL,NULL),
('1255776902636736522','1','1255379800819601410','1255382143262887938','37251998ff4119058821e0f5ec0d282a','2020-04-30 16:31:59',NULL,NULL),
('1255776902636736523','1','1255379800819601410','1255382143262887938','b0879152ec0a13dd747e1876fd321f00','2020-04-30 16:31:59',NULL,NULL),
('1255776902636736524','1','1255379800819601410','1255382143262887938','3a6dec5833f02abad0fe5bc287951f53','2020-04-30 16:31:59',NULL,NULL),
('1255776902636736525','1','1255379800819601410','1255382143262887938','58b15ffc7fb68aa1057a4a70450af6fb','2020-04-30 16:31:59',NULL,NULL),
('1255776902636736526','1','1255379800819601410','1255382143262887938','414571f4d40c91b2be1d5039341fb080','2020-04-30 16:31:59',NULL,NULL),
('1255776902636736527','1','1255379800819601410','1255382143271276545','f53488c6a79e795ba288d1279a5f98e7','2020-04-30 16:31:59',NULL,NULL),
('1255776902636736528','1','1255379800819601410','1255382143271276545','37251998ff4119058821e0f5ec0d282a','2020-04-30 16:31:59',NULL,NULL),
('1255776902636736529','1','1255379800819601410','1255382143271276545','b0879152ec0a13dd747e1876fd321f00','2020-04-30 16:31:59',NULL,NULL),
('1255776902636736530','1','1255379800819601410','1255382143271276545','3a6dec5833f02abad0fe5bc287951f53','2020-04-30 16:31:59',NULL,NULL),
('1255776902636736531','1','1255379800819601410','1255382143271276545','58b15ffc7fb68aa1057a4a70450af6fb','2020-04-30 16:31:59',NULL,NULL),
('1255776902636736532','1','1255379800819601410','1255382143271276545','69ca24903aa6261ea946ef37d88db23f','2020-04-30 16:31:59',NULL,NULL),
('1255776902636736533','1','1255379800819601410','1255382143279665153','f53488c6a79e795ba288d1279a5f98e7','2020-04-30 16:31:59',NULL,NULL),
('1255776902636736534','1','1255379800819601410','1255382143279665153','37251998ff4119058821e0f5ec0d282a','2020-04-30 16:31:59',NULL,NULL),
('1255776902636736535','1','1255379800819601410','1255382143279665153','b0879152ec0a13dd747e1876fd321f00','2020-04-30 16:31:59',NULL,NULL),
('1255776902636736536','1','1255379800819601410','1255382143279665153','3a6dec5833f02abad0fe5bc287951f53','2020-04-30 16:31:59',NULL,NULL),
('1255776902636736537','1','1255379800819601410','1255382143279665153','e0b840a51e251badb5606d5ce1faa695','2020-04-30 16:31:59',NULL,NULL),
('1255776902636736538','1','1255379800819601410','1255382143279665153','414571f4d40c91b2be1d5039341fb080','2020-04-30 16:31:59',NULL,NULL),
('1255776902636736539','1','1255379800819601410','1255382143283859458','f53488c6a79e795ba288d1279a5f98e7','2020-04-30 16:31:59',NULL,NULL),
('1255776902636736540','1','1255379800819601410','1255382143283859458','37251998ff4119058821e0f5ec0d282a','2020-04-30 16:31:59',NULL,NULL),
('1255776902636736541','1','1255379800819601410','1255382143283859458','b0879152ec0a13dd747e1876fd321f00','2020-04-30 16:31:59',NULL,NULL),
('1255776902636736542','1','1255379800819601410','1255382143283859458','3a6dec5833f02abad0fe5bc287951f53','2020-04-30 16:31:59',NULL,NULL),
('1255776902645125121','1','1255379800819601410','1255382143283859458','e0b840a51e251badb5606d5ce1faa695','2020-04-30 16:31:59',NULL,NULL),
('1255776902645125122','1','1255379800819601410','1255382143283859458','69ca24903aa6261ea946ef37d88db23f','2020-04-30 16:31:59',NULL,NULL),
('1255776902645125123','1','1255379800819601410','1255382143292248065','4f49ae1a8442793b5d5564f65c910d94','2020-04-30 16:31:59',NULL,NULL),
('1255776902645125124','1','1255379800819601410','1255382143292248065','c08a41bfa243e6ea121a0f0c3050517e','2020-04-30 16:31:59',NULL,NULL),
('1255776902645125125','1','1255379800819601410','1255382143292248065','e9b07c814d143d750ce38293b8497ff1','2020-04-30 16:31:59',NULL,NULL),
('1255776902645125126','1','1255379800819601410','1255382143292248065','cc5eb984477015cfff0b99ba711753d6','2020-04-30 16:31:59',NULL,NULL),
('1255776902645125127','1','1255379800819601410','1255382143292248065','4','2020-04-30 16:31:59',NULL,NULL),
('1255776902645125128','1','1255379800819601410','1255382143292248065','414571f4d40c91b2be1d5039341fb080','2020-04-30 16:31:59',NULL,NULL),
('1255776902645125129','1','1255379800819601410','1255382143296442370','4f49ae1a8442793b5d5564f65c910d94','2020-04-30 16:31:59',NULL,NULL),
('1255776902645125130','1','1255379800819601410','1255382143296442370','c08a41bfa243e6ea121a0f0c3050517e','2020-04-30 16:31:59',NULL,NULL),
('1255776902645125131','1','1255379800819601410','1255382143296442370','e9b07c814d143d750ce38293b8497ff1','2020-04-30 16:31:59',NULL,NULL),
('1255776902645125132','1','1255379800819601410','1255382143296442370','cc5eb984477015cfff0b99ba711753d6','2020-04-30 16:31:59',NULL,NULL),
('1255776902645125133','1','1255379800819601410','1255382143296442370','4','2020-04-30 16:31:59',NULL,NULL),
('1255776902645125134','1','1255379800819601410','1255382143296442370','69ca24903aa6261ea946ef37d88db23f','2020-04-30 16:31:59',NULL,NULL),
('1255776902645125135','1','1255379800819601410','1255382143296442371','4f49ae1a8442793b5d5564f65c910d94','2020-04-30 16:31:59',NULL,NULL),
('1255776902645125136','1','1255379800819601410','1255382143296442371','c08a41bfa243e6ea121a0f0c3050517e','2020-04-30 16:31:59',NULL,NULL),
('1255776902645125137','1','1255379800819601410','1255382143296442371','e9b07c814d143d750ce38293b8497ff1','2020-04-30 16:31:59',NULL,NULL),
('1255776902645125138','1','1255379800819601410','1255382143296442371','cc5eb984477015cfff0b99ba711753d6','2020-04-30 16:31:59',NULL,NULL),
('1255776902649319426','1','1255379800819601410','1255382143296442371','58b15ffc7fb68aa1057a4a70450af6fb','2020-04-30 16:31:59',NULL,NULL),
('1255776902649319427','1','1255379800819601410','1255382143296442371','414571f4d40c91b2be1d5039341fb080','2020-04-30 16:31:59',NULL,NULL),
('1255776902649319428','1','1255379800819601410','1255382143304830977','4f49ae1a8442793b5d5564f65c910d94','2020-04-30 16:31:59',NULL,NULL),
('1255776902649319429','1','1255379800819601410','1255382143304830977','c08a41bfa243e6ea121a0f0c3050517e','2020-04-30 16:31:59',NULL,NULL),
('1255776902649319430','1','1255379800819601410','1255382143304830977','e9b07c814d143d750ce38293b8497ff1','2020-04-30 16:31:59',NULL,NULL),
('1255776902649319431','1','1255379800819601410','1255382143304830977','cc5eb984477015cfff0b99ba711753d6','2020-04-30 16:31:59',NULL,NULL),
('1255776902649319432','1','1255379800819601410','1255382143304830977','58b15ffc7fb68aa1057a4a70450af6fb','2020-04-30 16:31:59',NULL,NULL),
('1255776902649319433','1','1255379800819601410','1255382143304830977','69ca24903aa6261ea946ef37d88db23f','2020-04-30 16:31:59',NULL,NULL),
('1255776902649319434','1','1255379800819601410','1255382143313219585','4f49ae1a8442793b5d5564f65c910d94','2020-04-30 16:31:59',NULL,NULL),
('1255776902649319435','1','1255379800819601410','1255382143313219585','c08a41bfa243e6ea121a0f0c3050517e','2020-04-30 16:31:59',NULL,NULL),
('1255776902649319436','1','1255379800819601410','1255382143313219585','e9b07c814d143d750ce38293b8497ff1','2020-04-30 16:31:59',NULL,NULL),
('1255776902649319437','1','1255379800819601410','1255382143313219585','cc5eb984477015cfff0b99ba711753d6','2020-04-30 16:31:59',NULL,NULL),
('1255776902649319438','1','1255379800819601410','1255382143313219585','e0b840a51e251badb5606d5ce1faa695','2020-04-30 16:31:59',NULL,NULL),
('1255776902649319439','1','1255379800819601410','1255382143313219585','414571f4d40c91b2be1d5039341fb080','2020-04-30 16:31:59',NULL,NULL),
('1255776902649319440','1','1255379800819601410','1255382143321608194','4f49ae1a8442793b5d5564f65c910d94','2020-04-30 16:31:59',NULL,NULL),
('1255776902649319441','1','1255379800819601410','1255382143321608194','c08a41bfa243e6ea121a0f0c3050517e','2020-04-30 16:31:59',NULL,NULL),
('1255776902649319442','1','1255379800819601410','1255382143321608194','e9b07c814d143d750ce38293b8497ff1','2020-04-30 16:31:59',NULL,NULL),
('1255776902649319443','1','1255379800819601410','1255382143321608194','cc5eb984477015cfff0b99ba711753d6','2020-04-30 16:31:59',NULL,NULL),
('1255776902649319444','1','1255379800819601410','1255382143321608194','e0b840a51e251badb5606d5ce1faa695','2020-04-30 16:31:59',NULL,NULL),
('1255776902649319445','1','1255379800819601410','1255382143321608194','69ca24903aa6261ea946ef37d88db23f','2020-04-30 16:31:59',NULL,NULL),
('1255776902649319446','1','1255379800819601410','1255382143321608195','4f49ae1a8442793b5d5564f65c910d94','2020-04-30 16:31:59',NULL,NULL),
('1255776902649319447','1','1255379800819601410','1255382143321608195','c08a41bfa243e6ea121a0f0c3050517e','2020-04-30 16:31:59',NULL,NULL),
('1255776902649319448','1','1255379800819601410','1255382143321608195','e9b07c814d143d750ce38293b8497ff1','2020-04-30 16:31:59',NULL,NULL),
('1255776902649319449','1','1255379800819601410','1255382143321608195','f5cae0dec1002ac65be1852e07a94fd2','2020-04-30 16:31:59',NULL,NULL),
('1255776902649319450','1','1255379800819601410','1255382143321608195','4','2020-04-30 16:31:59',NULL,NULL),
('1255776902649319451','1','1255379800819601410','1255382143321608195','414571f4d40c91b2be1d5039341fb080','2020-04-30 16:31:59',NULL,NULL),
('1255776902649319452','1','1255379800819601410','1255382143338385410','4f49ae1a8442793b5d5564f65c910d94','2020-04-30 16:31:59',NULL,NULL),
('1255776902649319453','1','1255379800819601410','1255382143338385410','c08a41bfa243e6ea121a0f0c3050517e','2020-04-30 16:31:59',NULL,NULL),
('1255776902649319454','1','1255379800819601410','1255382143338385410','e9b07c814d143d750ce38293b8497ff1','2020-04-30 16:31:59',NULL,NULL),
('1255776902649319455','1','1255379800819601410','1255382143338385410','f5cae0dec1002ac65be1852e07a94fd2','2020-04-30 16:31:59',NULL,NULL),
('1255776902649319456','1','1255379800819601410','1255382143338385410','4','2020-04-30 16:31:59',NULL,NULL),
('1255776902649319457','1','1255379800819601410','1255382143338385410','69ca24903aa6261ea946ef37d88db23f','2020-04-30 16:31:59',NULL,NULL),
('1255776902657708033','1','1255379800819601410','1255382143346774018','4f49ae1a8442793b5d5564f65c910d94','2020-04-30 16:31:59',NULL,NULL),
('1255776902657708034','1','1255379800819601410','1255382143346774018','c08a41bfa243e6ea121a0f0c3050517e','2020-04-30 16:31:59',NULL,NULL),
('1255776902657708035','1','1255379800819601410','1255382143346774018','e9b07c814d143d750ce38293b8497ff1','2020-04-30 16:31:59',NULL,NULL),
('1255776902657708036','1','1255379800819601410','1255382143346774018','f5cae0dec1002ac65be1852e07a94fd2','2020-04-30 16:31:59',NULL,NULL),
('1255776902657708037','1','1255379800819601410','1255382143346774018','58b15ffc7fb68aa1057a4a70450af6fb','2020-04-30 16:31:59',NULL,NULL),
('1255776902657708038','1','1255379800819601410','1255382143346774018','414571f4d40c91b2be1d5039341fb080','2020-04-30 16:31:59',NULL,NULL),
('1255776902657708039','1','1255379800819601410','1255382143350968322','4f49ae1a8442793b5d5564f65c910d94','2020-04-30 16:31:59',NULL,NULL),
('1255776902657708040','1','1255379800819601410','1255382143350968322','c08a41bfa243e6ea121a0f0c3050517e','2020-04-30 16:31:59',NULL,NULL),
('1255776902657708041','1','1255379800819601410','1255382143350968322','e9b07c814d143d750ce38293b8497ff1','2020-04-30 16:31:59',NULL,NULL),
('1255776902657708042','1','1255379800819601410','1255382143350968322','f5cae0dec1002ac65be1852e07a94fd2','2020-04-30 16:31:59',NULL,NULL),
('1255776902657708043','1','1255379800819601410','1255382143350968322','58b15ffc7fb68aa1057a4a70450af6fb','2020-04-30 16:31:59',NULL,NULL),
('1255776902657708044','1','1255379800819601410','1255382143350968322','69ca24903aa6261ea946ef37d88db23f','2020-04-30 16:31:59',NULL,NULL),
('1255776902657708045','1','1255379800819601410','1255382143359356930','4f49ae1a8442793b5d5564f65c910d94','2020-04-30 16:31:59',NULL,NULL),
('1255776902657708046','1','1255379800819601410','1255382143359356930','c08a41bfa243e6ea121a0f0c3050517e','2020-04-30 16:31:59',NULL,NULL),
('1255776902657708047','1','1255379800819601410','1255382143359356930','e9b07c814d143d750ce38293b8497ff1','2020-04-30 16:31:59',NULL,NULL),
('1255776902657708048','1','1255379800819601410','1255382143359356930','f5cae0dec1002ac65be1852e07a94fd2','2020-04-30 16:31:59',NULL,NULL),
('1255776902657708049','1','1255379800819601410','1255382143359356930','e0b840a51e251badb5606d5ce1faa695','2020-04-30 16:31:59',NULL,NULL),
('1255776902657708050','1','1255379800819601410','1255382143359356930','414571f4d40c91b2be1d5039341fb080','2020-04-30 16:31:59',NULL,NULL),
('1255776902657708051','1','1255379800819601410','1255382143371939841','4f49ae1a8442793b5d5564f65c910d94','2020-04-30 16:31:59',NULL,NULL),
('1255776902657708052','1','1255379800819601410','1255382143371939841','c08a41bfa243e6ea121a0f0c3050517e','2020-04-30 16:31:59',NULL,NULL),
('1255776902657708053','1','1255379800819601410','1255382143371939841','e9b07c814d143d750ce38293b8497ff1','2020-04-30 16:31:59',NULL,NULL),
('1255776902657708054','1','1255379800819601410','1255382143371939841','f5cae0dec1002ac65be1852e07a94fd2','2020-04-30 16:31:59',NULL,NULL),
('1255776902657708055','1','1255379800819601410','1255382143371939841','e0b840a51e251badb5606d5ce1faa695','2020-04-30 16:31:59',NULL,NULL),
('1255776902657708056','1','1255379800819601410','1255382143371939841','69ca24903aa6261ea946ef37d88db23f','2020-04-30 16:31:59',NULL,NULL),
('1255776902657708057','1','1255379800819601410','1255382143371939842','4f49ae1a8442793b5d5564f65c910d94','2020-04-30 16:31:59',NULL,NULL),
('1255776902657708058','1','1255379800819601410','1255382143371939842','c08a41bfa243e6ea121a0f0c3050517e','2020-04-30 16:31:59',NULL,NULL),
('1255776902657708059','1','1255379800819601410','1255382143371939842','e9b07c814d143d750ce38293b8497ff1','2020-04-30 16:31:59',NULL,NULL),
('1255776902657708060','1','1255379800819601410','1255382143371939842','f06e7ed568c220d2624771b8f5de5b66','2020-04-30 16:31:59',NULL,NULL),
('1255776902657708061','1','1255379800819601410','1255382143371939842','4','2020-04-30 16:31:59',NULL,NULL),
('1255776902657708062','1','1255379800819601410','1255382143371939842','414571f4d40c91b2be1d5039341fb080','2020-04-30 16:31:59',NULL,NULL),
('1255776902666096642','1','1255379800819601410','1255382143388717057','4f49ae1a8442793b5d5564f65c910d94','2020-04-30 16:31:59',NULL,NULL),
('1255776902666096643','1','1255379800819601410','1255382143388717057','c08a41bfa243e6ea121a0f0c3050517e','2020-04-30 16:31:59',NULL,NULL),
('1255776902666096644','1','1255379800819601410','1255382143388717057','e9b07c814d143d750ce38293b8497ff1','2020-04-30 16:31:59',NULL,NULL),
('1255776902666096645','1','1255379800819601410','1255382143388717057','f06e7ed568c220d2624771b8f5de5b66','2020-04-30 16:31:59',NULL,NULL),
('1255776902666096646','1','1255379800819601410','1255382143388717057','4','2020-04-30 16:31:59',NULL,NULL),
('1255776902666096647','1','1255379800819601410','1255382143388717057','69ca24903aa6261ea946ef37d88db23f','2020-04-30 16:31:59',NULL,NULL),
('1255776902666096648','1','1255379800819601410','1255382143388717058','4f49ae1a8442793b5d5564f65c910d94','2020-04-30 16:31:59',NULL,NULL),
('1255776902666096649','1','1255379800819601410','1255382143388717058','c08a41bfa243e6ea121a0f0c3050517e','2020-04-30 16:31:59',NULL,NULL),
('1255776902666096650','1','1255379800819601410','1255382143388717058','e9b07c814d143d750ce38293b8497ff1','2020-04-30 16:31:59',NULL,NULL),
('1255776902666096651','1','1255379800819601410','1255382143388717058','f06e7ed568c220d2624771b8f5de5b66','2020-04-30 16:31:59',NULL,NULL),
('1255776902666096652','1','1255379800819601410','1255382143388717058','58b15ffc7fb68aa1057a4a70450af6fb','2020-04-30 16:31:59',NULL,NULL),
('1255776902666096653','1','1255379800819601410','1255382143388717058','414571f4d40c91b2be1d5039341fb080','2020-04-30 16:31:59',NULL,NULL),
('1255776902666096654','1','1255379800819601410','1255382143401299970','4f49ae1a8442793b5d5564f65c910d94','2020-04-30 16:31:59',NULL,NULL),
('1255776902666096655','1','1255379800819601410','1255382143401299970','c08a41bfa243e6ea121a0f0c3050517e','2020-04-30 16:31:59',NULL,NULL),
('1255776902666096656','1','1255379800819601410','1255382143401299970','e9b07c814d143d750ce38293b8497ff1','2020-04-30 16:31:59',NULL,NULL),
('1255776902670290945','1','1255379800819601410','1255382143401299970','f06e7ed568c220d2624771b8f5de5b66','2020-04-30 16:31:59',NULL,NULL),
('1255776902670290946','1','1255379800819601410','1255382143401299970','58b15ffc7fb68aa1057a4a70450af6fb','2020-04-30 16:31:59',NULL,NULL),
('1255776902670290947','1','1255379800819601410','1255382143401299970','69ca24903aa6261ea946ef37d88db23f','2020-04-30 16:31:59',NULL,NULL),
('1255776902670290948','1','1255379800819601410','1255382143409688578','4f49ae1a8442793b5d5564f65c910d94','2020-04-30 16:31:59',NULL,NULL),
('1255776902670290949','1','1255379800819601410','1255382143409688578','c08a41bfa243e6ea121a0f0c3050517e','2020-04-30 16:31:59',NULL,NULL),
('1255776902670290950','1','1255379800819601410','1255382143409688578','e9b07c814d143d750ce38293b8497ff1','2020-04-30 16:31:59',NULL,NULL),
('1255776902670290951','1','1255379800819601410','1255382143409688578','f06e7ed568c220d2624771b8f5de5b66','2020-04-30 16:31:59',NULL,NULL),
('1255776902670290952','1','1255379800819601410','1255382143409688578','e0b840a51e251badb5606d5ce1faa695','2020-04-30 16:31:59',NULL,NULL),
('1255776902670290953','1','1255379800819601410','1255382143409688578','414571f4d40c91b2be1d5039341fb080','2020-04-30 16:31:59',NULL,NULL),
('1255776902670290954','1','1255379800819601410','1255382143413882882','4f49ae1a8442793b5d5564f65c910d94','2020-04-30 16:31:59',NULL,NULL),
('1255776902670290955','1','1255379800819601410','1255382143413882882','c08a41bfa243e6ea121a0f0c3050517e','2020-04-30 16:31:59',NULL,NULL),
('1255776902670290956','1','1255379800819601410','1255382143413882882','e9b07c814d143d750ce38293b8497ff1','2020-04-30 16:31:59',NULL,NULL),
('1255776902670290957','1','1255379800819601410','1255382143413882882','f06e7ed568c220d2624771b8f5de5b66','2020-04-30 16:31:59',NULL,NULL),
('1255776902670290958','1','1255379800819601410','1255382143413882882','e0b840a51e251badb5606d5ce1faa695','2020-04-30 16:31:59',NULL,NULL),
('1255776902670290959','1','1255379800819601410','1255382143413882882','69ca24903aa6261ea946ef37d88db23f','2020-04-30 16:31:59',NULL,NULL),
('1255776902670290960','1','1255379800819601410','1255382143422271490','4f49ae1a8442793b5d5564f65c910d94','2020-04-30 16:31:59',NULL,NULL),
('1255776902670290961','1','1255379800819601410','1255382143422271490','c08a41bfa243e6ea121a0f0c3050517e','2020-04-30 16:31:59',NULL,NULL),
('1255776902670290962','1','1255379800819601410','1255382143422271490','e9b07c814d143d750ce38293b8497ff1','2020-04-30 16:31:59',NULL,NULL),
('1255776902670290963','1','1255379800819601410','1255382143422271490','3a6dec5833f02abad0fe5bc287951f53','2020-04-30 16:31:59',NULL,NULL),
('1255776902670290964','1','1255379800819601410','1255382143422271490','4','2020-04-30 16:31:59',NULL,NULL),
('1255776902670290965','1','1255379800819601410','1255382143422271490','414571f4d40c91b2be1d5039341fb080','2020-04-30 16:31:59',NULL,NULL),
('1255776902670290966','1','1255379800819601410','1255382143426465794','4f49ae1a8442793b5d5564f65c910d94','2020-04-30 16:31:59',NULL,NULL),
('1255776902670290967','1','1255379800819601410','1255382143426465794','c08a41bfa243e6ea121a0f0c3050517e','2020-04-30 16:31:59',NULL,NULL),
('1255776902670290968','1','1255379800819601410','1255382143426465794','e9b07c814d143d750ce38293b8497ff1','2020-04-30 16:31:59',NULL,NULL),
('1255776902670290969','1','1255379800819601410','1255382143426465794','3a6dec5833f02abad0fe5bc287951f53','2020-04-30 16:31:59',NULL,NULL),
('1255776902670290970','1','1255379800819601410','1255382143426465794','4','2020-04-30 16:31:59',NULL,NULL),
('1255776902670290971','1','1255379800819601410','1255382143426465794','69ca24903aa6261ea946ef37d88db23f','2020-04-30 16:31:59',NULL,NULL),
('1255776902670290972','1','1255379800819601410','1255382143434854401','4f49ae1a8442793b5d5564f65c910d94','2020-04-30 16:31:59',NULL,NULL),
('1255776902670290973','1','1255379800819601410','1255382143434854401','c08a41bfa243e6ea121a0f0c3050517e','2020-04-30 16:31:59',NULL,NULL),
('1255776902670290974','1','1255379800819601410','1255382143434854401','e9b07c814d143d750ce38293b8497ff1','2020-04-30 16:31:59',NULL,NULL),
('1255776902670290975','1','1255379800819601410','1255382143434854401','3a6dec5833f02abad0fe5bc287951f53','2020-04-30 16:31:59',NULL,NULL),
('1255776902670290976','1','1255379800819601410','1255382143434854401','58b15ffc7fb68aa1057a4a70450af6fb','2020-04-30 16:31:59',NULL,NULL),
('1255776902670290977','1','1255379800819601410','1255382143434854401','414571f4d40c91b2be1d5039341fb080','2020-04-30 16:31:59',NULL,NULL),
('1255776902670290978','1','1255379800819601410','1255382143439048706','4f49ae1a8442793b5d5564f65c910d94','2020-04-30 16:31:59',NULL,NULL),
('1255776902670290979','1','1255379800819601410','1255382143439048706','c08a41bfa243e6ea121a0f0c3050517e','2020-04-30 16:31:59',NULL,NULL),
('1255776902678679553','1','1255379800819601410','1255382143439048706','e9b07c814d143d750ce38293b8497ff1','2020-04-30 16:31:59',NULL,NULL),
('1255776902678679554','1','1255379800819601410','1255382143439048706','3a6dec5833f02abad0fe5bc287951f53','2020-04-30 16:31:59',NULL,NULL),
('1255776902678679555','1','1255379800819601410','1255382143439048706','58b15ffc7fb68aa1057a4a70450af6fb','2020-04-30 16:31:59',NULL,NULL),
('1255776902678679556','1','1255379800819601410','1255382143439048706','69ca24903aa6261ea946ef37d88db23f','2020-04-30 16:31:59',NULL,NULL),
('1255776902678679557','1','1255379800819601410','1255382143447437314','4f49ae1a8442793b5d5564f65c910d94','2020-04-30 16:31:59',NULL,NULL),
('1255776902678679558','1','1255379800819601410','1255382143447437314','c08a41bfa243e6ea121a0f0c3050517e','2020-04-30 16:31:59',NULL,NULL),
('1255776902678679559','1','1255379800819601410','1255382143447437314','e9b07c814d143d750ce38293b8497ff1','2020-04-30 16:31:59',NULL,NULL),
('1255776902678679560','1','1255379800819601410','1255382143447437314','3a6dec5833f02abad0fe5bc287951f53','2020-04-30 16:31:59',NULL,NULL),
('1255776902678679561','1','1255379800819601410','1255382143447437314','e0b840a51e251badb5606d5ce1faa695','2020-04-30 16:31:59',NULL,NULL),
('1255776902678679562','1','1255379800819601410','1255382143447437314','414571f4d40c91b2be1d5039341fb080','2020-04-30 16:31:59',NULL,NULL),
('1255776902678679563','1','1255379800819601410','1255382143451631618','4f49ae1a8442793b5d5564f65c910d94','2020-04-30 16:31:59',NULL,NULL),
('1255776902678679564','1','1255379800819601410','1255382143451631618','c08a41bfa243e6ea121a0f0c3050517e','2020-04-30 16:31:59',NULL,NULL),
('1255776902678679565','1','1255379800819601410','1255382143451631618','e9b07c814d143d750ce38293b8497ff1','2020-04-30 16:31:59',NULL,NULL),
('1255776902678679566','1','1255379800819601410','1255382143451631618','3a6dec5833f02abad0fe5bc287951f53','2020-04-30 16:31:59',NULL,NULL),
('1255776902678679567','1','1255379800819601410','1255382143451631618','e0b840a51e251badb5606d5ce1faa695','2020-04-30 16:31:59',NULL,NULL),
('1255776902678679568','1','1255379800819601410','1255382143451631618','69ca24903aa6261ea946ef37d88db23f','2020-04-30 16:31:59',NULL,NULL),
('1255776902678679569','1','1255379800819601410','1255382143460020225','4f49ae1a8442793b5d5564f65c910d94','2020-04-30 16:31:59',NULL,NULL),
('1255776902678679570','1','1255379800819601410','1255382143460020225','c08a41bfa243e6ea121a0f0c3050517e','2020-04-30 16:31:59',NULL,NULL),
('1255776902678679571','1','1255379800819601410','1255382143460020225','b0879152ec0a13dd747e1876fd321f00','2020-04-30 16:31:59',NULL,NULL),
('1255776902678679572','1','1255379800819601410','1255382143460020225','cc5eb984477015cfff0b99ba711753d6','2020-04-30 16:31:59',NULL,NULL),
('1255776902678679573','1','1255379800819601410','1255382143460020225','4','2020-04-30 16:31:59',NULL,NULL),
('1255776902678679574','1','1255379800819601410','1255382143460020225','414571f4d40c91b2be1d5039341fb080','2020-04-30 16:31:59',NULL,NULL),
('1255776902678679575','1','1255379800819601410','1255382143464214530','4f49ae1a8442793b5d5564f65c910d94','2020-04-30 16:31:59',NULL,NULL),
('1255776902678679576','1','1255379800819601410','1255382143464214530','c08a41bfa243e6ea121a0f0c3050517e','2020-04-30 16:31:59',NULL,NULL),
('1255776902678679577','1','1255379800819601410','1255382143464214530','b0879152ec0a13dd747e1876fd321f00','2020-04-30 16:31:59',NULL,NULL),
('1255776902678679578','1','1255379800819601410','1255382143464214530','cc5eb984477015cfff0b99ba711753d6','2020-04-30 16:31:59',NULL,NULL),
('1255776902678679579','1','1255379800819601410','1255382143464214530','4','2020-04-30 16:31:59',NULL,NULL),
('1255776902678679580','1','1255379800819601410','1255382143464214530','69ca24903aa6261ea946ef37d88db23f','2020-04-30 16:31:59',NULL,NULL),
('1255776902678679581','1','1255379800819601410','1255382143472603138','4f49ae1a8442793b5d5564f65c910d94','2020-04-30 16:31:59',NULL,NULL),
('1255776902678679582','1','1255379800819601410','1255382143472603138','c08a41bfa243e6ea121a0f0c3050517e','2020-04-30 16:31:59',NULL,NULL),
('1255776902678679583','1','1255379800819601410','1255382143472603138','b0879152ec0a13dd747e1876fd321f00','2020-04-30 16:31:59',NULL,NULL),
('1255776902678679584','1','1255379800819601410','1255382143472603138','cc5eb984477015cfff0b99ba711753d6','2020-04-30 16:31:59',NULL,NULL),
('1255776902678679585','1','1255379800819601410','1255382143472603138','58b15ffc7fb68aa1057a4a70450af6fb','2020-04-30 16:31:59',NULL,NULL),
('1255776902678679586','1','1255379800819601410','1255382143472603138','414571f4d40c91b2be1d5039341fb080','2020-04-30 16:31:59',NULL,NULL),
('1255776902678679587','1','1255379800819601410','1255382143476797441','4f49ae1a8442793b5d5564f65c910d94','2020-04-30 16:31:59',NULL,NULL),
('1255776902678679588','1','1255379800819601410','1255382143476797441','c08a41bfa243e6ea121a0f0c3050517e','2020-04-30 16:31:59',NULL,NULL),
('1255776902687068161','1','1255379800819601410','1255382143476797441','b0879152ec0a13dd747e1876fd321f00','2020-04-30 16:31:59',NULL,NULL),
('1255776902687068162','1','1255379800819601410','1255382143476797441','cc5eb984477015cfff0b99ba711753d6','2020-04-30 16:31:59',NULL,NULL),
('1255776902687068163','1','1255379800819601410','1255382143476797441','58b15ffc7fb68aa1057a4a70450af6fb','2020-04-30 16:31:59',NULL,NULL),
('1255776902687068164','1','1255379800819601410','1255382143476797441','69ca24903aa6261ea946ef37d88db23f','2020-04-30 16:31:59',NULL,NULL),
('1255776902687068165','1','1255379800819601410','1255382143485186050','4f49ae1a8442793b5d5564f65c910d94','2020-04-30 16:31:59',NULL,NULL),
('1255776902687068166','1','1255379800819601410','1255382143485186050','c08a41bfa243e6ea121a0f0c3050517e','2020-04-30 16:31:59',NULL,NULL),
('1255776902687068167','1','1255379800819601410','1255382143485186050','b0879152ec0a13dd747e1876fd321f00','2020-04-30 16:31:59',NULL,NULL),
('1255776902687068168','1','1255379800819601410','1255382143485186050','cc5eb984477015cfff0b99ba711753d6','2020-04-30 16:31:59',NULL,NULL),
('1255776902687068169','1','1255379800819601410','1255382143485186050','e0b840a51e251badb5606d5ce1faa695','2020-04-30 16:31:59',NULL,NULL),
('1255776902687068170','1','1255379800819601410','1255382143485186050','414571f4d40c91b2be1d5039341fb080','2020-04-30 16:31:59',NULL,NULL),
('1255776902687068171','1','1255379800819601410','1255382143497768962','4f49ae1a8442793b5d5564f65c910d94','2020-04-30 16:31:59',NULL,NULL),
('1255776902687068172','1','1255379800819601410','1255382143497768962','c08a41bfa243e6ea121a0f0c3050517e','2020-04-30 16:31:59',NULL,NULL),
('1255776902687068173','1','1255379800819601410','1255382143497768962','b0879152ec0a13dd747e1876fd321f00','2020-04-30 16:31:59',NULL,NULL),
('1255776902687068174','1','1255379800819601410','1255382143497768962','cc5eb984477015cfff0b99ba711753d6','2020-04-30 16:31:59',NULL,NULL),
('1255776902687068175','1','1255379800819601410','1255382143497768962','e0b840a51e251badb5606d5ce1faa695','2020-04-30 16:31:59',NULL,NULL),
('1255776902687068176','1','1255379800819601410','1255382143497768962','69ca24903aa6261ea946ef37d88db23f','2020-04-30 16:31:59',NULL,NULL),
('1255776902687068177','1','1255379800819601410','1255382143497768963','4f49ae1a8442793b5d5564f65c910d94','2020-04-30 16:31:59',NULL,NULL),
('1255776902687068178','1','1255379800819601410','1255382143497768963','c08a41bfa243e6ea121a0f0c3050517e','2020-04-30 16:31:59',NULL,NULL),
('1255776902687068179','1','1255379800819601410','1255382143497768963','b0879152ec0a13dd747e1876fd321f00','2020-04-30 16:31:59',NULL,NULL),
('1255776902687068180','1','1255379800819601410','1255382143497768963','f5cae0dec1002ac65be1852e07a94fd2','2020-04-30 16:31:59',NULL,NULL),
('1255776902687068181','1','1255379800819601410','1255382143497768963','4','2020-04-30 16:31:59',NULL,NULL),
('1255776902687068182','1','1255379800819601410','1255382143497768963','414571f4d40c91b2be1d5039341fb080','2020-04-30 16:31:59',NULL,NULL),
('1255776902687068183','1','1255379800819601410','1255382143506157570','4f49ae1a8442793b5d5564f65c910d94','2020-04-30 16:31:59',NULL,NULL),
('1255776902687068184','1','1255379800819601410','1255382143506157570','c08a41bfa243e6ea121a0f0c3050517e','2020-04-30 16:31:59',NULL,NULL),
('1255776902687068185','1','1255379800819601410','1255382143506157570','b0879152ec0a13dd747e1876fd321f00','2020-04-30 16:31:59',NULL,NULL),
('1255776902687068186','1','1255379800819601410','1255382143506157570','f5cae0dec1002ac65be1852e07a94fd2','2020-04-30 16:31:59',NULL,NULL),
('1255776902687068187','1','1255379800819601410','1255382143506157570','4','2020-04-30 16:31:59',NULL,NULL),
('1255776902687068188','1','1255379800819601410','1255382143506157570','69ca24903aa6261ea946ef37d88db23f','2020-04-30 16:31:59',NULL,NULL),
('1255776902687068189','1','1255379800819601410','1255382143514546177','4f49ae1a8442793b5d5564f65c910d94','2020-04-30 16:31:59',NULL,NULL),
('1255776902687068190','1','1255379800819601410','1255382143514546177','c08a41bfa243e6ea121a0f0c3050517e','2020-04-30 16:31:59',NULL,NULL),
('1255776902687068191','1','1255379800819601410','1255382143514546177','b0879152ec0a13dd747e1876fd321f00','2020-04-30 16:31:59',NULL,NULL),
('1255776902687068192','1','1255379800819601410','1255382143514546177','f5cae0dec1002ac65be1852e07a94fd2','2020-04-30 16:31:59',NULL,NULL),
('1255776902687068193','1','1255379800819601410','1255382143514546177','58b15ffc7fb68aa1057a4a70450af6fb','2020-04-30 16:31:59',NULL,NULL),
('1255776902687068194','1','1255379800819601410','1255382143514546177','414571f4d40c91b2be1d5039341fb080','2020-04-30 16:31:59',NULL,NULL),
('1255776902687068195','1','1255379800819601410','1255382143518740481','4f49ae1a8442793b5d5564f65c910d94','2020-04-30 16:31:59',NULL,NULL),
('1255776902695456769','1','1255379800819601410','1255382143518740481','c08a41bfa243e6ea121a0f0c3050517e','2020-04-30 16:31:59',NULL,NULL),
('1255776902695456770','1','1255379800819601410','1255382143518740481','b0879152ec0a13dd747e1876fd321f00','2020-04-30 16:31:59',NULL,NULL),
('1255776902695456771','1','1255379800819601410','1255382143518740481','f5cae0dec1002ac65be1852e07a94fd2','2020-04-30 16:31:59',NULL,NULL),
('1255776902695456772','1','1255379800819601410','1255382143518740481','58b15ffc7fb68aa1057a4a70450af6fb','2020-04-30 16:31:59',NULL,NULL),
('1255776902695456773','1','1255379800819601410','1255382143518740481','69ca24903aa6261ea946ef37d88db23f','2020-04-30 16:31:59',NULL,NULL),
('1255776902695456774','1','1255379800819601410','1255382143581655041','4f49ae1a8442793b5d5564f65c910d94','2020-04-30 16:31:59',NULL,NULL),
('1255776902695456775','1','1255379800819601410','1255382143581655041','c08a41bfa243e6ea121a0f0c3050517e','2020-04-30 16:31:59',NULL,NULL),
('1255776902695456776','1','1255379800819601410','1255382143581655041','b0879152ec0a13dd747e1876fd321f00','2020-04-30 16:31:59',NULL,NULL),
('1255776902695456777','1','1255379800819601410','1255382143581655041','f5cae0dec1002ac65be1852e07a94fd2','2020-04-30 16:31:59',NULL,NULL),
('1255776902695456778','1','1255379800819601410','1255382143581655041','e0b840a51e251badb5606d5ce1faa695','2020-04-30 16:31:59',NULL,NULL),
('1255776902695456779','1','1255379800819601410','1255382143581655041','414571f4d40c91b2be1d5039341fb080','2020-04-30 16:31:59',NULL,NULL),
('1255776902695456780','1','1255379800819601410','1255382143590043649','4f49ae1a8442793b5d5564f65c910d94','2020-04-30 16:31:59',NULL,NULL),
('1255776902695456781','1','1255379800819601410','1255382143590043649','c08a41bfa243e6ea121a0f0c3050517e','2020-04-30 16:31:59',NULL,NULL),
('1255776902695456782','1','1255379800819601410','1255382143590043649','b0879152ec0a13dd747e1876fd321f00','2020-04-30 16:31:59',NULL,NULL),
('1255776902695456783','1','1255379800819601410','1255382143590043649','f5cae0dec1002ac65be1852e07a94fd2','2020-04-30 16:31:59',NULL,NULL),
('1255776902695456784','1','1255379800819601410','1255382143590043649','e0b840a51e251badb5606d5ce1faa695','2020-04-30 16:31:59',NULL,NULL),
('1255776902695456785','1','1255379800819601410','1255382143590043649','69ca24903aa6261ea946ef37d88db23f','2020-04-30 16:31:59',NULL,NULL),
('1255776902695456786','1','1255379800819601410','1255382143590043650','4f49ae1a8442793b5d5564f65c910d94','2020-04-30 16:31:59',NULL,NULL),
('1255776902695456787','1','1255379800819601410','1255382143590043650','c08a41bfa243e6ea121a0f0c3050517e','2020-04-30 16:31:59',NULL,NULL),
('1255776902695456788','1','1255379800819601410','1255382143590043650','b0879152ec0a13dd747e1876fd321f00','2020-04-30 16:31:59',NULL,NULL),
('1255776902695456789','1','1255379800819601410','1255382143590043650','f06e7ed568c220d2624771b8f5de5b66','2020-04-30 16:31:59',NULL,NULL),
('1255776902695456790','1','1255379800819601410','1255382143590043650','4','2020-04-30 16:31:59',NULL,NULL),
('1255776902695456791','1','1255379800819601410','1255382143590043650','414571f4d40c91b2be1d5039341fb080','2020-04-30 16:31:59',NULL,NULL),
('1255776902695456792','1','1255379800819601410','1255382143598432257','4f49ae1a8442793b5d5564f65c910d94','2020-04-30 16:31:59',NULL,NULL),
('1255776902695456793','1','1255379800819601410','1255382143598432257','c08a41bfa243e6ea121a0f0c3050517e','2020-04-30 16:31:59',NULL,NULL),
('1255776902695456794','1','1255379800819601410','1255382143598432257','b0879152ec0a13dd747e1876fd321f00','2020-04-30 16:31:59',NULL,NULL),
('1255776902695456795','1','1255379800819601410','1255382143598432257','f06e7ed568c220d2624771b8f5de5b66','2020-04-30 16:31:59',NULL,NULL),
('1255776902695456796','1','1255379800819601410','1255382143598432257','4','2020-04-30 16:31:59',NULL,NULL),
('1255776902695456797','1','1255379800819601410','1255382143598432257','69ca24903aa6261ea946ef37d88db23f','2020-04-30 16:31:59',NULL,NULL),
('1255776902695456798','1','1255379800819601410','1255382143606820865','4f49ae1a8442793b5d5564f65c910d94','2020-04-30 16:31:59',NULL,NULL),
('1255776902695456799','1','1255379800819601410','1255382143606820865','c08a41bfa243e6ea121a0f0c3050517e','2020-04-30 16:31:59',NULL,NULL),
('1255776902695456800','1','1255379800819601410','1255382143606820865','b0879152ec0a13dd747e1876fd321f00','2020-04-30 16:31:59',NULL,NULL),
('1255776902695456801','1','1255379800819601410','1255382143606820865','f06e7ed568c220d2624771b8f5de5b66','2020-04-30 16:31:59',NULL,NULL),
('1255776902695456802','1','1255379800819601410','1255382143606820865','58b15ffc7fb68aa1057a4a70450af6fb','2020-04-30 16:31:59',NULL,NULL),
('1255776902695456803','1','1255379800819601410','1255382143606820865','414571f4d40c91b2be1d5039341fb080','2020-04-30 16:31:59',NULL,NULL),
('1255776902703845377','1','1255379800819601410','1255382143615209474','4f49ae1a8442793b5d5564f65c910d94','2020-04-30 16:31:59',NULL,NULL),
('1255776902703845378','1','1255379800819601410','1255382143615209474','c08a41bfa243e6ea121a0f0c3050517e','2020-04-30 16:31:59',NULL,NULL),
('1255776902703845379','1','1255379800819601410','1255382143615209474','b0879152ec0a13dd747e1876fd321f00','2020-04-30 16:31:59',NULL,NULL),
('1255776902703845380','1','1255379800819601410','1255382143615209474','f06e7ed568c220d2624771b8f5de5b66','2020-04-30 16:31:59',NULL,NULL),
('1255776902703845381','1','1255379800819601410','1255382143615209474','58b15ffc7fb68aa1057a4a70450af6fb','2020-04-30 16:31:59',NULL,NULL),
('1255776902703845382','1','1255379800819601410','1255382143615209474','69ca24903aa6261ea946ef37d88db23f','2020-04-30 16:31:59',NULL,NULL),
('1255776902703845383','1','1255379800819601410','1255382143615209475','4f49ae1a8442793b5d5564f65c910d94','2020-04-30 16:31:59',NULL,NULL),
('1255776902703845384','1','1255379800819601410','1255382143615209475','c08a41bfa243e6ea121a0f0c3050517e','2020-04-30 16:31:59',NULL,NULL),
('1255776902703845385','1','1255379800819601410','1255382143615209475','b0879152ec0a13dd747e1876fd321f00','2020-04-30 16:31:59',NULL,NULL),
('1255776902703845386','1','1255379800819601410','1255382143615209475','f06e7ed568c220d2624771b8f5de5b66','2020-04-30 16:31:59',NULL,NULL),
('1255776902703845387','1','1255379800819601410','1255382143615209475','e0b840a51e251badb5606d5ce1faa695','2020-04-30 16:31:59',NULL,NULL),
('1255776902703845388','1','1255379800819601410','1255382143615209475','414571f4d40c91b2be1d5039341fb080','2020-04-30 16:31:59',NULL,NULL),
('1255776902703845389','1','1255379800819601410','1255382143623598082','4f49ae1a8442793b5d5564f65c910d94','2020-04-30 16:31:59',NULL,NULL),
('1255776902703845390','1','1255379800819601410','1255382143623598082','c08a41bfa243e6ea121a0f0c3050517e','2020-04-30 16:31:59',NULL,NULL),
('1255776902703845391','1','1255379800819601410','1255382143623598082','b0879152ec0a13dd747e1876fd321f00','2020-04-30 16:31:59',NULL,NULL),
('1255776902703845392','1','1255379800819601410','1255382143623598082','f06e7ed568c220d2624771b8f5de5b66','2020-04-30 16:31:59',NULL,NULL),
('1255776902703845393','1','1255379800819601410','1255382143623598082','e0b840a51e251badb5606d5ce1faa695','2020-04-30 16:31:59',NULL,NULL),
('1255776902703845394','1','1255379800819601410','1255382143623598082','69ca24903aa6261ea946ef37d88db23f','2020-04-30 16:31:59',NULL,NULL),
('1255776902703845395','1','1255379800819601410','1255382143631986690','4f49ae1a8442793b5d5564f65c910d94','2020-04-30 16:31:59',NULL,NULL),
('1255776902703845396','1','1255379800819601410','1255382143631986690','c08a41bfa243e6ea121a0f0c3050517e','2020-04-30 16:31:59',NULL,NULL),
('1255776902703845397','1','1255379800819601410','1255382143631986690','b0879152ec0a13dd747e1876fd321f00','2020-04-30 16:31:59',NULL,NULL),
('1255776902703845398','1','1255379800819601410','1255382143631986690','3a6dec5833f02abad0fe5bc287951f53','2020-04-30 16:31:59',NULL,NULL),
('1255776902703845399','1','1255379800819601410','1255382143631986690','4','2020-04-30 16:31:59',NULL,NULL),
('1255776902703845400','1','1255379800819601410','1255382143631986690','414571f4d40c91b2be1d5039341fb080','2020-04-30 16:31:59',NULL,NULL),
('1255776902703845401','1','1255379800819601410','1255382143636180993','4f49ae1a8442793b5d5564f65c910d94','2020-04-30 16:31:59',NULL,NULL),
('1255776902703845402','1','1255379800819601410','1255382143636180993','c08a41bfa243e6ea121a0f0c3050517e','2020-04-30 16:31:59',NULL,NULL),
('1255776902703845403','1','1255379800819601410','1255382143636180993','b0879152ec0a13dd747e1876fd321f00','2020-04-30 16:31:59',NULL,NULL),
('1255776902703845404','1','1255379800819601410','1255382143636180993','3a6dec5833f02abad0fe5bc287951f53','2020-04-30 16:31:59',NULL,NULL),
('1255776902703845405','1','1255379800819601410','1255382143636180993','4','2020-04-30 16:31:59',NULL,NULL),
('1255776902703845406','1','1255379800819601410','1255382143636180993','69ca24903aa6261ea946ef37d88db23f','2020-04-30 16:31:59',NULL,NULL),
('1255776902703845407','1','1255379800819601410','1255382143644569602','4f49ae1a8442793b5d5564f65c910d94','2020-04-30 16:31:59',NULL,NULL),
('1255776902703845408','1','1255379800819601410','1255382143644569602','c08a41bfa243e6ea121a0f0c3050517e','2020-04-30 16:31:59',NULL,NULL),
('1255776902703845409','1','1255379800819601410','1255382143644569602','b0879152ec0a13dd747e1876fd321f00','2020-04-30 16:31:59',NULL,NULL),
('1255776902703845410','1','1255379800819601410','1255382143644569602','3a6dec5833f02abad0fe5bc287951f53','2020-04-30 16:31:59',NULL,NULL),
('1255776902703845411','1','1255379800819601410','1255382143644569602','58b15ffc7fb68aa1057a4a70450af6fb','2020-04-30 16:31:59',NULL,NULL),
('1255776902703845412','1','1255379800819601410','1255382143644569602','414571f4d40c91b2be1d5039341fb080','2020-04-30 16:31:59',NULL,NULL),
('1255776902703845413','1','1255379800819601410','1255382143648763906','4f49ae1a8442793b5d5564f65c910d94','2020-04-30 16:31:59',NULL,NULL),
('1255776902712233986','1','1255379800819601410','1255382143648763906','c08a41bfa243e6ea121a0f0c3050517e','2020-04-30 16:31:59',NULL,NULL),
('1255776902712233987','1','1255379800819601410','1255382143648763906','b0879152ec0a13dd747e1876fd321f00','2020-04-30 16:31:59',NULL,NULL),
('1255776902712233988','1','1255379800819601410','1255382143648763906','3a6dec5833f02abad0fe5bc287951f53','2020-04-30 16:31:59',NULL,NULL),
('1255776902712233989','1','1255379800819601410','1255382143648763906','58b15ffc7fb68aa1057a4a70450af6fb','2020-04-30 16:31:59',NULL,NULL),
('1255776902712233990','1','1255379800819601410','1255382143648763906','69ca24903aa6261ea946ef37d88db23f','2020-04-30 16:31:59',NULL,NULL),
('1255776902712233991','1','1255379800819601410','1255382143657152514','4f49ae1a8442793b5d5564f65c910d94','2020-04-30 16:31:59',NULL,NULL),
('1255776902712233992','1','1255379800819601410','1255382143657152514','c08a41bfa243e6ea121a0f0c3050517e','2020-04-30 16:31:59',NULL,NULL),
('1255776902712233993','1','1255379800819601410','1255382143657152514','b0879152ec0a13dd747e1876fd321f00','2020-04-30 16:31:59',NULL,NULL),
('1255776902712233994','1','1255379800819601410','1255382143657152514','3a6dec5833f02abad0fe5bc287951f53','2020-04-30 16:31:59',NULL,NULL),
('1255776902712233995','1','1255379800819601410','1255382143657152514','e0b840a51e251badb5606d5ce1faa695','2020-04-30 16:31:59',NULL,NULL),
('1255776902712233996','1','1255379800819601410','1255382143657152514','414571f4d40c91b2be1d5039341fb080','2020-04-30 16:31:59',NULL,NULL),
('1255776902712233997','1','1255379800819601410','1255382143657152515','4f49ae1a8442793b5d5564f65c910d94','2020-04-30 16:31:59',NULL,NULL),
('1255776902712233998','1','1255379800819601410','1255382143657152515','c08a41bfa243e6ea121a0f0c3050517e','2020-04-30 16:31:59',NULL,NULL),
('1255776902712233999','1','1255379800819601410','1255382143657152515','b0879152ec0a13dd747e1876fd321f00','2020-04-30 16:31:59',NULL,NULL),
('1255776902712234000','1','1255379800819601410','1255382143657152515','3a6dec5833f02abad0fe5bc287951f53','2020-04-30 16:31:59',NULL,NULL),
('1255776902712234001','1','1255379800819601410','1255382143657152515','e0b840a51e251badb5606d5ce1faa695','2020-04-30 16:31:59',NULL,NULL),
('1255776902712234002','1','1255379800819601410','1255382143657152515','69ca24903aa6261ea946ef37d88db23f','2020-04-30 16:31:59',NULL,NULL),
('1255776902712234003','1','1255379800819601410','1255382143665541121','4f49ae1a8442793b5d5564f65c910d94','2020-04-30 16:31:59',NULL,NULL),
('1255776902712234004','1','1255379800819601410','1255382143665541121','37251998ff4119058821e0f5ec0d282a','2020-04-30 16:31:59',NULL,NULL),
('1255776902712234005','1','1255379800819601410','1255382143665541121','e9b07c814d143d750ce38293b8497ff1','2020-04-30 16:31:59',NULL,NULL),
('1255776902712234006','1','1255379800819601410','1255382143665541121','cc5eb984477015cfff0b99ba711753d6','2020-04-30 16:31:59',NULL,NULL),
('1255776902712234007','1','1255379800819601410','1255382143665541121','4','2020-04-30 16:31:59',NULL,NULL),
('1255776902712234008','1','1255379800819601410','1255382143665541121','414571f4d40c91b2be1d5039341fb080','2020-04-30 16:31:59',NULL,NULL),
('1255776902712234009','1','1255379800819601410','1255382143673929730','4f49ae1a8442793b5d5564f65c910d94','2020-04-30 16:31:59',NULL,NULL),
('1255776902712234010','1','1255379800819601410','1255382143673929730','37251998ff4119058821e0f5ec0d282a','2020-04-30 16:31:59',NULL,NULL),
('1255776902712234011','1','1255379800819601410','1255382143673929730','e9b07c814d143d750ce38293b8497ff1','2020-04-30 16:31:59',NULL,NULL),
('1255776902712234012','1','1255379800819601410','1255382143673929730','cc5eb984477015cfff0b99ba711753d6','2020-04-30 16:31:59',NULL,NULL),
('1255776902712234013','1','1255379800819601410','1255382143673929730','4','2020-04-30 16:31:59',NULL,NULL),
('1255776902712234014','1','1255379800819601410','1255382143673929730','69ca24903aa6261ea946ef37d88db23f','2020-04-30 16:31:59',NULL,NULL),
('1255776902712234015','1','1255379800819601410','1255382143682318338','4f49ae1a8442793b5d5564f65c910d94','2020-04-30 16:31:59',NULL,NULL),
('1255776902712234016','1','1255379800819601410','1255382143682318338','37251998ff4119058821e0f5ec0d282a','2020-04-30 16:31:59',NULL,NULL),
('1255776902712234017','1','1255379800819601410','1255382143682318338','e9b07c814d143d750ce38293b8497ff1','2020-04-30 16:31:59',NULL,NULL),
('1255776902712234018','1','1255379800819601410','1255382143682318338','cc5eb984477015cfff0b99ba711753d6','2020-04-30 16:31:59',NULL,NULL),
('1255776902720622593','1','1255379800819601410','1255382143682318338','58b15ffc7fb68aa1057a4a70450af6fb','2020-04-30 16:31:59',NULL,NULL),
('1255776902720622594','1','1255379800819601410','1255382143682318338','414571f4d40c91b2be1d5039341fb080','2020-04-30 16:31:59',NULL,NULL),
('1255776902720622595','1','1255379800819601410','1255382143682318339','4f49ae1a8442793b5d5564f65c910d94','2020-04-30 16:31:59',NULL,NULL),
('1255776902720622596','1','1255379800819601410','1255382143682318339','37251998ff4119058821e0f5ec0d282a','2020-04-30 16:31:59',NULL,NULL),
('1255776902720622597','1','1255379800819601410','1255382143682318339','e9b07c814d143d750ce38293b8497ff1','2020-04-30 16:31:59',NULL,NULL),
('1255776902720622598','1','1255379800819601410','1255382143682318339','cc5eb984477015cfff0b99ba711753d6','2020-04-30 16:31:59',NULL,NULL),
('1255776902720622599','1','1255379800819601410','1255382143682318339','58b15ffc7fb68aa1057a4a70450af6fb','2020-04-30 16:31:59',NULL,NULL),
('1255776902720622600','1','1255379800819601410','1255382143682318339','69ca24903aa6261ea946ef37d88db23f','2020-04-30 16:31:59',NULL,NULL),
('1255776902720622601','1','1255379800819601410','1255382143690706945','4f49ae1a8442793b5d5564f65c910d94','2020-04-30 16:31:59',NULL,NULL),
('1255776902720622602','1','1255379800819601410','1255382143690706945','37251998ff4119058821e0f5ec0d282a','2020-04-30 16:31:59',NULL,NULL),
('1255776902720622603','1','1255379800819601410','1255382143690706945','e9b07c814d143d750ce38293b8497ff1','2020-04-30 16:31:59',NULL,NULL),
('1255776902720622604','1','1255379800819601410','1255382143690706945','cc5eb984477015cfff0b99ba711753d6','2020-04-30 16:31:59',NULL,NULL),
('1255776902720622605','1','1255379800819601410','1255382143690706945','e0b840a51e251badb5606d5ce1faa695','2020-04-30 16:31:59',NULL,NULL),
('1255776902720622606','1','1255379800819601410','1255382143690706945','414571f4d40c91b2be1d5039341fb080','2020-04-30 16:31:59',NULL,NULL),
('1255776902720622607','1','1255379800819601410','1255382143703289858','4f49ae1a8442793b5d5564f65c910d94','2020-04-30 16:31:59',NULL,NULL),
('1255776902720622608','1','1255379800819601410','1255382143703289858','37251998ff4119058821e0f5ec0d282a','2020-04-30 16:31:59',NULL,NULL),
('1255776902720622609','1','1255379800819601410','1255382143703289858','e9b07c814d143d750ce38293b8497ff1','2020-04-30 16:31:59',NULL,NULL),
('1255776902720622610','1','1255379800819601410','1255382143703289858','cc5eb984477015cfff0b99ba711753d6','2020-04-30 16:31:59',NULL,NULL),
('1255776902720622611','1','1255379800819601410','1255382143703289858','e0b840a51e251badb5606d5ce1faa695','2020-04-30 16:31:59',NULL,NULL),
('1255776902720622612','1','1255379800819601410','1255382143703289858','69ca24903aa6261ea946ef37d88db23f','2020-04-30 16:31:59',NULL,NULL),
('1255776902720622613','1','1255379800819601410','1255382143703289859','4f49ae1a8442793b5d5564f65c910d94','2020-04-30 16:31:59',NULL,NULL),
('1255776902720622614','1','1255379800819601410','1255382143703289859','37251998ff4119058821e0f5ec0d282a','2020-04-30 16:31:59',NULL,NULL),
('1255776902720622615','1','1255379800819601410','1255382143703289859','e9b07c814d143d750ce38293b8497ff1','2020-04-30 16:31:59',NULL,NULL),
('1255776902720622616','1','1255379800819601410','1255382143703289859','f5cae0dec1002ac65be1852e07a94fd2','2020-04-30 16:31:59',NULL,NULL),
('1255776902720622617','1','1255379800819601410','1255382143703289859','4','2020-04-30 16:31:59',NULL,NULL),
('1255776902720622618','1','1255379800819601410','1255382143703289859','414571f4d40c91b2be1d5039341fb080','2020-04-30 16:31:59',NULL,NULL),
('1255776902720622619','1','1255379800819601410','1255382143711678466','4f49ae1a8442793b5d5564f65c910d94','2020-04-30 16:31:59',NULL,NULL),
('1255776902720622620','1','1255379800819601410','1255382143711678466','37251998ff4119058821e0f5ec0d282a','2020-04-30 16:31:59',NULL,NULL),
('1255776902720622621','1','1255379800819601410','1255382143711678466','e9b07c814d143d750ce38293b8497ff1','2020-04-30 16:31:59',NULL,NULL),
('1255776902720622622','1','1255379800819601410','1255382143711678466','f5cae0dec1002ac65be1852e07a94fd2','2020-04-30 16:31:59',NULL,NULL),
('1255776902720622623','1','1255379800819601410','1255382143711678466','4','2020-04-30 16:31:59',NULL,NULL),
('1255776902720622624','1','1255379800819601410','1255382143711678466','69ca24903aa6261ea946ef37d88db23f','2020-04-30 16:31:59',NULL,NULL),
('1255776902720622625','1','1255379800819601410','1255382143720067074','4f49ae1a8442793b5d5564f65c910d94','2020-04-30 16:31:59',NULL,NULL),
('1255776902720622626','1','1255379800819601410','1255382143720067074','37251998ff4119058821e0f5ec0d282a','2020-04-30 16:31:59',NULL,NULL),
('1255776902720622627','1','1255379800819601410','1255382143720067074','e9b07c814d143d750ce38293b8497ff1','2020-04-30 16:31:59',NULL,NULL),
('1255776902720622628','1','1255379800819601410','1255382143720067074','f5cae0dec1002ac65be1852e07a94fd2','2020-04-30 16:31:59',NULL,NULL),
('1255776902729011201','1','1255379800819601410','1255382143720067074','58b15ffc7fb68aa1057a4a70450af6fb','2020-04-30 16:31:59',NULL,NULL),
('1255776902729011202','1','1255379800819601410','1255382143720067074','414571f4d40c91b2be1d5039341fb080','2020-04-30 16:31:59',NULL,NULL),
('1255776902729011203','1','1255379800819601410','1255382143720067075','4f49ae1a8442793b5d5564f65c910d94','2020-04-30 16:31:59',NULL,NULL),
('1255776902729011204','1','1255379800819601410','1255382143720067075','37251998ff4119058821e0f5ec0d282a','2020-04-30 16:31:59',NULL,NULL),
('1255776902729011205','1','1255379800819601410','1255382143720067075','e9b07c814d143d750ce38293b8497ff1','2020-04-30 16:31:59',NULL,NULL),
('1255776902729011206','1','1255379800819601410','1255382143720067075','f5cae0dec1002ac65be1852e07a94fd2','2020-04-30 16:31:59',NULL,NULL),
('1255776902729011207','1','1255379800819601410','1255382143720067075','58b15ffc7fb68aa1057a4a70450af6fb','2020-04-30 16:31:59',NULL,NULL),
('1255776902729011208','1','1255379800819601410','1255382143720067075','69ca24903aa6261ea946ef37d88db23f','2020-04-30 16:31:59',NULL,NULL),
('1255776902729011209','1','1255379800819601410','1255382143728455681','4f49ae1a8442793b5d5564f65c910d94','2020-04-30 16:31:59',NULL,NULL),
('1255776902729011210','1','1255379800819601410','1255382143728455681','37251998ff4119058821e0f5ec0d282a','2020-04-30 16:31:59',NULL,NULL),
('1255776902729011211','1','1255379800819601410','1255382143728455681','e9b07c814d143d750ce38293b8497ff1','2020-04-30 16:31:59',NULL,NULL),
('1255776902729011212','1','1255379800819601410','1255382143728455681','f5cae0dec1002ac65be1852e07a94fd2','2020-04-30 16:31:59',NULL,NULL),
('1255776902729011213','1','1255379800819601410','1255382143728455681','e0b840a51e251badb5606d5ce1faa695','2020-04-30 16:31:59',NULL,NULL),
('1255776902729011214','1','1255379800819601410','1255382143728455681','414571f4d40c91b2be1d5039341fb080','2020-04-30 16:31:59',NULL,NULL),
('1255776902729011215','1','1255379800819601410','1255382143736844289','4f49ae1a8442793b5d5564f65c910d94','2020-04-30 16:31:59',NULL,NULL),
('1255776902729011216','1','1255379800819601410','1255382143736844289','37251998ff4119058821e0f5ec0d282a','2020-04-30 16:31:59',NULL,NULL),
('1255776902729011217','1','1255379800819601410','1255382143736844289','e9b07c814d143d750ce38293b8497ff1','2020-04-30 16:31:59',NULL,NULL),
('1255776902729011218','1','1255379800819601410','1255382143736844289','f5cae0dec1002ac65be1852e07a94fd2','2020-04-30 16:31:59',NULL,NULL),
('1255776902729011219','1','1255379800819601410','1255382143736844289','e0b840a51e251badb5606d5ce1faa695','2020-04-30 16:31:59',NULL,NULL),
('1255776902729011220','1','1255379800819601410','1255382143736844289','69ca24903aa6261ea946ef37d88db23f','2020-04-30 16:31:59',NULL,NULL),
('1255776902729011221','1','1255379800819601410','1255382143741038593','4f49ae1a8442793b5d5564f65c910d94','2020-04-30 16:31:59',NULL,NULL),
('1255776902729011222','1','1255379800819601410','1255382143741038593','37251998ff4119058821e0f5ec0d282a','2020-04-30 16:31:59',NULL,NULL),
('1255776902729011223','1','1255379800819601410','1255382143741038593','e9b07c814d143d750ce38293b8497ff1','2020-04-30 16:31:59',NULL,NULL),
('1255776902729011224','1','1255379800819601410','1255382143741038593','f06e7ed568c220d2624771b8f5de5b66','2020-04-30 16:31:59',NULL,NULL),
('1255776902729011225','1','1255379800819601410','1255382143741038593','4','2020-04-30 16:31:59',NULL,NULL),
('1255776902729011226','1','1255379800819601410','1255382143741038593','414571f4d40c91b2be1d5039341fb080','2020-04-30 16:31:59',NULL,NULL),
('1255776902729011227','1','1255379800819601410','1255382143741038594','4f49ae1a8442793b5d5564f65c910d94','2020-04-30 16:31:59',NULL,NULL),
('1255776902729011228','1','1255379800819601410','1255382143741038594','37251998ff4119058821e0f5ec0d282a','2020-04-30 16:31:59',NULL,NULL),
('1255776902729011229','1','1255379800819601410','1255382143741038594','e9b07c814d143d750ce38293b8497ff1','2020-04-30 16:31:59',NULL,NULL),
('1255776902729011230','1','1255379800819601410','1255382143741038594','f06e7ed568c220d2624771b8f5de5b66','2020-04-30 16:31:59',NULL,NULL),
('1255776902729011231','1','1255379800819601410','1255382143741038594','4','2020-04-30 16:31:59',NULL,NULL),
('1255776902729011232','1','1255379800819601410','1255382143741038594','69ca24903aa6261ea946ef37d88db23f','2020-04-30 16:31:59',NULL,NULL),
('1255776902729011233','1','1255379800819601410','1255382143749427202','4f49ae1a8442793b5d5564f65c910d94','2020-04-30 16:31:59',NULL,NULL),
('1255776902737399810','1','1255379800819601410','1255382143749427202','37251998ff4119058821e0f5ec0d282a','2020-04-30 16:31:59',NULL,NULL),
('1255776902737399811','1','1255379800819601410','1255382143749427202','e9b07c814d143d750ce38293b8497ff1','2020-04-30 16:31:59',NULL,NULL),
('1255776902737399812','1','1255379800819601410','1255382143749427202','f06e7ed568c220d2624771b8f5de5b66','2020-04-30 16:31:59',NULL,NULL),
('1255776902737399813','1','1255379800819601410','1255382143749427202','58b15ffc7fb68aa1057a4a70450af6fb','2020-04-30 16:31:59',NULL,NULL),
('1255776902737399814','1','1255379800819601410','1255382143749427202','414571f4d40c91b2be1d5039341fb080','2020-04-30 16:31:59',NULL,NULL),
('1255776902737399815','1','1255379800819601410','1255382143762010113','4f49ae1a8442793b5d5564f65c910d94','2020-04-30 16:31:59',NULL,NULL),
('1255776902737399816','1','1255379800819601410','1255382143762010113','37251998ff4119058821e0f5ec0d282a','2020-04-30 16:31:59',NULL,NULL),
('1255776902737399817','1','1255379800819601410','1255382143762010113','e9b07c814d143d750ce38293b8497ff1','2020-04-30 16:31:59',NULL,NULL),
('1255776902737399818','1','1255379800819601410','1255382143762010113','f06e7ed568c220d2624771b8f5de5b66','2020-04-30 16:31:59',NULL,NULL),
('1255776902737399819','1','1255379800819601410','1255382143762010113','58b15ffc7fb68aa1057a4a70450af6fb','2020-04-30 16:31:59',NULL,NULL),
('1255776902737399820','1','1255379800819601410','1255382143762010113','69ca24903aa6261ea946ef37d88db23f','2020-04-30 16:31:59',NULL,NULL),
('1255776902737399821','1','1255379800819601410','1255382143766204418','4f49ae1a8442793b5d5564f65c910d94','2020-04-30 16:31:59',NULL,NULL),
('1255776902737399822','1','1255379800819601410','1255382143766204418','37251998ff4119058821e0f5ec0d282a','2020-04-30 16:31:59',NULL,NULL),
('1255776902737399823','1','1255379800819601410','1255382143766204418','e9b07c814d143d750ce38293b8497ff1','2020-04-30 16:31:59',NULL,NULL),
('1255776902737399824','1','1255379800819601410','1255382143766204418','f06e7ed568c220d2624771b8f5de5b66','2020-04-30 16:31:59',NULL,NULL),
('1255776902737399825','1','1255379800819601410','1255382143766204418','e0b840a51e251badb5606d5ce1faa695','2020-04-30 16:31:59',NULL,NULL),
('1255776902737399826','1','1255379800819601410','1255382143766204418','414571f4d40c91b2be1d5039341fb080','2020-04-30 16:31:59',NULL,NULL),
('1255776902737399827','1','1255379800819601410','1255382143774593026','4f49ae1a8442793b5d5564f65c910d94','2020-04-30 16:31:59',NULL,NULL),
('1255776902737399828','1','1255379800819601410','1255382143774593026','37251998ff4119058821e0f5ec0d282a','2020-04-30 16:31:59',NULL,NULL),
('1255776902737399829','1','1255379800819601410','1255382143774593026','e9b07c814d143d750ce38293b8497ff1','2020-04-30 16:31:59',NULL,NULL),
('1255776902737399830','1','1255379800819601410','1255382143774593026','f06e7ed568c220d2624771b8f5de5b66','2020-04-30 16:31:59',NULL,NULL),
('1255776902737399831','1','1255379800819601410','1255382143774593026','e0b840a51e251badb5606d5ce1faa695','2020-04-30 16:31:59',NULL,NULL),
('1255776902737399832','1','1255379800819601410','1255382143774593026','69ca24903aa6261ea946ef37d88db23f','2020-04-30 16:31:59',NULL,NULL),
('1255776902737399833','1','1255379800819601410','1255382143782981634','4f49ae1a8442793b5d5564f65c910d94','2020-04-30 16:31:59',NULL,NULL),
('1255776902737399834','1','1255379800819601410','1255382143782981634','37251998ff4119058821e0f5ec0d282a','2020-04-30 16:31:59',NULL,NULL),
('1255776902745788417','1','1255379800819601410','1255382143782981634','e9b07c814d143d750ce38293b8497ff1','2020-04-30 16:31:59',NULL,NULL),
('1255776902745788418','1','1255379800819601410','1255382143782981634','3a6dec5833f02abad0fe5bc287951f53','2020-04-30 16:31:59',NULL,NULL),
('1255776902745788419','1','1255379800819601410','1255382143782981634','4','2020-04-30 16:31:59',NULL,NULL),
('1255776902745788420','1','1255379800819601410','1255382143782981634','414571f4d40c91b2be1d5039341fb080','2020-04-30 16:31:59',NULL,NULL),
('1255776902745788421','1','1255379800819601410','1255382143782981635','4f49ae1a8442793b5d5564f65c910d94','2020-04-30 16:31:59',NULL,NULL),
('1255776902745788422','1','1255379800819601410','1255382143782981635','37251998ff4119058821e0f5ec0d282a','2020-04-30 16:31:59',NULL,NULL),
('1255776902745788423','1','1255379800819601410','1255382143782981635','e9b07c814d143d750ce38293b8497ff1','2020-04-30 16:31:59',NULL,NULL),
('1255776902745788424','1','1255379800819601410','1255382143782981635','3a6dec5833f02abad0fe5bc287951f53','2020-04-30 16:31:59',NULL,NULL),
('1255776902745788425','1','1255379800819601410','1255382143782981635','4','2020-04-30 16:31:59',NULL,NULL),
('1255776902745788426','1','1255379800819601410','1255382143782981635','69ca24903aa6261ea946ef37d88db23f','2020-04-30 16:31:59',NULL,NULL),
('1255776902745788427','1','1255379800819601410','1255382143791370241','4f49ae1a8442793b5d5564f65c910d94','2020-04-30 16:31:59',NULL,NULL),
('1255776902745788428','1','1255379800819601410','1255382143791370241','37251998ff4119058821e0f5ec0d282a','2020-04-30 16:31:59',NULL,NULL),
('1255776902745788429','1','1255379800819601410','1255382143791370241','e9b07c814d143d750ce38293b8497ff1','2020-04-30 16:31:59',NULL,NULL),
('1255776902745788430','1','1255379800819601410','1255382143791370241','3a6dec5833f02abad0fe5bc287951f53','2020-04-30 16:31:59',NULL,NULL),
('1255776902745788431','1','1255379800819601410','1255382143791370241','58b15ffc7fb68aa1057a4a70450af6fb','2020-04-30 16:31:59',NULL,NULL),
('1255776902745788432','1','1255379800819601410','1255382143791370241','414571f4d40c91b2be1d5039341fb080','2020-04-30 16:31:59',NULL,NULL),
('1255776902745788433','1','1255379800819601410','1255382143799758849','4f49ae1a8442793b5d5564f65c910d94','2020-04-30 16:31:59',NULL,NULL),
('1255776902745788434','1','1255379800819601410','1255382143799758849','37251998ff4119058821e0f5ec0d282a','2020-04-30 16:31:59',NULL,NULL),
('1255776902745788435','1','1255379800819601410','1255382143799758849','e9b07c814d143d750ce38293b8497ff1','2020-04-30 16:31:59',NULL,NULL),
('1255776902745788436','1','1255379800819601410','1255382143799758849','3a6dec5833f02abad0fe5bc287951f53','2020-04-30 16:31:59',NULL,NULL),
('1255776902745788437','1','1255379800819601410','1255382143799758849','58b15ffc7fb68aa1057a4a70450af6fb','2020-04-30 16:31:59',NULL,NULL),
('1255776902745788438','1','1255379800819601410','1255382143799758849','69ca24903aa6261ea946ef37d88db23f','2020-04-30 16:31:59',NULL,NULL),
('1255776902745788439','1','1255379800819601410','1255382143799758850','4f49ae1a8442793b5d5564f65c910d94','2020-04-30 16:31:59',NULL,NULL),
('1255776902745788440','1','1255379800819601410','1255382143799758850','37251998ff4119058821e0f5ec0d282a','2020-04-30 16:31:59',NULL,NULL),
('1255776902745788441','1','1255379800819601410','1255382143799758850','e9b07c814d143d750ce38293b8497ff1','2020-04-30 16:31:59',NULL,NULL),
('1255776902745788442','1','1255379800819601410','1255382143799758850','3a6dec5833f02abad0fe5bc287951f53','2020-04-30 16:31:59',NULL,NULL),
('1255776903395905538','1','1255379800819601410','1255382143799758850','e0b840a51e251badb5606d5ce1faa695','2020-04-30 16:31:59',NULL,NULL),
('1255776903404294145','1','1255379800819601410','1255382143799758850','414571f4d40c91b2be1d5039341fb080','2020-04-30 16:31:59',NULL,NULL),
('1255776903404294146','1','1255379800819601410','1255382143803953153','4f49ae1a8442793b5d5564f65c910d94','2020-04-30 16:31:59',NULL,NULL),
('1255776903404294147','1','1255379800819601410','1255382143803953153','37251998ff4119058821e0f5ec0d282a','2020-04-30 16:31:59',NULL,NULL),
('1255776903404294148','1','1255379800819601410','1255382143803953153','e9b07c814d143d750ce38293b8497ff1','2020-04-30 16:31:59',NULL,NULL),
('1255776903404294149','1','1255379800819601410','1255382143803953153','3a6dec5833f02abad0fe5bc287951f53','2020-04-30 16:31:59',NULL,NULL),
('1255776903404294150','1','1255379800819601410','1255382143803953153','e0b840a51e251badb5606d5ce1faa695','2020-04-30 16:31:59',NULL,NULL),
('1255776903404294151','1','1255379800819601410','1255382143803953153','69ca24903aa6261ea946ef37d88db23f','2020-04-30 16:31:59',NULL,NULL),
('1255776903404294152','1','1255379800819601410','1255382143812341762','4f49ae1a8442793b5d5564f65c910d94','2020-04-30 16:31:59',NULL,NULL),
('1255776903404294153','1','1255379800819601410','1255382143812341762','37251998ff4119058821e0f5ec0d282a','2020-04-30 16:31:59',NULL,NULL),
('1255776903404294154','1','1255379800819601410','1255382143812341762','b0879152ec0a13dd747e1876fd321f00','2020-04-30 16:31:59',NULL,NULL),
('1255776903404294155','1','1255379800819601410','1255382143812341762','cc5eb984477015cfff0b99ba711753d6','2020-04-30 16:31:59',NULL,NULL),
('1255776903404294156','1','1255379800819601410','1255382143812341762','4','2020-04-30 16:31:59',NULL,NULL),
('1255776903404294157','1','1255379800819601410','1255382143812341762','414571f4d40c91b2be1d5039341fb080','2020-04-30 16:31:59',NULL,NULL),
('1255776903404294158','1','1255379800819601410','1255382143812341763','4f49ae1a8442793b5d5564f65c910d94','2020-04-30 16:31:59',NULL,NULL),
('1255776903404294159','1','1255379800819601410','1255382143812341763','37251998ff4119058821e0f5ec0d282a','2020-04-30 16:31:59',NULL,NULL),
('1255776903404294160','1','1255379800819601410','1255382143812341763','b0879152ec0a13dd747e1876fd321f00','2020-04-30 16:31:59',NULL,NULL),
('1255776903404294161','1','1255379800819601410','1255382143812341763','cc5eb984477015cfff0b99ba711753d6','2020-04-30 16:31:59',NULL,NULL),
('1255776903404294162','1','1255379800819601410','1255382143812341763','4','2020-04-30 16:31:59',NULL,NULL),
('1255776903404294163','1','1255379800819601410','1255382143812341763','69ca24903aa6261ea946ef37d88db23f','2020-04-30 16:31:59',NULL,NULL),
('1255776903404294164','1','1255379800819601410','1255382143820730370','4f49ae1a8442793b5d5564f65c910d94','2020-04-30 16:31:59',NULL,NULL),
('1255776903404294165','1','1255379800819601410','1255382143820730370','37251998ff4119058821e0f5ec0d282a','2020-04-30 16:31:59',NULL,NULL),
('1255776903404294166','1','1255379800819601410','1255382143820730370','b0879152ec0a13dd747e1876fd321f00','2020-04-30 16:31:59',NULL,NULL),
('1255776903404294167','1','1255379800819601410','1255382143820730370','cc5eb984477015cfff0b99ba711753d6','2020-04-30 16:31:59',NULL,NULL),
('1255776903404294168','1','1255379800819601410','1255382143820730370','58b15ffc7fb68aa1057a4a70450af6fb','2020-04-30 16:31:59',NULL,NULL),
('1255776903404294169','1','1255379800819601410','1255382143820730370','414571f4d40c91b2be1d5039341fb080','2020-04-30 16:31:59',NULL,NULL),
('1255776903404294170','1','1255379800819601410','1255382143829118978','4f49ae1a8442793b5d5564f65c910d94','2020-04-30 16:31:59',NULL,NULL),
('1255776903404294171','1','1255379800819601410','1255382143829118978','37251998ff4119058821e0f5ec0d282a','2020-04-30 16:31:59',NULL,NULL),
('1255776903412682753','1','1255379800819601410','1255382143829118978','b0879152ec0a13dd747e1876fd321f00','2020-04-30 16:31:59',NULL,NULL),
('1255776903412682754','1','1255379800819601410','1255382143829118978','cc5eb984477015cfff0b99ba711753d6','2020-04-30 16:31:59',NULL,NULL),
('1255776903412682755','1','1255379800819601410','1255382143829118978','58b15ffc7fb68aa1057a4a70450af6fb','2020-04-30 16:31:59',NULL,NULL),
('1255776903412682756','1','1255379800819601410','1255382143829118978','69ca24903aa6261ea946ef37d88db23f','2020-04-30 16:31:59',NULL,NULL),
('1255776903412682757','1','1255379800819601410','1255382143837507586','4f49ae1a8442793b5d5564f65c910d94','2020-04-30 16:31:59',NULL,NULL),
('1255776903412682758','1','1255379800819601410','1255382143837507586','37251998ff4119058821e0f5ec0d282a','2020-04-30 16:31:59',NULL,NULL),
('1255776903412682759','1','1255379800819601410','1255382143837507586','b0879152ec0a13dd747e1876fd321f00','2020-04-30 16:31:59',NULL,NULL),
('1255776903412682760','1','1255379800819601410','1255382143837507586','cc5eb984477015cfff0b99ba711753d6','2020-04-30 16:31:59',NULL,NULL),
('1255776903412682761','1','1255379800819601410','1255382143837507586','e0b840a51e251badb5606d5ce1faa695','2020-04-30 16:31:59',NULL,NULL),
('1255776903412682762','1','1255379800819601410','1255382143837507586','414571f4d40c91b2be1d5039341fb080','2020-04-30 16:31:59',NULL,NULL),
('1255776903412682763','1','1255379800819601410','1255382143845896194','4f49ae1a8442793b5d5564f65c910d94','2020-04-30 16:31:59',NULL,NULL),
('1255776903412682764','1','1255379800819601410','1255382143845896194','37251998ff4119058821e0f5ec0d282a','2020-04-30 16:31:59',NULL,NULL),
('1255776903412682765','1','1255379800819601410','1255382143845896194','b0879152ec0a13dd747e1876fd321f00','2020-04-30 16:31:59',NULL,NULL),
('1255776903412682766','1','1255379800819601410','1255382143845896194','cc5eb984477015cfff0b99ba711753d6','2020-04-30 16:31:59',NULL,NULL),
('1255776903412682767','1','1255379800819601410','1255382143845896194','e0b840a51e251badb5606d5ce1faa695','2020-04-30 16:31:59',NULL,NULL),
('1255776903412682768','1','1255379800819601410','1255382143845896194','69ca24903aa6261ea946ef37d88db23f','2020-04-30 16:31:59',NULL,NULL),
('1255776903412682769','1','1255379800819601410','1255382143850090498','4f49ae1a8442793b5d5564f65c910d94','2020-04-30 16:31:59',NULL,NULL),
('1255776903412682770','1','1255379800819601410','1255382143850090498','37251998ff4119058821e0f5ec0d282a','2020-04-30 16:31:59',NULL,NULL),
('1255776903412682771','1','1255379800819601410','1255382143850090498','b0879152ec0a13dd747e1876fd321f00','2020-04-30 16:31:59',NULL,NULL),
('1255776903412682772','1','1255379800819601410','1255382143850090498','f5cae0dec1002ac65be1852e07a94fd2','2020-04-30 16:31:59',NULL,NULL),
('1255776903412682773','1','1255379800819601410','1255382143850090498','4','2020-04-30 16:31:59',NULL,NULL),
('1255776903412682774','1','1255379800819601410','1255382143850090498','414571f4d40c91b2be1d5039341fb080','2020-04-30 16:31:59',NULL,NULL),
('1255776903412682775','1','1255379800819601410','1255382143858479106','4f49ae1a8442793b5d5564f65c910d94','2020-04-30 16:31:59',NULL,NULL),
('1255776903412682776','1','1255379800819601410','1255382143858479106','37251998ff4119058821e0f5ec0d282a','2020-04-30 16:31:59',NULL,NULL),
('1255776903412682777','1','1255379800819601410','1255382143858479106','b0879152ec0a13dd747e1876fd321f00','2020-04-30 16:31:59',NULL,NULL),
('1255776903412682778','1','1255379800819601410','1255382143858479106','f5cae0dec1002ac65be1852e07a94fd2','2020-04-30 16:31:59',NULL,NULL),
('1255776903412682779','1','1255379800819601410','1255382143858479106','4','2020-04-30 16:31:59',NULL,NULL),
('1255776903412682780','1','1255379800819601410','1255382143858479106','69ca24903aa6261ea946ef37d88db23f','2020-04-30 16:31:59',NULL,NULL),
('1255776903412682781','1','1255379800819601410','1255382143858479107','4f49ae1a8442793b5d5564f65c910d94','2020-04-30 16:31:59',NULL,NULL),
('1255776903421071361','1','1255379800819601410','1255382143858479107','37251998ff4119058821e0f5ec0d282a','2020-04-30 16:31:59',NULL,NULL),
('1255776903421071362','1','1255379800819601410','1255382143858479107','b0879152ec0a13dd747e1876fd321f00','2020-04-30 16:31:59',NULL,NULL),
('1255776903421071363','1','1255379800819601410','1255382143858479107','f5cae0dec1002ac65be1852e07a94fd2','2020-04-30 16:31:59',NULL,NULL),
('1255776903421071364','1','1255379800819601410','1255382143858479107','58b15ffc7fb68aa1057a4a70450af6fb','2020-04-30 16:31:59',NULL,NULL),
('1255776903421071365','1','1255379800819601410','1255382143858479107','414571f4d40c91b2be1d5039341fb080','2020-04-30 16:31:59',NULL,NULL),
('1255776903421071366','1','1255379800819601410','1255382143866867713','4f49ae1a8442793b5d5564f65c910d94','2020-04-30 16:31:59',NULL,NULL),
('1255776903421071367','1','1255379800819601410','1255382143866867713','37251998ff4119058821e0f5ec0d282a','2020-04-30 16:31:59',NULL,NULL),
('1255776903421071368','1','1255379800819601410','1255382143866867713','b0879152ec0a13dd747e1876fd321f00','2020-04-30 16:31:59',NULL,NULL),
('1255776903421071369','1','1255379800819601410','1255382143866867713','f5cae0dec1002ac65be1852e07a94fd2','2020-04-30 16:31:59',NULL,NULL),
('1255776903421071370','1','1255379800819601410','1255382143866867713','58b15ffc7fb68aa1057a4a70450af6fb','2020-04-30 16:31:59',NULL,NULL),
('1255776903421071371','1','1255379800819601410','1255382143866867713','69ca24903aa6261ea946ef37d88db23f','2020-04-30 16:31:59',NULL,NULL),
('1255776903421071372','1','1255379800819601410','1255382143875256321','4f49ae1a8442793b5d5564f65c910d94','2020-04-30 16:31:59',NULL,NULL),
('1255776903421071373','1','1255379800819601410','1255382143875256321','37251998ff4119058821e0f5ec0d282a','2020-04-30 16:31:59',NULL,NULL),
('1255776903421071374','1','1255379800819601410','1255382143875256321','b0879152ec0a13dd747e1876fd321f00','2020-04-30 16:31:59',NULL,NULL),
('1255776903421071375','1','1255379800819601410','1255382143875256321','f5cae0dec1002ac65be1852e07a94fd2','2020-04-30 16:31:59',NULL,NULL),
('1255776903421071376','1','1255379800819601410','1255382143875256321','e0b840a51e251badb5606d5ce1faa695','2020-04-30 16:31:59',NULL,NULL),
('1255776903421071377','1','1255379800819601410','1255382143875256321','414571f4d40c91b2be1d5039341fb080','2020-04-30 16:31:59',NULL,NULL),
('1255776903421071378','1','1255379800819601410','1255382143875256322','4f49ae1a8442793b5d5564f65c910d94','2020-04-30 16:31:59',NULL,NULL),
('1255776903421071379','1','1255379800819601410','1255382143875256322','37251998ff4119058821e0f5ec0d282a','2020-04-30 16:31:59',NULL,NULL),
('1255776903421071380','1','1255379800819601410','1255382143875256322','b0879152ec0a13dd747e1876fd321f00','2020-04-30 16:31:59',NULL,NULL),
('1255776903421071381','1','1255379800819601410','1255382143875256322','f5cae0dec1002ac65be1852e07a94fd2','2020-04-30 16:31:59',NULL,NULL),
('1255776903421071382','1','1255379800819601410','1255382143875256322','e0b840a51e251badb5606d5ce1faa695','2020-04-30 16:31:59',NULL,NULL),
('1255776903421071383','1','1255379800819601410','1255382143875256322','69ca24903aa6261ea946ef37d88db23f','2020-04-30 16:31:59',NULL,NULL),
('1255776903421071384','1','1255379800819601410','1255382143883644929','4f49ae1a8442793b5d5564f65c910d94','2020-04-30 16:31:59',NULL,NULL),
('1255776903421071385','1','1255379800819601410','1255382143883644929','37251998ff4119058821e0f5ec0d282a','2020-04-30 16:31:59',NULL,NULL),
('1255776903429459969','1','1255379800819601410','1255382143883644929','b0879152ec0a13dd747e1876fd321f00','2020-04-30 16:31:59',NULL,NULL),
('1255776903429459970','1','1255379800819601410','1255382143883644929','f06e7ed568c220d2624771b8f5de5b66','2020-04-30 16:31:59',NULL,NULL),
('1255776903429459971','1','1255379800819601410','1255382143883644929','4','2020-04-30 16:31:59',NULL,NULL),
('1255776903429459972','1','1255379800819601410','1255382143883644929','414571f4d40c91b2be1d5039341fb080','2020-04-30 16:31:59',NULL,NULL),
('1255776903429459973','1','1255379800819601410','1255382143892033538','4f49ae1a8442793b5d5564f65c910d94','2020-04-30 16:31:59',NULL,NULL),
('1255776903429459974','1','1255379800819601410','1255382143892033538','37251998ff4119058821e0f5ec0d282a','2020-04-30 16:31:59',NULL,NULL),
('1255776903429459975','1','1255379800819601410','1255382143892033538','b0879152ec0a13dd747e1876fd321f00','2020-04-30 16:31:59',NULL,NULL),
('1255776903429459976','1','1255379800819601410','1255382143892033538','f06e7ed568c220d2624771b8f5de5b66','2020-04-30 16:31:59',NULL,NULL),
('1255776903429459977','1','1255379800819601410','1255382143892033538','4','2020-04-30 16:31:59',NULL,NULL),
('1255776903429459978','1','1255379800819601410','1255382143892033538','69ca24903aa6261ea946ef37d88db23f','2020-04-30 16:31:59',NULL,NULL),
('1255776903429459979','1','1255379800819601410','1255382143904616450','4f49ae1a8442793b5d5564f65c910d94','2020-04-30 16:31:59',NULL,NULL),
('1255776903429459980','1','1255379800819601410','1255382143904616450','37251998ff4119058821e0f5ec0d282a','2020-04-30 16:31:59',NULL,NULL),
('1255776903429459981','1','1255379800819601410','1255382143904616450','b0879152ec0a13dd747e1876fd321f00','2020-04-30 16:31:59',NULL,NULL),
('1255776903429459982','1','1255379800819601410','1255382143904616450','f06e7ed568c220d2624771b8f5de5b66','2020-04-30 16:31:59',NULL,NULL),
('1255776903429459983','1','1255379800819601410','1255382143904616450','58b15ffc7fb68aa1057a4a70450af6fb','2020-04-30 16:31:59',NULL,NULL),
('1255776903429459984','1','1255379800819601410','1255382143904616450','414571f4d40c91b2be1d5039341fb080','2020-04-30 16:31:59',NULL,NULL),
('1255776903429459985','1','1255379800819601410','1255382143908810753','4f49ae1a8442793b5d5564f65c910d94','2020-04-30 16:31:59',NULL,NULL),
('1255776903429459986','1','1255379800819601410','1255382143908810753','37251998ff4119058821e0f5ec0d282a','2020-04-30 16:31:59',NULL,NULL),
('1255776903429459987','1','1255379800819601410','1255382143908810753','b0879152ec0a13dd747e1876fd321f00','2020-04-30 16:31:59',NULL,NULL),
('1255776903429459988','1','1255379800819601410','1255382143908810753','f06e7ed568c220d2624771b8f5de5b66','2020-04-30 16:31:59',NULL,NULL),
('1255776903429459989','1','1255379800819601410','1255382143908810753','58b15ffc7fb68aa1057a4a70450af6fb','2020-04-30 16:31:59',NULL,NULL),
('1255776903429459990','1','1255379800819601410','1255382143908810753','69ca24903aa6261ea946ef37d88db23f','2020-04-30 16:31:59',NULL,NULL),
('1255776903429459991','1','1255379800819601410','1255382143917199361','4f49ae1a8442793b5d5564f65c910d94','2020-04-30 16:31:59',NULL,NULL),
('1255776903429459992','1','1255379800819601410','1255382143917199361','37251998ff4119058821e0f5ec0d282a','2020-04-30 16:31:59',NULL,NULL),
('1255776903429459993','1','1255379800819601410','1255382143917199361','b0879152ec0a13dd747e1876fd321f00','2020-04-30 16:31:59',NULL,NULL),
('1255776903429459994','1','1255379800819601410','1255382143917199361','f06e7ed568c220d2624771b8f5de5b66','2020-04-30 16:31:59',NULL,NULL),
('1255776903429459995','1','1255379800819601410','1255382143917199361','e0b840a51e251badb5606d5ce1faa695','2020-04-30 16:31:59',NULL,NULL),
('1255776903437848577','1','1255379800819601410','1255382143917199361','414571f4d40c91b2be1d5039341fb080','2020-04-30 16:31:59',NULL,NULL),
('1255776903437848578','1','1255379800819601410','1255382143925587969','4f49ae1a8442793b5d5564f65c910d94','2020-04-30 16:31:59',NULL,NULL),
('1255776903437848579','1','1255379800819601410','1255382143925587969','37251998ff4119058821e0f5ec0d282a','2020-04-30 16:31:59',NULL,NULL),
('1255776903437848580','1','1255379800819601410','1255382143925587969','b0879152ec0a13dd747e1876fd321f00','2020-04-30 16:31:59',NULL,NULL),
('1255776903437848581','1','1255379800819601410','1255382143925587969','f06e7ed568c220d2624771b8f5de5b66','2020-04-30 16:31:59',NULL,NULL),
('1255776903437848582','1','1255379800819601410','1255382143925587969','e0b840a51e251badb5606d5ce1faa695','2020-04-30 16:31:59',NULL,NULL),
('1255776903437848583','1','1255379800819601410','1255382143925587969','69ca24903aa6261ea946ef37d88db23f','2020-04-30 16:31:59',NULL,NULL),
('1255776903437848584','1','1255379800819601410','1255382143933976577','4f49ae1a8442793b5d5564f65c910d94','2020-04-30 16:31:59',NULL,NULL),
('1255776903437848585','1','1255379800819601410','1255382143933976577','37251998ff4119058821e0f5ec0d282a','2020-04-30 16:31:59',NULL,NULL),
('1255776903437848586','1','1255379800819601410','1255382143933976577','b0879152ec0a13dd747e1876fd321f00','2020-04-30 16:31:59',NULL,NULL),
('1255776903437848587','1','1255379800819601410','1255382143933976577','3a6dec5833f02abad0fe5bc287951f53','2020-04-30 16:31:59',NULL,NULL),
('1255776903437848588','1','1255379800819601410','1255382143933976577','4','2020-04-30 16:31:59',NULL,NULL),
('1255776903437848589','1','1255379800819601410','1255382143933976577','414571f4d40c91b2be1d5039341fb080','2020-04-30 16:31:59',NULL,NULL),
('1255776903437848590','1','1255379800819601410','1255382143942365185','4f49ae1a8442793b5d5564f65c910d94','2020-04-30 16:31:59',NULL,NULL),
('1255776903437848591','1','1255379800819601410','1255382143942365185','37251998ff4119058821e0f5ec0d282a','2020-04-30 16:31:59',NULL,NULL),
('1255776903437848592','1','1255379800819601410','1255382143942365185','b0879152ec0a13dd747e1876fd321f00','2020-04-30 16:31:59',NULL,NULL),
('1255776903437848593','1','1255379800819601410','1255382143942365185','3a6dec5833f02abad0fe5bc287951f53','2020-04-30 16:31:59',NULL,NULL),
('1255776903437848594','1','1255379800819601410','1255382143942365185','4','2020-04-30 16:31:59',NULL,NULL),
('1255776903437848595','1','1255379800819601410','1255382143942365185','69ca24903aa6261ea946ef37d88db23f','2020-04-30 16:31:59',NULL,NULL),
('1255776903437848596','1','1255379800819601410','1255382143950753793','4f49ae1a8442793b5d5564f65c910d94','2020-04-30 16:31:59',NULL,NULL),
('1255776903437848597','1','1255379800819601410','1255382143950753793','37251998ff4119058821e0f5ec0d282a','2020-04-30 16:31:59',NULL,NULL),
('1255776903437848598','1','1255379800819601410','1255382143950753793','b0879152ec0a13dd747e1876fd321f00','2020-04-30 16:31:59',NULL,NULL),
('1255776903437848599','1','1255379800819601410','1255382143950753793','3a6dec5833f02abad0fe5bc287951f53','2020-04-30 16:31:59',NULL,NULL),
('1255776903437848600','1','1255379800819601410','1255382143950753793','58b15ffc7fb68aa1057a4a70450af6fb','2020-04-30 16:31:59',NULL,NULL),
('1255776903437848601','1','1255379800819601410','1255382143950753793','414571f4d40c91b2be1d5039341fb080','2020-04-30 16:31:59',NULL,NULL),
('1255776903437848602','1','1255379800819601410','1255382143954948097','4f49ae1a8442793b5d5564f65c910d94','2020-04-30 16:31:59',NULL,NULL),
('1255776903446237186','1','1255379800819601410','1255382143954948097','37251998ff4119058821e0f5ec0d282a','2020-04-30 16:31:59',NULL,NULL),
('1255776903446237187','1','1255379800819601410','1255382143954948097','b0879152ec0a13dd747e1876fd321f00','2020-04-30 16:31:59',NULL,NULL),
('1255776903446237188','1','1255379800819601410','1255382143954948097','3a6dec5833f02abad0fe5bc287951f53','2020-04-30 16:31:59',NULL,NULL),
('1255776903446237189','1','1255379800819601410','1255382143954948097','58b15ffc7fb68aa1057a4a70450af6fb','2020-04-30 16:31:59',NULL,NULL),
('1255776903446237190','1','1255379800819601410','1255382143954948097','69ca24903aa6261ea946ef37d88db23f','2020-04-30 16:31:59',NULL,NULL),
('1255776903446237191','1','1255379800819601410','1255382143967531009','4f49ae1a8442793b5d5564f65c910d94','2020-04-30 16:31:59',NULL,NULL),
('1255776903446237192','1','1255379800819601410','1255382143967531009','37251998ff4119058821e0f5ec0d282a','2020-04-30 16:31:59',NULL,NULL),
('1255776903446237193','1','1255379800819601410','1255382143967531009','b0879152ec0a13dd747e1876fd321f00','2020-04-30 16:31:59',NULL,NULL),
('1255776903446237194','1','1255379800819601410','1255382143967531009','3a6dec5833f02abad0fe5bc287951f53','2020-04-30 16:31:59',NULL,NULL),
('1255776903446237195','1','1255379800819601410','1255382143967531009','e0b840a51e251badb5606d5ce1faa695','2020-04-30 16:31:59',NULL,NULL),
('1255776903446237196','1','1255379800819601410','1255382143967531009','414571f4d40c91b2be1d5039341fb080','2020-04-30 16:31:59',NULL,NULL),
('1255776903446237197','1','1255379800819601410','1255382143967531010','4f49ae1a8442793b5d5564f65c910d94','2020-04-30 16:31:59',NULL,NULL),
('1255776903446237198','1','1255379800819601410','1255382143967531010','37251998ff4119058821e0f5ec0d282a','2020-04-30 16:31:59',NULL,NULL),
('1255776903446237199','1','1255379800819601410','1255382143967531010','b0879152ec0a13dd747e1876fd321f00','2020-04-30 16:31:59',NULL,NULL),
('1255776903446237200','1','1255379800819601410','1255382143967531010','3a6dec5833f02abad0fe5bc287951f53','2020-04-30 16:31:59',NULL,NULL),
('1255776903446237201','1','1255379800819601410','1255382143967531010','e0b840a51e251badb5606d5ce1faa695','2020-04-30 16:31:59',NULL,NULL),
('1255776903446237202','1','1255379800819601410','1255382143967531010','69ca24903aa6261ea946ef37d88db23f','2020-04-30 16:31:59',NULL,NULL),
('1258756185554644994','1','87ec583e2883cbd2fd259f47ece0fe15','8558b4f72eb78580e251f7b50351ba2f','e0b840a51e251badb5606d5ce1faa695','2020-05-08 21:50:35',NULL,NULL),
('1258756185563033602','1','87ec583e2883cbd2fd259f47ece0fe15','8558b4f72eb78580e251f7b50351ba2f','ed144c2c87660ead15b4784ed8df5d63','2020-05-08 21:50:35',NULL,NULL),
('1258756185563033603','1','87ec583e2883cbd2fd259f47ece0fe15','8558b4f72eb78580e251f7b50351ba2f','694d1ae3ffb4d03111a5b901cf1e1a8a','2020-05-08 21:50:35',NULL,NULL),
('1258756185563033604','1','87ec583e2883cbd2fd259f47ece0fe15','9211ed74de18ec2d044377163ba6ad90','e0b840a51e251badb5606d5ce1faa695','2020-05-08 21:50:35',NULL,NULL),
('1258756185563033605','1','87ec583e2883cbd2fd259f47ece0fe15','9211ed74de18ec2d044377163ba6ad90','ed144c2c87660ead15b4784ed8df5d63','2020-05-08 21:50:35',NULL,NULL),
('1258756185563033606','1','87ec583e2883cbd2fd259f47ece0fe15','9211ed74de18ec2d044377163ba6ad90','da0b3c06d18c677984f1b37655aa4505','2020-05-08 21:50:35',NULL,NULL),
('1258756185563033607','1','87ec583e2883cbd2fd259f47ece0fe15','f42bda1c9215a878fd49360a7576c913','e0b840a51e251badb5606d5ce1faa695','2020-05-08 21:50:35',NULL,NULL),
('1258756185563033608','1','87ec583e2883cbd2fd259f47ece0fe15','f42bda1c9215a878fd49360a7576c913','62de70420a9be05b6fbcf3e1c818e0de','2020-05-08 21:50:35',NULL,NULL),
('1258756185563033609','1','87ec583e2883cbd2fd259f47ece0fe15','f42bda1c9215a878fd49360a7576c913','694d1ae3ffb4d03111a5b901cf1e1a8a','2020-05-08 21:50:35',NULL,NULL),
('1258756185563033610','1','87ec583e2883cbd2fd259f47ece0fe15','2db22126dc5c251de13064fe12ebfb62','e0b840a51e251badb5606d5ce1faa695','2020-05-08 21:50:35',NULL,NULL),
('1258756185563033611','1','87ec583e2883cbd2fd259f47ece0fe15','2db22126dc5c251de13064fe12ebfb62','62de70420a9be05b6fbcf3e1c818e0de','2020-05-08 21:50:35',NULL,NULL),
('1258756185563033612','1','87ec583e2883cbd2fd259f47ece0fe15','2db22126dc5c251de13064fe12ebfb62','da0b3c06d18c677984f1b37655aa4505','2020-05-08 21:50:35',NULL,NULL),
('1258756185563033613','1','87ec583e2883cbd2fd259f47ece0fe15','eea55f1c4ad3b9eb305c8b357c8fb46a','e0b840a51e251badb5606d5ce1faa695','2020-05-08 21:50:35',NULL,NULL),
('1258756185563033614','1','87ec583e2883cbd2fd259f47ece0fe15','eea55f1c4ad3b9eb305c8b357c8fb46a','63fc0234dc4ebcc9553ab576b36167d2','2020-05-08 21:50:35',NULL,NULL),
('1258756185563033615','1','87ec583e2883cbd2fd259f47ece0fe15','eea55f1c4ad3b9eb305c8b357c8fb46a','694d1ae3ffb4d03111a5b901cf1e1a8a','2020-05-08 21:50:35',NULL,NULL),
('1258756185563033616','1','87ec583e2883cbd2fd259f47ece0fe15','401c62d0a62226e6209728629645677d','e0b840a51e251badb5606d5ce1faa695','2020-05-08 21:50:35',NULL,NULL),
('1258756185563033617','1','87ec583e2883cbd2fd259f47ece0fe15','401c62d0a62226e6209728629645677d','63fc0234dc4ebcc9553ab576b36167d2','2020-05-08 21:50:35',NULL,NULL),
('1258756185563033618','1','87ec583e2883cbd2fd259f47ece0fe15','401c62d0a62226e6209728629645677d','da0b3c06d18c677984f1b37655aa4505','2020-05-08 21:50:35',NULL,NULL),
('1266195538207707138','1','4d06c5157cce971b89166e509cdf63e8','7cee91d08568afe4f8c2a7651f52be8b','69ca24903aa6261ea946ef37d88db23f','2020-05-29 10:31:55',NULL,NULL),
('1266195538216095745','1','4d06c5157cce971b89166e509cdf63e8','894b591741d425ca9c1b1579ce299a5b','414571f4d40c91b2be1d5039341fb080','2020-05-29 10:31:55',NULL,NULL),
('257c9920abdf14b7bafe2d1f8d1ee41f','872f46d167f7428c8e9e252c17997fb5','b13822de6c8ecddc06c167de4c054aeb','25382fd4bb10ff4ca5b9000262e7b0e4','25a8724edc2ecf4fc295bf72f2faf923','2019-12-16 20:59:16',NULL,NULL),
('35a565f4adb80e8e96f3ba91421fbd9d','872f46d167f7428c8e9e252c17997fb5','b13822de6c8ecddc06c167de4c054aeb','4bdae99ee87f891eba5ed92fefd6398e','fd82720178bbf4e198bf689f28b6d072','2019-12-16 20:59:16',NULL,NULL),
('48c63476857168f0cd17949deec14364','872f46d167f7428c8e9e252c17997fb5','b13822de6c8ecddc06c167de4c054aeb','7d194deff8da58f84a6fea43c0aaba6d','fd82720178bbf4e198bf689f28b6d072','2019-12-16 20:59:16',NULL,NULL),
('4c778b28778a7c0a7ca4fcd1c8d155a0','872f46d167f7428c8e9e252c17997fb5','b13822de6c8ecddc06c167de4c054aeb','a93e101a5923bf5924a24353f9a93f62','25a8724edc2ecf4fc295bf72f2faf923','2019-12-16 20:59:16',NULL,NULL),
('65dbc3a197236b4fa1bcefad192282aa','872f46d167f7428c8e9e252c17997fb5','b13822de6c8ecddc06c167de4c054aeb','4bdae99ee87f891eba5ed92fefd6398e','1d7f73d660f51ed9737614eb7b0041c6','2019-12-16 20:59:16',NULL,NULL),
('910993ee19b4c953797922564510fc13','872f46d167f7428c8e9e252c17997fb5','b13822de6c8ecddc06c167de4c054aeb','81f6520c7fd6a07c2085ed477401adc6','25a8724edc2ecf4fc295bf72f2faf923','2019-12-16 20:59:16',NULL,NULL),
('ae43f1b1f0002090b9c928a8f82bb794','872f46d167f7428c8e9e252c17997fb5','b13822de6c8ecddc06c167de4c054aeb','2ab787084884a7169d5dd2b7a259c9cc','204fa96e649cc9333aa903d4b53d0f36','2019-12-16 20:59:16',NULL,NULL),
('b34543c50b3f1121bc461d63a67be069','872f46d167f7428c8e9e252c17997fb5','b13822de6c8ecddc06c167de4c054aeb','81f6520c7fd6a07c2085ed477401adc6','204fa96e649cc9333aa903d4b53d0f36','2019-12-16 20:59:16',NULL,NULL),
('cd7514dd95c8a7ba5c5e15b379bbcdbf','872f46d167f7428c8e9e252c17997fb5','b13822de6c8ecddc06c167de4c054aeb','2ab787084884a7169d5dd2b7a259c9cc','fd82720178bbf4e198bf689f28b6d072','2019-12-16 20:59:16',NULL,NULL),
('d856a208e914b72b632a4be00f960ee4','872f46d167f7428c8e9e252c17997fb5','b13822de6c8ecddc06c167de4c054aeb','25382fd4bb10ff4ca5b9000262e7b0e4','1d7f73d660f51ed9737614eb7b0041c6','2019-12-16 20:59:16',NULL,NULL),
('db7c58cd5320fab23965f7c186c5c48a','872f46d167f7428c8e9e252c17997fb5','b13822de6c8ecddc06c167de4c054aeb','a93e101a5923bf5924a24353f9a93f62','690315b4e8a0642a465167ed93063f9c','2019-12-16 20:59:16',NULL,NULL),
('f8c86f44a2589aaa41feb6115a0bb5e5','872f46d167f7428c8e9e252c17997fb5','b13822de6c8ecddc06c167de4c054aeb','7d194deff8da58f84a6fea43c0aaba6d','690315b4e8a0642a465167ed93063f9c','2019-12-16 20:59:16',NULL,NULL);

/*Table structure for table `goods_spec` */

DROP TABLE IF EXISTS `goods_spec`;

CREATE TABLE `goods_spec` (
  `id` varchar(32) CHARACTER SET utf8mb4 COLLATE utf8mb4_0900_ai_ci NOT NULL COMMENT 'PK',
  `tenant_id` varchar(32) CHARACTER SET utf8mb4 COLLATE utf8mb4_0900_ai_ci NOT NULL COMMENT '所属租户',
  `name` varchar(50) CHARACTER SET utf8mb4 COLLATE utf8mb4_0900_ai_ci NOT NULL DEFAULT '' COMMENT '名称',
  `del_flag` char(2) CHARACTER SET utf8mb4 COLLATE utf8mb4_0900_ai_ci NOT NULL DEFAULT '0' COMMENT '逻辑删除标记（0：显示；1：隐藏）',
  `create_time` datetime NOT NULL DEFAULT CURRENT_TIMESTAMP COMMENT '创建时间',
  `update_time` timestamp NOT NULL DEFAULT CURRENT_TIMESTAMP ON UPDATE CURRENT_TIMESTAMP COMMENT '最后更新时间',
  PRIMARY KEY (`id`) USING BTREE,
  UNIQUE KEY `uk_name` (`tenant_id`,`name`) USING BTREE,
  KEY `ids_tenant_id` (`tenant_id`) USING BTREE
) ENGINE=InnoDB DEFAULT CHARSET=utf8mb4 COLLATE=utf8mb4_0900_ai_ci ROW_FORMAT=DYNAMIC COMMENT='规格表';

/*Data for the table `goods_spec` */

insert  into `goods_spec`(`id`,`tenant_id`,`name`,`del_flag`,`create_time`,`update_time`) values 
('02c21865a7681cc77f9b7f60d48cf2a1','1','购买方式','0','2019-08-26 14:53:18','2019-08-26 14:53:18'),
('030c4a9407b189383113fb3e7988cf38','1','版本','0','2019-08-14 21:26:21','2019-08-14 21:26:21'),
('1','1','内存','0','2019-08-13 11:20:15','2019-08-13 11:20:15'),
('2','1','网络制式','0','2019-08-13 14:14:31','2019-08-13 14:14:31'),
('22d6082e0c1cc2b5a570195f8d91ddad','1','容量','0','2019-08-26 11:53:04','2019-08-26 11:53:04'),
('2b2d479c89dfef05ea1e35386a3c4795','872f46d167f7428c8e9e252c17997fb5','款式','0','2019-12-16 20:58:01','2019-12-16 20:58:01'),
('3','1','颜色','0','2019-08-13 21:53:00','2019-08-13 21:53:00'),
('7e7f8fed52c4627fbf62b5a5dd58151f','1','尺码','0','2019-08-28 21:40:40','2019-08-28 21:40:40'),
('7f3333f95900cf5fce3dc41ef93e46bc','1','网络规格','0','2019-08-26 14:07:45','2019-08-26 14:07:45'),
('8b0e496328b99e49fb521fa6f880fedf','1','用途','0','2019-08-16 16:33:57','2019-08-16 16:33:57'),
('a51fda1bb9fbfb0c3fdc16f988319185','872f46d167f7428c8e9e252c17997fb5','颜色','0','2019-12-16 20:57:38','2019-12-16 20:57:38'),
('b38b0d33b310ff6e6c9f6762092e238d','1','套餐类型','0','2019-08-26 14:55:58','2019-08-26 14:55:58'),
('dae1169b7a82a1d6accff95ff8406aee','1','地区','0','2019-08-14 21:28:03','2019-08-14 21:28:03');

/*Table structure for table `goods_spec_value` */

DROP TABLE IF EXISTS `goods_spec_value`;

CREATE TABLE `goods_spec_value` (
  `id` varchar(32) CHARACTER SET utf8mb4 COLLATE utf8mb4_0900_ai_ci NOT NULL COMMENT 'PK',
  `tenant_id` varchar(32) CHARACTER SET utf8mb4 COLLATE utf8mb4_0900_ai_ci NOT NULL COMMENT '所属租户',
  `spec_id` varchar(32) CHARACTER SET utf8mb4 COLLATE utf8mb4_0900_ai_ci NOT NULL COMMENT '规格Id',
  `name` varchar(50) CHARACTER SET utf8mb4 COLLATE utf8mb4_0900_ai_ci NOT NULL DEFAULT '' COMMENT '名称',
  `del_flag` char(2) CHARACTER SET utf8mb4 COLLATE utf8mb4_0900_ai_ci NOT NULL DEFAULT '0' COMMENT '逻辑删除标记（0：显示；1：隐藏）',
  `create_time` datetime DEFAULT CURRENT_TIMESTAMP COMMENT '创建时间',
  `update_time` timestamp NULL DEFAULT CURRENT_TIMESTAMP ON UPDATE CURRENT_TIMESTAMP COMMENT '最后更新时间',
  PRIMARY KEY (`id`) USING BTREE,
  UNIQUE KEY `uk_name` (`spec_id`,`name`,`tenant_id`) USING BTREE,
  KEY `ids_tenant_id` (`tenant_id`) USING BTREE
) ENGINE=InnoDB DEFAULT CHARSET=utf8mb4 COLLATE=utf8mb4_0900_ai_ci ROW_FORMAT=DYNAMIC COMMENT='规格值表';

/*Data for the table `goods_spec_value` */

insert  into `goods_spec_value`(`id`,`tenant_id`,`spec_id`,`name`,`del_flag`,`create_time`,`update_time`) values 
('0027fd6892a74bc38431ccc77dd4bb3a','1','3','黑色','0','2019-08-28 21:42:51','2019-08-28 21:42:51'),
('048d8cfbd70c3b01ff2ff5976a64842f','1','7e7f8fed52c4627fbf62b5a5dd58151f','S','0','2019-08-28 21:40:45','2019-08-28 21:40:45'),
('1','1','1','64G','0','2019-08-13 11:20:33','2019-08-13 11:20:33'),
('1d7f73d660f51ed9737614eb7b0041c6','872f46d167f7428c8e9e252c17997fb5','a51fda1bb9fbfb0c3fdc16f988319185','白色','0','2019-12-16 20:57:44','2019-12-16 20:57:44'),
('2','1','1','32G','0','2019-08-13 11:20:48','2019-08-13 11:20:48'),
('204fa96e649cc9333aa903d4b53d0f36','872f46d167f7428c8e9e252c17997fb5','a51fda1bb9fbfb0c3fdc16f988319185','黑色','0','2019-12-16 20:57:48','2019-12-16 20:57:48'),
('219547f11911619c247414314762b5eb','1','3','蓝色','0','2019-08-24 17:39:42','2019-08-24 17:39:42'),
('25a8724edc2ecf4fc295bf72f2faf923','872f46d167f7428c8e9e252c17997fb5','2b2d479c89dfef05ea1e35386a3c4795','款式2','0','2019-12-16 20:58:14','2019-12-16 20:58:14'),
('3','1','2','联通','0','2019-08-13 14:14:50','2019-08-13 14:14:50'),
('314393294141bb35417b164ee2bc9a0b','1','7e7f8fed52c4627fbf62b5a5dd58151f','165','0','2019-08-28 21:47:39','2019-08-28 21:47:39'),
('316bf47699774271e344253021b48b47','1','3','珠光贝母','0','2019-08-26 11:52:21','2019-08-26 11:52:21'),
('37251998ff4119058821e0f5ec0d282a','1','22d6082e0c1cc2b5a570195f8d91ddad','8+128GB','0','2019-08-26 11:53:48','2019-08-26 11:53:48'),
('3a6dec5833f02abad0fe5bc287951f53','1','7e7f8fed52c4627fbf62b5a5dd58151f','L','0','2019-08-28 21:43:13','2019-08-28 21:43:13'),
('4','1','2','移动','0','2019-08-13 14:15:03','2019-08-13 14:15:03'),
('414571f4d40c91b2be1d5039341fb080','1','02c21865a7681cc77f9b7f60d48cf2a1','裸机','0','2019-08-26 14:53:26','2019-08-26 14:53:26'),
('45ca242a5356bc352325a2e7c89e5b40','1','7e7f8fed52c4627fbf62b5a5dd58151f','M','0','2019-08-28 21:43:08','2019-08-28 21:43:08'),
('4f49ae1a8442793b5d5564f65c910d94','1','3',' 幻夜黑','0','2019-08-26 14:52:18','2019-08-26 14:52:18'),
('5','1','2','电信','0','2019-08-14 22:10:52','2019-08-14 22:10:52'),
('54b91be8f9d4a73e54b9a2488ae6cda5','1','3','欧若拉银','0','2019-08-28 22:05:24','2019-08-28 22:05:24'),
('568e18093656647e8a6ce349d1a81181','1','b38b0d33b310ff6e6c9f6762092e238d','套餐一','0','2019-08-27 21:58:30','2019-08-27 21:58:30'),
('58b15ffc7fb68aa1057a4a70450af6fb','1','2','全网通','0','2019-08-16 10:48:20','2019-08-16 10:48:20'),
('59df0a8135ab62ba610a84b97fb71fb5','1','b38b0d33b310ff6e6c9f6762092e238d','官方标配','0','2019-08-26 14:56:08','2019-08-26 14:56:08'),
('5a1eb958744e4b59f0e2f4da15958c57','1','3','琥珀棕','0','2019-08-26 14:52:28','2019-08-26 14:52:28'),
('5de5789a394b2ff6fae227547e59d871','1','3','星光金','0','2019-08-28 22:07:10','2019-08-28 22:07:10'),
('62de70420a9be05b6fbcf3e1c818e0de','1','3','仲夏紫','0','2019-08-26 14:39:28','2019-08-26 14:39:28'),
('63fc0234dc4ebcc9553ab576b36167d2','1','3','极光色','0','2019-08-26 11:52:14','2019-08-26 11:52:14'),
('690315b4e8a0642a465167ed93063f9c','872f46d167f7428c8e9e252c17997fb5','a51fda1bb9fbfb0c3fdc16f988319185','蓝色','0','2019-12-16 20:57:52','2019-12-16 20:57:52'),
('694d1ae3ffb4d03111a5b901cf1e1a8a','1','1','128G','0','2019-08-14 22:31:59','2019-08-14 22:31:59'),
('69ca24903aa6261ea946ef37d88db23f','1','02c21865a7681cc77f9b7f60d48cf2a1','超值大礼包','0','2019-08-26 14:53:34','2019-08-26 14:53:34'),
('6c69234b70c97c9656b0658b89ff0d1c','1','8b0e496328b99e49fb521fa6f880fedf','家用','0','2019-08-16 16:34:16','2019-08-16 16:34:16'),
('70429b93875a445d88ea90a56f2d4f7f','1','1','86G','0','2019-08-14 23:11:34','2019-08-14 23:11:34'),
('73afb3dac3e734a716381f7d0d53d2ee','1','dae1169b7a82a1d6accff95ff8406aee','深圳','0','2019-09-26 14:10:42','2019-09-26 14:10:42'),
('829507194471d6aa6425fce05dd578b8','1','030c4a9407b189383113fb3e7988cf38','WD20EZAZ 2TB 5400转 SATA','0','2019-08-24 17:40:27','2019-08-24 17:40:27'),
('86786c195fbf7f2256bffe67bdf8c943','1','7e7f8fed52c4627fbf62b5a5dd58151f','XL','0','2019-08-28 21:43:17','2019-08-28 21:43:17'),
('8b4e151487d785f83c4785e8ca197f4a','1','7e7f8fed52c4627fbf62b5a5dd58151f','170','0','2019-08-28 21:47:42','2019-08-28 21:47:42'),
('8c5f2941e6789e692f94bd2b2ae7adc8','1','3','绿色','0','2019-08-15 09:28:50','2019-08-15 09:28:50'),
('8cc278b2924be8aac519b1caf9ea03fb','1','dae1169b7a82a1d6accff95ff8406aee','湖南','0','2019-09-26 14:10:25','2019-09-26 14:10:25'),
('8f8349aa1dc205cb644c8eccbe9a13c9','1','3','4TB蓝','0','2019-08-24 17:41:52','2019-08-24 17:41:52'),
('958aad754214368594a38428bc09defd','1','3','红色','0','2019-08-15 09:28:10','2019-08-15 09:28:10'),
('9fe64e448e64401d325f2731c0366d62','1','22d6082e0c1cc2b5a570195f8d91ddad','8+64GB','0','2019-08-26 11:53:29','2019-08-26 11:53:29'),
('a9a2957787cff867418635f0587d3046','1','030c4a9407b189383113fb3e7988cf38','sdg','0','2019-08-14 22:35:32','2019-08-14 22:35:32'),
('ac83f6289072e704fc983f22823b9832','1','030c4a9407b189383113fb3e7988cf38','WD40EZRZ 4TB 5400转 SATA','0','2019-08-24 17:40:56','2019-08-24 17:40:56'),
('afdff2b138fe9ad54afabcce42ba17ce','1','030c4a9407b189383113fb3e7988cf38','WD30EZRZ 3TB 5400转 SATA','0','2019-08-24 17:40:38','2019-08-24 17:40:38'),
('b0879152ec0a13dd747e1876fd321f00','1','030c4a9407b189383113fb3e7988cf38','WD10EZEX 1TB 7200转 SATA','0','2019-08-24 17:47:10','2019-08-24 17:47:10'),
('b50258dcbe378145b0159b4cdf89202e','1','3','天际白','0','2019-08-26 15:06:02','2019-08-26 15:06:02'),
('b8b3ece7283992f1c42826542eb98a43','1','3','天空之境','0','2019-08-26 11:52:01','2019-08-26 11:52:01'),
('bbe044bc2ba48270e27901732624d710','1','22d6082e0c1cc2b5a570195f8d91ddad','8+256GB','0','2019-08-26 11:54:07','2019-08-26 11:54:07'),
('c08a41bfa243e6ea121a0f0c3050517e','1','22d6082e0c1cc2b5a570195f8d91ddad','6+128GB','0','2019-08-26 11:54:20','2019-08-26 11:54:20'),
('c1acf203b7facc656925866200856697','1','8b0e496328b99e49fb521fa6f880fedf','服务器','0','2019-08-16 16:34:04','2019-08-16 16:34:04'),
('c9c9eabb61b4524b7e9415d1cace93df','1','3','粉色','0','2019-08-28 21:54:22','2019-08-28 21:54:22'),
('caf2f679a29e6ea2d34239a513add028','1','1','75G','0','2019-08-14 22:43:17','2019-08-14 22:43:17'),
('cba677f619061b9c326c15d8eceeb31e','1','7f3333f95900cf5fce3dc41ef93e46bc','4G全网通','0','2019-08-26 14:34:55','2019-08-26 14:34:55'),
('cc5eb984477015cfff0b99ba711753d6','1','7e7f8fed52c4627fbf62b5a5dd58151f','160','0','2019-08-28 21:47:34','2019-08-28 21:47:34'),
('d96a8197252a4d260c7868ddbea5e0ea','1','3','赤茶橘','0','2019-08-26 11:52:46','2019-08-26 11:52:46'),
('da0b3c06d18c677984f1b37655aa4505','1','1','256G','0','2019-08-26 14:05:44','2019-08-26 14:05:44'),
('dba851cb5f505e287a65f799121a928f','1','7e7f8fed52c4627fbf62b5a5dd58151f','XS','0','2019-08-28 21:40:48','2019-08-28 21:40:48'),
('e0b840a51e251badb5606d5ce1faa695','1','2','4g全网通','0','2019-08-26 11:51:27','2019-08-26 11:51:27'),
('e14c2a907231c2bd0d484a9cdc1fb557','1','3','白色','0','2019-08-15 09:50:04','2019-08-15 09:50:04'),
('e9b07c814d143d750ce38293b8497ff1','1','030c4a9407b189383113fb3e7988cf38','D10EZEX 1TB 7200转 SATA','0','2019-08-24 17:40:12','2019-08-24 17:40:12'),
('ed144c2c87660ead15b4784ed8df5d63','1','3','珊瑚橙','0','2019-08-26 14:39:20','2019-08-26 14:39:20'),
('f06e7ed568c220d2624771b8f5de5b66','1','7e7f8fed52c4627fbf62b5a5dd58151f','175','0','2019-08-28 21:47:45','2019-08-28 21:47:45'),
('f53488c6a79e795ba288d1279a5f98e7','1','3','亮黑色','0','2019-08-26 11:51:55','2019-08-26 11:51:55'),
('f5cae0dec1002ac65be1852e07a94fd2','1','7e7f8fed52c4627fbf62b5a5dd58151f','2XL','0','2019-08-28 21:43:29','2019-08-28 21:43:29'),
('f6459927049f7e3aff811cf106aa04e4','1','dae1169b7a82a1d6accff95ff8406aee','长沙','0','2019-09-26 14:10:36','2019-09-26 14:10:36'),
('fd82720178bbf4e198bf689f28b6d072','872f46d167f7428c8e9e252c17997fb5','2b2d479c89dfef05ea1e35386a3c4795','款式1','0','2019-12-16 20:58:09','2019-12-16 20:58:09');

/*Table structure for table `goods_spu` */

DROP TABLE IF EXISTS `goods_spu`;

CREATE TABLE `goods_spu` (
  `id` varchar(32) CHARACTER SET utf8mb4 COLLATE utf8mb4_0900_ai_ci NOT NULL COMMENT 'PK',
  `tenant_id` varchar(32) CHARACTER SET utf8mb4 COLLATE utf8mb4_0900_ai_ci NOT NULL COMMENT '所属租户',
  `spu_code` varchar(32) CHARACTER SET utf8mb4 COLLATE utf8mb4_0900_ai_ci DEFAULT NULL COMMENT 'spu编码',
  `name` varchar(200) CHARACTER SET utf8mb4 COLLATE utf8mb4_0900_ai_ci NOT NULL DEFAULT '' COMMENT 'spu名字',
  `sell_point` varchar(500) CHARACTER SET utf8mb4 COLLATE utf8mb4_0900_ai_ci NOT NULL DEFAULT '' COMMENT '卖点',
  `description` text CHARACTER SET utf8mb4 COLLATE utf8mb4_0900_ai_ci NOT NULL COMMENT '描述',
  `category_first` varchar(32) CHARACTER SET utf8mb4 COLLATE utf8mb4_0900_ai_ci NOT NULL COMMENT '一级分类ID',
  `category_second` varchar(32) CHARACTER SET utf8mb4 COLLATE utf8mb4_0900_ai_ci DEFAULT NULL COMMENT '二级分类ID',
  `pic_urls` varchar(1024) CHARACTER SET utf8mb4 COLLATE utf8mb4_0900_ai_ci NOT NULL DEFAULT '' COMMENT '商品图片',
  `shelf` char(2) CHARACTER SET utf8mb4 COLLATE utf8mb4_0900_ai_ci NOT NULL DEFAULT '0' COMMENT '是否上架（1是 0否）',
  `sort` int NOT NULL DEFAULT '0' COMMENT '排序字段',
  `price_down` decimal(10,2) DEFAULT NULL COMMENT '最低价',
  `price_up` decimal(10,2) DEFAULT NULL COMMENT '最高价',
  `sale_num` int DEFAULT '0' COMMENT '销量',
  `create_time` datetime NOT NULL DEFAULT CURRENT_TIMESTAMP COMMENT '创建时间',
  `update_time` timestamp NOT NULL DEFAULT CURRENT_TIMESTAMP ON UPDATE CURRENT_TIMESTAMP COMMENT '最后更新时间',
  `spec_type` char(2) CHARACTER SET utf8mb4 COLLATE utf8mb4_0900_ai_ci DEFAULT NULL COMMENT '0统一规格；1多规格',
  `del_flag` char(2) CHARACTER SET utf8mb4 COLLATE utf8mb4_0900_ai_ci NOT NULL DEFAULT '0' COMMENT '逻辑删除标记（0：显示；1：隐藏）',
  `points_give_switch` char(2) CHARACTER SET utf8mb4 COLLATE utf8mb4_0900_ai_ci DEFAULT NULL COMMENT '积分赠送开关（1开 0关）',
  `points_give_num` int DEFAULT NULL COMMENT '积分赠送数量',
  `points_deduct_switch` char(2) CHARACTER SET utf8mb4 COLLATE utf8mb4_0900_ai_ci DEFAULT NULL COMMENT '积分抵扣开关（1开 0关）',
  `points_deduct_scale` int DEFAULT NULL COMMENT '积分抵扣商品金额比例（0~100）',
  `points_deduct_amount` decimal(10,2) DEFAULT NULL COMMENT '1积分数可抵多少元',
  `freight_templat_id` varchar(32) CHARACTER SET utf8mb4 COLLATE utf8mb4_0900_ai_ci NOT NULL COMMENT '运费模板ID',
  `delivery_place_id` varchar(32) CHARACTER SET utf8mb4 COLLATE utf8mb4_0900_ai_ci NOT NULL COMMENT '发货地ID',
  PRIMARY KEY (`id`) USING BTREE,
  KEY `ids_tenant_id` (`tenant_id`) USING BTREE
) ENGINE=InnoDB DEFAULT CHARSET=utf8mb4 COLLATE=utf8mb4_0900_ai_ci ROW_FORMAT=DYNAMIC COMMENT='spu表';

/*Data for the table `goods_spu` */

insert  into `goods_spu`(`id`,`tenant_id`,`spu_code`,`name`,`sell_point`,`description`,`category_first`,`category_second`,`pic_urls`,`shelf`,`sort`,`price_down`,`price_up`,`sale_num`,`create_time`,`update_time`,`spec_type`,`del_flag`,`points_give_switch`,`points_give_num`,`points_deduct_switch`,`points_deduct_scale`,`points_deduct_amount`,`freight_templat_id`,`delivery_place_id`) values 
('1255379800819601410','1','','咖啡因仍仍仍和谣的㐱有前辩护和','','','9bb404548cc6513c1c148b532b6db720','862a74f109f7f14bcbfff1d5adf73cdc','[\"http://aiforest-base-test.oss-cn-zhangjiakou.aliyuncs.com/22.png\",\"http://frp.sdhtwlkjyxgs.com:3310/shopmp/1/material/fa221716-23f6-4a5c-940d-ca5a82c34ac4.jpg\"]','1',0,0.00,0.00,0,'2020-04-29 14:14:03','2020-04-29 14:14:03','1','0','0',NULL,'0',5,1.00,'e2daad9554fc3206bab0ab4788840b42','1226515817257971713'),
('2835671ff031c18cb181b1a199f86b01','1','57458568','小米9 4800万超广角三摄 6GB+128GB全息幻彩蓝 骁龙855 全网通4G 双卡双待 水滴全面屏拍照智能游戏手机','限时优惠200，成交价2599！索尼4800万广角微距三摄，屏下指纹解锁！','<p><img src=\"https://img.alicdn.com/imgextra/i4/1714128138/O1CN01Ac8ERJ29zFjq0IN2y_!!1714128138.jpg\" class=\"fr-fic fr-dii\"><img src=\"https://img.alicdn.com/imgextra/i4/1714128138/O1CN01VMOTzx29zFgQnngH0_!!1714128138.jpg\" class=\"fr-fic fr-dii\"><img src=\"https://img.alicdn.com/imgextra/i1/1714128138/O1CN018vpvKv29zFh3wew1f_!!1714128138.jpg\" class=\"fr-fic fr-dii\"></p><p><img src=\"https://img.alicdn.com/imgextra/i3/1714128138/O1CN01zj5VGR29zFgLLD7wC_!!1714128138.jpg\" class=\"fr-fic fr-dii\"><img src=\"https://img.alicdn.com/imgextra/i3/1714128138/O1CN01KKow1v29zFgPlRcz1_!!1714128138.jpg\" class=\"fr-fic fr-dii\"><img src=\"https://img.alicdn.com/imgextra/i2/1714128138/O1CN01YHoVHN29zFgJyP0jm_!!1714128138.jpg\" class=\"fr-fic fr-dii\"><img src=\"https://img.alicdn.com/imgextra/i3/1714128138/O1CN01aYZWKp29zFgKlVh75_!!1714128138.jpg\" class=\"fr-fic fr-dii\"><img src=\"https://img.alicdn.com/imgextra/i3/1714128138/O1CN01IbunXO29zFgLLDWuD_!!1714128138.jpg\" class=\"fr-fic fr-dii\"><img src=\"https://img.alicdn.com/imgextra/i2/1714128138/O1CN01o5fy2K29zFgLpRWa2_!!1714128138.jpg\" class=\"fr-fic fr-dii\"></p>','9bb404548cc6513c1c148b532b6db720','988f1af72652178159de1ec009ab8fb0','[\"http://aiforest-base-test.oss-cn-zhangjiakou.aliyuncs.com/7667c3f40823764d.jpg\",\"http://aiforest-base-test.oss-cn-zhangjiakou.aliyuncs.com/O1CN01fSka3s1IOudDI765b_!!2616970884.jpg\"]','1',0,0.01,2599.00,64,'2019-08-24 00:45:48','2019-12-25 14:31:59','1','0','1',1000,'1',50,0.10,'556760ba464981b71de368b7d5627746','1226515817257971713'),
('2b48a2f35352a4d87d51d6dd03bb874e','1','956522','华为 P30 Pro手机正品官方旗舰店20降价mate20pro新款nova5pro','','<p><a href=\"https://pages.tmall.com/wow/a/act/ju/dailygroup/165/wupr?wh_pid=daily-162671\" rel=\"noopener noreferrer\" target=\"_blank\" style=\"color: rgb(51, 85, 170);\"><img src=\"https://img.alicdn.com/imgextra/i3/1776456424/O1CN01BuwjUK1xKEsjohG37_!!1776456424.jpg\"></a><span style=\"color: rgb(64, 64, 64);\"><img src=\"https://img.alicdn.com/imgextra/i2/1776456424/O1CN01hjor4b1xKEslWIxDv_!!1776456424.jpg\"><img src=\"https://img.alicdn.com/imgextra/i2/1776456424/O1CN018hPVGP1xKEorbraLs_!!1776456424.jpg\"></span></p><p><span style=\"color: rgb(64, 64, 64);\"><img src=\"https://img.alicdn.com/imgextra/i4/1776456424/O1CN01b5wdQ61xKEroGytUe_!!1776456424.jpg\"></span></p><p><span style=\"color: rgb(64, 64, 64);\"><img src=\"https://img.alicdn.com/imgextra/i2/1776456424/O1CN019q71Lm1xKEsZnF5ie_!!1776456424.jpg\"></span></p><p><span style=\"color: rgb(64, 64, 64);\"><img src=\"https://img.alicdn.com/imgextra/i4/1776456424/O1CN01cu6iVy1xKEsSnTh4j_!!1776456424.jpg\"></span></p><p><span style=\"color: rgb(64, 64, 64);\"><img src=\"https://img.alicdn.com/imgextra/i2/1776456424/O1CN01Ao9iBe1xKEro8t36J_!!1776456424.jpg\"><img src=\"https://img.alicdn.com/imgextra/i3/1776456424/O1CN01qprNEv1xKEsZyRPvC_!!1776456424.jpg\"></span></p><p><span style=\"color: rgb(64, 64, 64);\"><img src=\"https://img.alicdn.com/imgextra/i4/1776456424/O1CN01WePTyw1xKErq70lQj_!!1776456424.jpg\"><img src=\"https://img.alicdn.com/imgextra/i4/1776456424/O1CN01yjG99b1xKEsWCXsiq_!!1776456424.jpg\"></span></p><p class=\"ql-align-center\"><span style=\"color: rgb(64, 64, 64);\"><img src=\"https://img.alicdn.com/imgextra/i4/1776456424/O1CN015HBfs11xKEoR25qqV_!!1776456424.jpg\"><img src=\"https://img.alicdn.com/imgextra/i1/1776456424/O1CN01MO9oMd1xKEpK79BbJ_!!1776456424.jpg\"><img src=\"https://img.alicdn.com/imgextra/i1/1776456424/O1CN01KSsv3u1xKEpNIadlG_!!1776456424.jpg\"><img src=\"https://img.alicdn.com/imgextra/i3/1776456424/O1CN01zeuTlh1xKEpMc21z8_!!1776456424.jpg\"><img src=\"https://img.alicdn.com/imgextra/i2/1776456424/O1CN01Ru3j8T1xKEpMc3N8R_!!1776456424.jpg\"></span></p>','9bb404548cc6513c1c148b532b6db720','862a74f109f7f14bcbfff1d5adf73cdc','[\"http://aiforest-base-test.oss-cn-zhangjiakou.aliyuncs.com/O1CN01fSka3s1IOudDI765b_!!2616970884.jpg\",\"http://aiforest-base-test.oss-cn-zhangjiakou.aliyuncs.com/58.jpg\"]','1',0,0.01,0.01,10,'2019-12-28 21:38:26','2019-12-28 21:38:26','0','0','1',10,'1',20,0.10,'a73cf89f7a5a0dcd8c45b9cf2b7be681','1226515817257971713'),
('4d06c5157cce971b89166e509cdf63e8','1','','商城流程演示商品，不发货不退款，请谨慎够买','付款流畅，方便快捷','<p><strong>产品参数：</strong></p><ul><li>证书编号：2019011606195595</li><li>证书状态：有效</li><li>申请人名称：华为技术有限公司</li><li>制造商名称：西可通信技术设备（河源）有限公司</li><li>产品名称：TD-LTE 无线数据终端</li><li>3C产品型号：SCM-AL09</li><li>产品名称：Huawei/华为 华为平板 M6...</li><li>品牌:&nbsp;Huawei/华为</li><li>型号:&nbsp;华为平板 M6 10.8英寸</li><li>内存容量:&nbsp;128GB&nbsp;64GB</li><li>存储容量:&nbsp;6+256GB&nbsp;64GB&nbsp;128GB</li><li>核心数:&nbsp;八核</li><li>触摸屏类型:&nbsp;电容十点触控</li><li>厂商</li><li><span style=\"color: rgb(64, 64, 64);\"><img src=\"https://img.alicdn.com/imgextra/i2/2711014365/O1CN01qrYdwN1i7DOBVwCBo_!!2711014365.jpg\"></span></li></ul>','d5a7b863c2759241ac571f5bc1b6239d','2239dfa1128dd7c88066040dc7dfa44a','[\"http://aiforest-base-test.oss-cn-zhangjiakou.aliyuncs.com/%E5%BE%AE%E4%BF%A1%E5%9B%BE%E7%89%87_20190619223905.png\",\"http://aiforest-base-test.oss-cn-zhangjiakou.aliyuncs.com/5.jpg\"]','1',0,0.01,100.00,148,'2019-09-27 16:58:56','2019-12-26 21:05:10','1','0','1',100,'1',50,0.10,'a73cf89f7a5a0dcd8c45b9cf2b7be681','1226515772106289154'),
('6545a6fc2927edc195b93982f446917c','1','','Huawei/华为P30 Pro曲面屏超感光徕卡四摄变焦980芯片智能手机p30pro','10倍光学变焦 官方正品','<p><a href=\"https://detail.tmall.com/item.htm?spm=a21ag.7623864.0.0.1b3d3ba5emmXaw&amp;id=598332699918&amp;sku_properties=10004:36095;5919063:6536025;12304035:677288068&amp;scene=taobao_shop\" target=\"_blank\" style=\"color: rgb(41, 83, 166);\"><img src=\"https://gdp.alicdn.com/imgextra/i1/686947088/O1CN01TI1uVG22ELrXhTvSM_!!686947088.jpg\"></a><a href=\"https://detail.tmall.com/item.htm?spm=a21ag.7623864.0.0.14953ba5vM5tUC&amp;id=594719496850&amp;sku_properties=10004:385316259;5919063:6536025&amp;scene=taobao_shop\" target=\"_blank\" style=\"color: rgb(41, 83, 166);\"><img src=\"https://gdp.alicdn.com/imgextra/i1/686947088/O1CN01ZpgKun22ELrCoGxjb_!!686947088.jpg\"></a></p><p><img src=\"https://img.alicdn.com/imgextra/i2/686947088/O1CN01DLaQEi22ELrweWGjM_!!686947088.jpg\"><img src=\"https://img.alicdn.com/imgextra/i4/686947088/O1CN01iyjovP22ELqELmRn4_!!686947088.jpg\"><img src=\"https://img.alicdn.com/imgextra/i1/686947088/O1CN01LcL89h22ELqCkrMzC_!!686947088.jpg\"><img src=\"https://img.alicdn.com/imgextra/i1/686947088/O1CN01EGKfOh22ELqHdZNNA_!!686947088.jpg\"><img src=\"https://img.alicdn.com/imgextra/i1/686947088/O1CN01tQaVEe22ELqDzORWv_!!686947088.jpg\"><img src=\"https://img.alicdn.com/imgextra/i1/686947088/O1CN01pPpZO122ELqFikhfq_!!686947088.jpg\"><img src=\"https://img.alicdn.com/imgextra/i4/686947088/O1CN015rUfW422ELqELmmbb_!!686947088.jpg\"><img src=\"https://img.alicdn.com/imgextra/i1/686947088/O1CN012o5kwi22ELqCkqlbF_!!686947088.jpg\"><img src=\"https://img.alicdn.com/imgextra/i4/686947088/O1CN01EcuhWk22ELqELmNgr_!!686947088.jpg\"><img src=\"https://img.alicdn.com/imgextra/i4/686947088/O1CN01Am5ynR22ELq7MXDsS_!!686947088.jpg\"><img src=\"https://img.alicdn.com/imgextra/i1/686947088/O1CN01vDIfhL22ELq7MWcRx_!!686947088.jpg\"><img src=\"https://img.alicdn.com/imgextra/i3/686947088/O1CN01A87agX22ELqGKyU5q_!!686947088.jpg\"><img src=\"https://img.alicdn.com/imgextra/i3/686947088/O1CN016sgogg22ELqEeejw8_!!686947088.jpg\"><img src=\"https://img.alicdn.com/imgextra/i2/686947088/O1CN01dTZ7qp22ELqCkr2Hx_!!686947088.jpg\"><img src=\"https://img.alicdn.com/imgextra/i1/686947088/O1CN01G71mhe22ELqDzPNk4_!!686947088.jpg\"><img src=\"https://img.alicdn.com/imgextra/i4/686947088/O1CN0141QGol22ELqBt5bkT_!!686947088.jpg\"><img src=\"https://img.alicdn.com/imgextra/i1/686947088/O1CN01555TaH22ELq7MW14H_!!686947088.jpg\"><img src=\"https://img.alicdn.com/imgextra/i4/686947088/O1CN01nh176Z22ELqFU3HYX_!!686947088.jpg\"><img src=\"https://img.alicdn.com/imgextra/i2/686947088/O1CN01otPMGD22ELqCkryUl_!!686947088.jpg\"><img src=\"https://img.alicdn.com/imgextra/i2/686947088/O1CN01FCMAtw22ELqFU4YYm_!!686947088.jpg\"><img src=\"https://img.alicdn.com/imgextra/i2/686947088/O1CN01uMuTeD22ELqEc1n7t_!!686947088.jpg\"><img src=\"https://img.alicdn.com/imgextra/i1/686947088/O1CN01fjPP8Y22ELqBt3jPF_!!686947088.jpg\"></p>','9bb404548cc6513c1c148b532b6db720','862a74f109f7f14bcbfff1d5adf73cdc','[\"http://aiforest-base-test.oss-cn-zhangjiakou.aliyuncs.com/O1CN01fSka3s1IOudDI765b_!!2616970884.jpg\",\"http://aiforest-base-test.oss-cn-zhangjiakou.aliyuncs.com/16.jpg\"]','1',0,4988.00,5488.00,465,'2019-08-26 14:37:45','2020-04-01 22:04:23','1','0','1',80,'1',5,1.00,'e2daad9554fc3206bab0ab4788840b42','1226515772106289154'),
('87ec583e2883cbd2fd259f47ece0fe15','1','','可优惠900/送壕礼/Huawei/华为 Nova 4中移动手机正品官方旗舰店新款青春版3i2s 3e 32plus 4e 5高配版Pro','最高优惠900/全国联保/再送壕礼！','<p><a href=\"https://pages.tmall.com/wow/a/act/ju/dailygroup/165/wupr?wh_pid=daily-162671\" target=\"_blank\" style=\"color: rgb(51, 85, 170);\"><img src=\"https://img.alicdn.com/imgextra/i3/1776456424/O1CN01BuwjUK1xKEsjohG37_!!1776456424.jpg\"></a><span style=\"color: rgb(64, 64, 64);\"><img src=\"https://img.alicdn.com/imgextra/i2/1776456424/O1CN01hjor4b1xKEslWIxDv_!!1776456424.jpg\"><img src=\"https://img.alicdn.com/imgextra/i2/1776456424/O1CN018hPVGP1xKEorbraLs_!!1776456424.jpg\"></span></p><p><span style=\"color: rgb(64, 64, 64);\"><img src=\"https://img.alicdn.com/imgextra/i4/1776456424/O1CN01b5wdQ61xKEroGytUe_!!1776456424.jpg\"></span></p><p><span style=\"color: rgb(64, 64, 64);\"><img src=\"https://img.alicdn.com/imgextra/i2/1776456424/O1CN019q71Lm1xKEsZnF5ie_!!1776456424.jpg\"></span></p><p><span style=\"color: rgb(64, 64, 64);\"><img src=\"https://img.alicdn.com/imgextra/i4/1776456424/O1CN01cu6iVy1xKEsSnTh4j_!!1776456424.jpg\"></span></p><p><span style=\"color: rgb(64, 64, 64);\"><img src=\"https://img.alicdn.com/imgextra/i2/1776456424/O1CN01Ao9iBe1xKEro8t36J_!!1776456424.jpg\"><img src=\"https://img.alicdn.com/imgextra/i3/1776456424/O1CN01qprNEv1xKEsZyRPvC_!!1776456424.jpg\"></span></p><p><span style=\"color: rgb(64, 64, 64);\"><img src=\"https://img.alicdn.com/imgextra/i4/1776456424/O1CN01WePTyw1xKErq70lQj_!!1776456424.jpg\"><img src=\"https://img.alicdn.com/imgextra/i4/1776456424/O1CN01yjG99b1xKEsWCXsiq_!!1776456424.jpg\"></span></p><p><span style=\"color: rgb(64, 64, 64);\"><img src=\"https://img.alicdn.com/imgextra/i4/1776456424/O1CN015HBfs11xKEoR25qqV_!!1776456424.jpg\"><img src=\"https://img.alicdn.com/imgextra/i1/1776456424/O1CN01MO9oMd1xKEpK79BbJ_!!1776456424.jpg\"><img src=\"https://img.alicdn.com/imgextra/i1/1776456424/O1CN01KSsv3u1xKEpNIadlG_!!1776456424.jpg\"><img src=\"https://img.alicdn.com/imgextra/i3/1776456424/O1CN01zeuTlh1xKEpMc21z8_!!1776456424.jpg\"><img src=\"https://img.alicdn.com/imgextra/i2/1776456424/O1CN01Ru3j8T1xKEpMc3N8R_!!1776456424.jpg\"></span></p>','9bb404548cc6513c1c148b532b6db720','862a74f109f7f14bcbfff1d5adf73cdc','[\"http://aiforest-base-test.oss-cn-zhangjiakou.aliyuncs.com/50.jpg\",\"http://aiforest-base-test.oss-cn-zhangjiakou.aliyuncs.com/51.jpg\",\"http://aiforest-base-test.oss-cn-zhangjiakou.aliyuncs.com/52.jpg\"]','1',0,2799.00,3599.00,68,'2019-08-26 14:48:33','2019-12-25 14:32:06','1','0','1',20,'1',5,1.00,'a73cf89f7a5a0dcd8c45b9cf2b7be681','1226515817257971713'),
('b13822de6c8ecddc06c167de4c054aeb','872f46d167f7428c8e9e252c17997fb5','','阿道夫','烦得很收到货房贷是','<p><img src=\"https://aiforest-base-test.oss-cn-zhangjiakou.aliyuncs.com/872f46d167f7428c8e9e252c17997fb5/editor/2361ca4e-9e56-40b1-97ac-e5d6742f2b62.jpg\" style=\"width: 300px;\" class=\"fr-fic fr-dib\"></p><p data-f-id=\"pbf\" style=\"text-align: center; font-size: 14px; margin-top: 30px; opacity: 0.65; font-family: sans-serif;\">Powered by <a href=\"https://www.froala.com/wysiwyg-editor?pb=1\" title=\"Froala Editor\">Froala Editor</a></p>','235a1554567c92073b0ee1bc8c6772ca',NULL,'[\"https://aiforest-base-test.oss-cn-zhangjiakou.aliyuncs.com/872f46d167f7428c8e9e252c17997fb5/material/b6ee51d3-60e3-4ea2-861f-e1a799f8746b.png\"]','1',0,8888.00,8888.00,999,'2019-12-16 20:59:16','2020-04-01 22:20:37','1','0','1',10,'1',30,0.10,'e2daad9554fc3206bab0ab4788840b42','');

/*Table structure for table `goods_spu_spec` */

DROP TABLE IF EXISTS `goods_spu_spec`;

CREATE TABLE `goods_spu_spec` (
  `id` varchar(32) CHARACTER SET utf8 COLLATE utf8_general_ci NOT NULL COMMENT 'PK',
  `tenant_id` varchar(32) CHARACTER SET utf8mb4 COLLATE utf8mb4_0900_ai_ci NOT NULL COMMENT '所属租户',
  `spu_id` varchar(32) CHARACTER SET utf8mb4 COLLATE utf8mb4_0900_ai_ci NOT NULL COMMENT 'spu_id',
  `spec_id` varchar(32) CHARACTER SET utf8mb4 COLLATE utf8mb4_0900_ai_ci NOT NULL COMMENT 'spec_id',
  `create_time` datetime DEFAULT CURRENT_TIMESTAMP COMMENT '创建时间',
  `update_time` datetime DEFAULT NULL ON UPDATE CURRENT_TIMESTAMP COMMENT '更新时间',
  `sort` int DEFAULT NULL COMMENT '排序字段',
  PRIMARY KEY (`id`) USING BTREE,
  KEY `ids_tenant_id` (`tenant_id`) USING BTREE
) ENGINE=InnoDB DEFAULT CHARSET=utf8mb4 COLLATE=utf8mb4_0900_ai_ci ROW_FORMAT=DYNAMIC COMMENT='spu规格表';

/*Data for the table `goods_spu_spec` */

insert  into `goods_spu_spec`(`id`,`tenant_id`,`spu_id`,`spec_id`,`create_time`,`update_time`,`sort`) values 
('1245989184011792386','1','2835671ff031c18cb181b1a199f86b01','2','2020-04-03 16:19:05',NULL,NULL),
('1245989184020180993','1','2835671ff031c18cb181b1a199f86b01','3','2020-04-03 16:19:05',NULL,NULL),
('1245989184020180994','1','2835671ff031c18cb181b1a199f86b01','1','2020-04-03 16:19:05',NULL,NULL),
('1246431505387892738','1','6545a6fc2927edc195b93982f446917c','3','2020-04-04 21:36:43',NULL,NULL),
('1246431505396281345','1','6545a6fc2927edc195b93982f446917c','1','2020-04-04 21:36:43',NULL,NULL),
('1246431505396281346','1','6545a6fc2927edc195b93982f446917c','7f3333f95900cf5fce3dc41ef93e46bc','2020-04-04 21:36:43',NULL,NULL),
('1255776902393466882','1','1255379800819601410','3','2020-04-30 16:31:59',NULL,NULL),
('1255776902393466883','1','1255379800819601410','22d6082e0c1cc2b5a570195f8d91ddad','2020-04-30 16:31:59',NULL,NULL),
('1255776902401855489','1','1255379800819601410','030c4a9407b189383113fb3e7988cf38','2020-04-30 16:31:59',NULL,NULL),
('1255776902401855490','1','1255379800819601410','7e7f8fed52c4627fbf62b5a5dd58151f','2020-04-30 16:31:59',NULL,NULL),
('1255776902401855491','1','1255379800819601410','2','2020-04-30 16:31:59',NULL,NULL),
('1255776902401855492','1','1255379800819601410','02c21865a7681cc77f9b7f60d48cf2a1','2020-04-30 16:31:59',NULL,NULL),
('1258756185529479169','1','87ec583e2883cbd2fd259f47ece0fe15','2','2020-05-08 21:50:35',NULL,NULL),
('1258756185537867778','1','87ec583e2883cbd2fd259f47ece0fe15','3','2020-05-08 21:50:35',NULL,NULL),
('1258756185537867779','1','87ec583e2883cbd2fd259f47ece0fe15','1','2020-05-08 21:50:35',NULL,NULL),
('1266195538186735618','1','4d06c5157cce971b89166e509cdf63e8','02c21865a7681cc77f9b7f60d48cf2a1','2020-05-29 10:31:55',NULL,NULL),
('afac75bf80d2d578e8e5175ed2a44852','872f46d167f7428c8e9e252c17997fb5','b13822de6c8ecddc06c167de4c054aeb','2b2d479c89dfef05ea1e35386a3c4795','2019-12-16 20:59:16',NULL,NULL),
('e0d34a63c1e4e9e3bd2a6cc18d45dcb1','872f46d167f7428c8e9e252c17997fb5','b13822de6c8ecddc06c167de4c054aeb','a51fda1bb9fbfb0c3fdc16f988319185','2019-12-16 20:59:16',NULL,NULL);

/*Table structure for table `groupon_info` */

DROP TABLE IF EXISTS `groupon_info`;

CREATE TABLE `groupon_info` (
  `id` varchar(32) CHARACTER SET utf8mb4 COLLATE utf8mb4_0900_ai_ci NOT NULL COMMENT 'PK',
  `tenant_id` varchar(32) CHARACTER SET utf8mb4 COLLATE utf8mb4_0900_ai_ci NOT NULL COMMENT '所属租户',
  `del_flag` char(2) CHARACTER SET utf8mb4 COLLATE utf8mb4_0900_ai_ci NOT NULL DEFAULT '0' COMMENT '逻辑删除标记（0：显示；1：隐藏）',
  `create_time` datetime NOT NULL DEFAULT CURRENT_TIMESTAMP COMMENT '创建时间',
  `update_time` timestamp NOT NULL DEFAULT CURRENT_TIMESTAMP ON UPDATE CURRENT_TIMESTAMP COMMENT '最后更新时间',
  `create_id` varchar(32) CHARACTER SET utf8 COLLATE utf8_general_ci DEFAULT NULL COMMENT '创建者ID',
  `sort` int NOT NULL DEFAULT '0' COMMENT '排序字段',
  `enable` char(2) CHARACTER SET utf8mb4 COLLATE utf8mb4_0900_ai_ci NOT NULL COMMENT '（1：开启；0：关闭）',
  `spu_id` varchar(32) CHARACTER SET utf8mb4 COLLATE utf8mb4_0900_ai_ci NOT NULL COMMENT '商品Id',
  `sku_id` varchar(32) CHARACTER SET utf8mb4 COLLATE utf8mb4_0900_ai_ci NOT NULL COMMENT 'skuId',
  `name` varchar(100) DEFAULT NULL COMMENT '拼团名称',
  `groupon_num` int DEFAULT '0' COMMENT '拼团人数（几人团）',
  `groupon_price` decimal(10,2) NOT NULL COMMENT '拼团价',
  `duration` int NOT NULL COMMENT '拼团时长（小时）',
  `valid_begin_time` datetime NOT NULL COMMENT '开始时间',
  `valid_end_time` datetime NOT NULL COMMENT '结束时间',
  `launch_num` int DEFAULT '0' COMMENT '发起人数',
  `pic_url` varchar(500) DEFAULT NULL COMMENT '图片',
  `groupon_rule` text COMMENT '拼团规则',
  `share_title` varchar(30) CHARACTER SET utf8mb4 COLLATE utf8mb4_0900_ai_ci NOT NULL COMMENT '分享标题 ',
  PRIMARY KEY (`id`) USING BTREE,
  KEY `ids_tenant_id` (`tenant_id`) USING BTREE
) ENGINE=InnoDB DEFAULT CHARSET=utf8mb4 COLLATE=utf8mb4_0900_ai_ci ROW_FORMAT=DYNAMIC COMMENT='拼团';

/*Data for the table `groupon_info` */

insert  into `groupon_info`(`id`,`tenant_id`,`del_flag`,`create_time`,`update_time`,`create_id`,`sort`,`enable`,`spu_id`,`sku_id`,`name`,`groupon_num`,`groupon_price`,`duration`,`valid_begin_time`,`valid_end_time`,`launch_num`,`pic_url`,`groupon_rule`,`share_title`) values 
('1239773817540141057','1','0','2020-03-17 12:41:26','2020-03-20 16:57:37',NULL,1,'1','2835671ff031c18cb181b1a199f86b01','416ab6fc443778d2a9fc5e7f4a9b0e00','小米9 4800万超广角三摄 6GB+128GB全息幻彩蓝 骁龙855',3,0.01,24,'2020-03-18 00:00:00','2020-07-31 00:00:00',3,'http://aiforest-base-test.oss-cn-zhangjiakou.aliyuncs.com/O1CN01TnmV7g1mbDmdi5SFG_!!2-item_pic.png','5325235\n','eyreyey'),
('1240199061186789378','1','0','2020-03-18 16:51:12','2020-03-19 19:35:27',NULL,2,'1','2835671ff031c18cb181b1a199f86b01','5033e1f2bfa07231d1c2045392fa2f93','二亿人人秀主微软业务有 有',5,0.01,24,'2020-03-19 00:00:00','2020-07-24 00:00:00',0,'http://aiforest-base-test.oss-cn-zhangjiakou.aliyuncs.com/22.png','扒哀怨角角胸有脸 ','问题为43 43 6遥徐鹏的'),
('1241935330631618561','1','0','2020-03-23 11:50:31','2020-03-23 11:50:31',NULL,8,'1','2835671ff031c18cb181b1a199f86b01','5033e1f2bfa07231d1c2045392fa2f93','RURTURTURUEtruria的有',2,0.01,46,'2020-03-22 00:00:00','2020-04-30 00:00:00',666,'http://aiforest-base-test.oss-cn-zhangjiakou.aliyuncs.com/22.png','爱的就是你有认脸  人','肮脏有人 仍认有2');

/*Table structure for table `groupon_user` */

DROP TABLE IF EXISTS `groupon_user`;

CREATE TABLE `groupon_user` (
  `id` varchar(32) CHARACTER SET utf8mb4 COLLATE utf8mb4_0900_ai_ci NOT NULL COMMENT 'PK',
  `tenant_id` varchar(32) CHARACTER SET utf8mb4 COLLATE utf8mb4_0900_ai_ci NOT NULL COMMENT '所属租户',
  `del_flag` char(2) CHARACTER SET utf8mb4 COLLATE utf8mb4_0900_ai_ci NOT NULL DEFAULT '0' COMMENT '逻辑删除标记（0：显示；1：隐藏）',
  `create_time` datetime NOT NULL DEFAULT CURRENT_TIMESTAMP COMMENT '创建时间',
  `update_time` timestamp NOT NULL DEFAULT CURRENT_TIMESTAMP ON UPDATE CURRENT_TIMESTAMP COMMENT '最后更新时间',
  `create_id` varchar(32) CHARACTER SET utf8 COLLATE utf8_general_ci DEFAULT NULL COMMENT '创建者ID',
  `groupon_id` varchar(32) CHARACTER SET utf8mb4 COLLATE utf8mb4_0900_ai_ci NOT NULL COMMENT '拼团ID',
  `groupon_num` int DEFAULT NULL COMMENT '拼团人数（几人团）',
  `groupon_price` decimal(10,2) DEFAULT NULL COMMENT '拼团价',
  `group_id` varchar(32) NOT NULL COMMENT '组ID（团长的拼团记录ID）',
  `user_id` varchar(32) CHARACTER SET utf8mb4 COLLATE utf8mb4_0900_ai_ci NOT NULL COMMENT '用户ID',
  `nick_name` varchar(100) DEFAULT NULL COMMENT '昵称',
  `headimg_url` varchar(1000) DEFAULT NULL COMMENT '头像',
  `spu_id` varchar(32) CHARACTER SET utf8mb4 COLLATE utf8mb4_0900_ai_ci NOT NULL COMMENT '商品Id',
  `sku_id` varchar(32) CHARACTER SET utf8mb4 COLLATE utf8mb4_0900_ai_ci NOT NULL COMMENT 'skuId',
  `is_leader` char(2) CHARACTER SET utf8mb4 COLLATE utf8mb4_0900_ai_ci DEFAULT NULL COMMENT '是否团长（0：否；1：是）',
  `valid_begin_time` datetime DEFAULT NULL COMMENT '开始时间',
  `valid_end_time` datetime DEFAULT NULL COMMENT '结束时间',
  `order_id` varchar(32) DEFAULT NULL COMMENT '订单Id',
  `status` char(2) DEFAULT NULL COMMENT '状态（0：拼团中；1：完成拼团）',
  PRIMARY KEY (`id`) USING BTREE,
  UNIQUE KEY `uk_group_user` (`group_id`,`user_id`),
  KEY `ids_tenant_id` (`tenant_id`) USING BTREE
) ENGINE=InnoDB DEFAULT CHARSET=utf8mb4 COLLATE=utf8mb4_0900_ai_ci ROW_FORMAT=DYNAMIC COMMENT='拼团记录';

/*Data for the table `groupon_user` */

insert  into `groupon_user`(`id`,`tenant_id`,`del_flag`,`create_time`,`update_time`,`create_id`,`groupon_id`,`groupon_num`,`groupon_price`,`group_id`,`user_id`,`nick_name`,`headimg_url`,`spu_id`,`sku_id`,`is_leader`,`valid_begin_time`,`valid_end_time`,`order_id`,`status`) values 
('1240939770630078466','1','0','2020-03-20 17:54:31','2020-03-20 17:56:42',NULL,'1239773817540141057',3,0.01,'1240939770630078466','1234102578637127681','JL','https://wx.qlogo.cn/mmopen/vi_32/Q0j4TwGTfTJjjQuibXQqVVhEdrm7WbCHbcERL7m4LYLY1DgPAHsmc3NIiajXzacRP9GMmfcBIHDmbWjyIde3Unew/132','2835671ff031c18cb181b1a199f86b01','416ab6fc443778d2a9fc5e7f4a9b0e00','1','2020-03-20 17:54:30','2020-03-21 17:54:30','1240939735053991937','1'),
('1240939883507187714','1','0','2020-03-20 17:54:58','2020-03-20 17:56:42',NULL,'1239773817540141057',3,0.01,'1240939770630078466','1240826736922284033','aiforest','https://wx.qlogo.cn/mmopen/vi_32/Q0j4TwGTfTLWNvwtdDIKNiahOicVFYJzQCY3ppdfvCDL6d9C0dRMYybEJDDJQuj1ibqLNp1ic5XVaPwW9IeZq1L44A/132','2835671ff031c18cb181b1a199f86b01','416ab6fc443778d2a9fc5e7f4a9b0e00','0','2020-03-20 17:54:57','2020-03-21 17:54:57','1240939845611651073','1'),
('1240940320859848706','1','0','2020-03-20 17:56:42','2020-03-20 17:56:42',NULL,'1239773817540141057',3,0.01,'1240939770630078466','1240923176084389889','安安晨晨','https://wx.qlogo.cn/mmopen/vi_32/AwUmcUqcSemYAA1x0yAmvjtBIEh4GgxcrgwTGAQDAqRS7nmcia9OtOK8Q4onSubDYkqiazz8aUVuXcB16DTna7oQ/132','2835671ff031c18cb181b1a199f86b01','416ab6fc443778d2a9fc5e7f4a9b0e00','0','2020-03-20 17:56:41','2020-03-21 17:56:41','1240940141935034370','1'),
('1240978678453600258','1','0','2020-03-20 20:29:07','2020-03-20 20:29:07',NULL,'1239773817540141057',3,0.01,'1240978678453600258','1234102578637127681','JL','https://wx.qlogo.cn/mmopen/vi_32/Q0j4TwGTfTJjjQuibXQqVVhEdrm7WbCHbcERL7m4LYLY1DgPAHsmc3NIiajXzacRP9GMmfcBIHDmbWjyIde3Unew/132','2835671ff031c18cb181b1a199f86b01','416ab6fc443778d2a9fc5e7f4a9b0e00','1','2020-03-20 20:29:06','2020-03-21 20:29:06','1240978608668770306','0'),
('1241577637148491777','1','0','2020-03-22 12:09:10','2020-03-22 12:09:10',NULL,'1240199061186789378',5,0.01,'1241577637148491777','1234102578637127681','JL','https://wx.qlogo.cn/mmopen/vi_32/Q0j4TwGTfTJjjQuibXQqVVhEdrm7WbCHbcERL7m4LYLY1DgPAHsmc3NIiajXzacRP9GMmfcBIHDmbWjyIde3Unew/132','2835671ff031c18cb181b1a199f86b01','5033e1f2bfa07231d1c2045392fa2f93','1','2020-03-22 12:09:09','2020-03-23 12:09:09','1241577588691697666','0'),
('1241926263163027457','1','0','2020-03-23 11:14:29','2020-03-23 11:49:02',NULL,'1239773817540141057',3,0.01,'1241926263163027457','1234102578637127681','JL','https://wx.qlogo.cn/mmopen/vi_32/Q0j4TwGTfTJjjQuibXQqVVhEdrm7WbCHbcERL7m4LYLY1DgPAHsmc3NIiajXzacRP9GMmfcBIHDmbWjyIde3Unew/132','2835671ff031c18cb181b1a199f86b01','416ab6fc443778d2a9fc5e7f4a9b0e00','1','2020-03-23 11:14:28','2020-03-24 11:14:28','1241926229340160001','1'),
('1241929185653297153','1','0','2020-03-23 11:26:06','2020-03-23 11:49:02',NULL,'1239773817540141057',3,0.01,'1241926263163027457','1240826736922284033','aiforest','https://wx.qlogo.cn/mmopen/vi_32/Q0j4TwGTfTLWNvwtdDIKNiahOicVFYJzQCY3ppdfvCDL6d9C0dRMYybEJDDJQuj1ibqLNp1ic5XVaPwW9IeZq1L44A/132','2835671ff031c18cb181b1a199f86b01','416ab6fc443778d2a9fc5e7f4a9b0e00','0','2020-03-23 11:26:04','2020-03-24 11:26:04','1241929155013906434','1'),
('1241934957137235969','1','0','2020-03-23 11:49:02','2020-03-23 11:49:02',NULL,'1239773817540141057',3,0.01,'1241926263163027457','1240923176084389889','安安晨晨','https://wx.qlogo.cn/mmopen/vi_32/AwUmcUqcSemYAA1x0yAmvjtBIEh4GgxcrgwTGAQDAqRS7nmcia9OtOK8Q4onSubDYkqiazz8aUVuXcB16DTna7oQ/132','2835671ff031c18cb181b1a199f86b01','416ab6fc443778d2a9fc5e7f4a9b0e00','0','2020-03-23 11:49:01','2020-03-24 11:49:01','1241934924958535681','1'),
('1241935531459088386','1','0','2020-03-23 11:51:19','2020-03-23 11:52:11',NULL,'1241935330631618561',2,0.01,'1241935531459088386','1240826736922284033','aiforest','https://wx.qlogo.cn/mmopen/vi_32/Q0j4TwGTfTLWNvwtdDIKNiahOicVFYJzQCY3ppdfvCDL6d9C0dRMYybEJDDJQuj1ibqLNp1ic5XVaPwW9IeZq1L44A/132','2835671ff031c18cb181b1a199f86b01','5033e1f2bfa07231d1c2045392fa2f93','1','2020-03-23 11:51:17','2020-03-25 09:51:17','1241935501188796418','1'),
('1241935750519197697','1','0','2020-03-23 11:52:11','2020-03-23 11:52:11',NULL,'1241935330631618561',2,0.01,'1241935531459088386','1234102578637127681','JL','https://wx.qlogo.cn/mmopen/vi_32/Q0j4TwGTfTJjjQuibXQqVVhEdrm7WbCHbcERL7m4LYLY1DgPAHsmc3NIiajXzacRP9GMmfcBIHDmbWjyIde3Unew/132','2835671ff031c18cb181b1a199f86b01','5033e1f2bfa07231d1c2045392fa2f93','0','2020-03-23 11:52:10','2020-03-25 09:52:10','1241935719250661377','1'),
('1242093976934150145','1','0','2020-03-23 22:20:55','2020-03-24 11:25:49',NULL,'1241935330631618561',2,0.01,'1242093976934150145','1234102578637127681','JL','https://wx.qlogo.cn/mmopen/vi_32/Q0j4TwGTfTJjjQuibXQqVVhEdrm7WbCHbcERL7m4LYLY1DgPAHsmc3NIiajXzacRP9GMmfcBIHDmbWjyIde3Unew/132','2835671ff031c18cb181b1a199f86b01','5033e1f2bfa07231d1c2045392fa2f93','1','2020-03-23 22:20:54','2020-03-25 20:20:54','1242093910047584257','1'),
('1242291280999841793','1','0','2020-03-24 11:24:56','2020-03-24 11:28:22',NULL,'1241935330631618561',2,0.01,'1242291280999841793','1234102578637127681','JL','https://wx.qlogo.cn/mmopen/vi_32/Q0j4TwGTfTJjjQuibXQqVVhEdrm7WbCHbcERL7m4LYLY1DgPAHsmc3NIiajXzacRP9GMmfcBIHDmbWjyIde3Unew/132','2835671ff031c18cb181b1a199f86b01','5033e1f2bfa07231d1c2045392fa2f93','1','2020-03-24 11:24:53','2020-03-26 09:24:53','1242291248150052865','1'),
('1242291504040345601','1','0','2020-03-24 11:25:49','2020-03-24 11:25:49',NULL,'1241935330631618561',2,0.01,'1242093976934150145','1240826736922284033','aiforest','https://wx.qlogo.cn/mmopen/vi_32/Q0j4TwGTfTLWNvwtdDIKNiahOicVFYJzQCY3ppdfvCDL6d9C0dRMYybEJDDJQuj1ibqLNp1ic5XVaPwW9IeZq1L44A/132','2835671ff031c18cb181b1a199f86b01','5033e1f2bfa07231d1c2045392fa2f93','0','2020-03-23 22:20:54','2020-03-25 20:20:54','1242291473988157442','1'),
('1242292145433313282','1','0','2020-03-24 11:28:22','2020-03-24 11:28:22',NULL,'1241935330631618561',2,0.01,'1242291280999841793','1240923176084389889','安安晨晨','https://wx.qlogo.cn/mmopen/vi_32/AwUmcUqcSemYAA1x0yAmvjtBIEh4GgxcrgwTGAQDAqRS7nmcia9OtOK8Q4onSubDYkqiazz8aUVuXcB16DTna7oQ/132','2835671ff031c18cb181b1a199f86b01','5033e1f2bfa07231d1c2045392fa2f93','0','2020-03-24 11:24:53','2020-03-26 09:24:53','1242292062759387137','1'),
('1242292210918981633','1','0','2020-03-24 11:28:38','2020-03-24 11:28:38',NULL,'1241935330631618561',2,0.01,'1242292210918981633','1240826736922284033','aiforest','https://wx.qlogo.cn/mmopen/vi_32/Q0j4TwGTfTLWNvwtdDIKNiahOicVFYJzQCY3ppdfvCDL6d9C0dRMYybEJDDJQuj1ibqLNp1ic5XVaPwW9IeZq1L44A/132','2835671ff031c18cb181b1a199f86b01','5033e1f2bfa07231d1c2045392fa2f93','1','2020-03-24 11:28:20','2020-03-26 09:28:20','1242291883201232898','0'),
('1242658418377846785','1','0','2020-03-25 11:43:49','2020-03-25 11:43:49',NULL,'1241935330631618561',2,0.01,'1242658418377846785','1234102578637127681','JL','https://wx.qlogo.cn/mmopen/vi_32/Q0j4TwGTfTJjjQuibXQqVVhEdrm7WbCHbcERL7m4LYLY1DgPAHsmc3NIiajXzacRP9GMmfcBIHDmbWjyIde3Unew/132','2835671ff031c18cb181b1a199f86b01','5033e1f2bfa07231d1c2045392fa2f93','1','2020-03-25 11:43:47','2020-03-27 09:43:47','1242658346600722433','0'),
('1245564114906923010','1','0','2020-04-02 12:10:01','2020-04-02 22:05:24',NULL,'1239773817540141057',3,0.01,'1245564114906923010','1234102578637127681','JL','https://wx.qlogo.cn/mmopen/vi_32/Q0j4TwGTfTJjjQuibXQqVVhEdrm7WbCHbcERL7m4LYLY1DgPAHsmc3NIiajXzacRP9GMmfcBIHDmbWjyIde3Unew/132','2835671ff031c18cb181b1a199f86b01','416ab6fc443778d2a9fc5e7f4a9b0e00','1','2020-04-02 12:09:59','2020-04-03 12:09:59','1245564051266748418','1'),
('1245564503219781634','1','0','2020-04-02 12:11:33','2020-04-02 22:05:24',NULL,'1239773817540141057',3,0.01,'1245564114906923010','1240826736922284033','aiforest','https://wx.qlogo.cn/mmopen/vi_32/Q0j4TwGTfTLWNvwtdDIKNiahOicVFYJzQCY3ppdfvCDL6d9C0dRMYybEJDDJQuj1ibqLNp1ic5XVaPwW9IeZq1L44A/132','2835671ff031c18cb181b1a199f86b01','416ab6fc443778d2a9fc5e7f4a9b0e00','0','2020-04-02 12:09:59','2020-04-03 12:09:59','1245564443941683201','1'),
('1245568602539569154','1','0','2020-04-02 12:27:51','2020-04-02 12:27:51',NULL,'1239773817540141057',3,0.01,'1245568602539569154','1234102578637127681','JL','https://wx.qlogo.cn/mmopen/vi_32/Q0j4TwGTfTJjjQuibXQqVVhEdrm7WbCHbcERL7m4LYLY1DgPAHsmc3NIiajXzacRP9GMmfcBIHDmbWjyIde3Unew/132','2835671ff031c18cb181b1a199f86b01','416ab6fc443778d2a9fc5e7f4a9b0e00','1','2020-04-02 12:27:49','2020-04-03 12:27:49','1245562819827482626','0'),
('1245693180087717890','1','0','2020-04-02 20:42:52','2020-04-02 20:42:52',NULL,'1239773817540141057',3,0.01,'1245693180087717890','1234102578637127681','JL','https://wx.qlogo.cn/mmopen/vi_32/Q0j4TwGTfTJjjQuibXQqVVhEdrm7WbCHbcERL7m4LYLY1DgPAHsmc3NIiajXzacRP9GMmfcBIHDmbWjyIde3Unew/132','2835671ff031c18cb181b1a199f86b01','416ab6fc443778d2a9fc5e7f4a9b0e00','1','2020-04-02 20:42:49','2020-04-03 20:42:49','1245692052197429250','0'),
('1245703032692305921','1','0','2020-04-02 21:22:01','2020-04-03 15:54:33',NULL,'1241935330631618561',2,0.01,'1245703032692305921','1240923176084389889','安安晨晨','https://wx.qlogo.cn/mmopen/vi_32/AwUmcUqcSemYAA1x0yAmvjtBIEh4GgxcrgwTGAQDAqRS7nmcia9OtOK8Q4onSubDYkqiazz8aUVuXcB16DTna7oQ/132','2835671ff031c18cb181b1a199f86b01','5033e1f2bfa07231d1c2045392fa2f93','1','2020-04-02 21:22:00','2020-04-04 19:22:00','1245702994784186370','1'),
('1245705249751068673','1','0','2020-04-02 21:30:50','2020-04-02 21:33:40',NULL,'1239773817540141057',3,0.01,'1245705249751068673','1240923176084389889','安安晨晨','https://wx.qlogo.cn/mmopen/vi_32/AwUmcUqcSemYAA1x0yAmvjtBIEh4GgxcrgwTGAQDAqRS7nmcia9OtOK8Q4onSubDYkqiazz8aUVuXcB16DTna7oQ/132','2835671ff031c18cb181b1a199f86b01','416ab6fc443778d2a9fc5e7f4a9b0e00','1','2020-04-02 21:30:48','2020-04-03 21:30:48','1245705213176737793','1'),
('1245705438368919553','1','0','2020-04-02 21:31:35','2020-04-02 21:33:40',NULL,'1239773817540141057',3,0.01,'1245705249751068673','1234102578637127681','JL','https://wx.qlogo.cn/mmopen/vi_32/Q0j4TwGTfTJjjQuibXQqVVhEdrm7WbCHbcERL7m4LYLY1DgPAHsmc3NIiajXzacRP9GMmfcBIHDmbWjyIde3Unew/132','2835671ff031c18cb181b1a199f86b01','416ab6fc443778d2a9fc5e7f4a9b0e00','0','2020-04-02 21:30:48','2020-04-03 21:30:48','1245705402465677313','1'),
('1245705965643264002','1','0','2020-04-02 21:33:40','2020-04-02 21:33:40',NULL,'1239773817540141057',3,0.01,'1245705249751068673','1240826736922284033','aiforest','https://wx.qlogo.cn/mmopen/vi_32/Q0j4TwGTfTLWNvwtdDIKNiahOicVFYJzQCY3ppdfvCDL6d9C0dRMYybEJDDJQuj1ibqLNp1ic5XVaPwW9IeZq1L44A/132','2835671ff031c18cb181b1a199f86b01','416ab6fc443778d2a9fc5e7f4a9b0e00','0','2020-04-02 21:30:48','2020-04-03 21:30:48','1245705919900184577','1'),
('1245713950188793858','1','0','2020-04-02 22:05:24','2020-04-02 22:05:24',NULL,'1239773817540141057',3,0.01,'1245564114906923010','1240923176084389889','安安晨晨','https://wx.qlogo.cn/mmopen/vi_32/AwUmcUqcSemYAA1x0yAmvjtBIEh4GgxcrgwTGAQDAqRS7nmcia9OtOK8Q4onSubDYkqiazz8aUVuXcB16DTna7oQ/132','2835671ff031c18cb181b1a199f86b01','416ab6fc443778d2a9fc5e7f4a9b0e00','0','2020-04-02 12:09:59','2020-04-03 12:09:59','1245713914168111105','1'),
('1245983008171782145','1','0','2020-04-03 15:54:33','2020-04-03 15:54:33',NULL,'1241935330631618561',2,0.01,'1245703032692305921','1234102578637127681','JL','https://wx.qlogo.cn/mmopen/vi_32/Q0j4TwGTfTJjjQuibXQqVVhEdrm7WbCHbcERL7m4LYLY1DgPAHsmc3NIiajXzacRP9GMmfcBIHDmbWjyIde3Unew/132','2835671ff031c18cb181b1a199f86b01','5033e1f2bfa07231d1c2045392fa2f93','0','2020-04-02 21:22:00','2020-04-04 19:22:00','1245982972616667137','1'),
('1247857999100276738','1','0','2020-04-08 20:05:05','2020-04-08 20:05:05',NULL,'1239773817540141057',3,0.01,'1247857999100276738','1234102578637127681','JL','https://wx.qlogo.cn/mmopen/vi_32/Q0j4TwGTfTJjjQuibXQqVVhEdrm7WbCHbcERL7m4LYLY1DgPAHsmc3NIiajXzacRP9GMmfcBIHDmbWjyIde3Unew/132','2835671ff031c18cb181b1a199f86b01','416ab6fc443778d2a9fc5e7f4a9b0e00','1','2020-04-08 20:05:04','2020-04-09 20:05:04','1247857870528081922','0');

/*Table structure for table `material` */

DROP TABLE IF EXISTS `material`;

CREATE TABLE `material` (
  `id` varchar(32) CHARACTER SET utf8mb4 COLLATE utf8mb4_0900_ai_ci NOT NULL COMMENT 'PK',
  `tenant_id` varchar(32) CHARACTER SET utf8mb4 COLLATE utf8mb4_0900_ai_ci NOT NULL COMMENT '所属租户',
  `del_flag` char(2) CHARACTER SET utf8mb4 COLLATE utf8mb4_0900_ai_ci NOT NULL DEFAULT '0' COMMENT '逻辑删除标记（0：显示；1：隐藏）',
  `create_time` datetime NOT NULL DEFAULT CURRENT_TIMESTAMP COMMENT '创建时间',
  `update_time` timestamp NOT NULL DEFAULT CURRENT_TIMESTAMP ON UPDATE CURRENT_TIMESTAMP COMMENT '最后更新时间',
  `create_id` varchar(32) CHARACTER SET utf8 COLLATE utf8_general_ci DEFAULT NULL COMMENT '创建者ID',
  `type` char(2) NOT NULL COMMENT '类型1、图片；2、视频',
  `group_id` varchar(32) CHARACTER SET utf8mb4 COLLATE utf8mb4_0900_ai_ci DEFAULT NULL COMMENT '分组ID',
  `name` varchar(200) CHARACTER SET utf8mb4 COLLATE utf8mb4_0900_ai_ci NOT NULL COMMENT '素材名',
  `url` varchar(500) CHARACTER SET utf8mb4 COLLATE utf8mb4_0900_ai_ci DEFAULT '' COMMENT '素材链接',
  PRIMARY KEY (`id`) USING BTREE,
  KEY `ids_tenant_id` (`tenant_id`) USING BTREE
) ENGINE=InnoDB DEFAULT CHARSET=utf8mb4 COLLATE=utf8mb4_0900_ai_ci ROW_FORMAT=DYNAMIC COMMENT='素材库';

/*Data for the table `material` */

insert  into `material`(`id`,`tenant_id`,`del_flag`,`create_time`,`update_time`,`create_id`,`type`,`group_id`,`name`,`url`) values 
('05e598abb11205b206d826e5b928c57d','f5c359e514a34617b27cef72dea646d5','0','2019-11-11 22:50:29','2019-11-11 22:50:29','51aa2e8cea31663ac88695e6eaec735c','1',NULL,'QQ截图20191111225845.png','https://aiforest-base-test.oss-cn-zhangjiakou.aliyuncs.com/f5c359e514a34617b27cef72dea646d5/material/d9d407a1-e044-4954-b1f1-707ad3f4e35c.png'),
('086dfabb2ea4593809432d273d0b0ea0','f5c359e514a34617b27cef72dea646d5','0','2019-11-11 22:53:39','2019-11-11 22:53:39','51aa2e8cea31663ac88695e6eaec735c','1',NULL,'QQ截图20191111230147.png','https://aiforest-base-test.oss-cn-zhangjiakou.aliyuncs.com/f5c359e514a34617b27cef72dea646d5/material/989d29a2-9b15-4b6b-962f-2adc9a4d7483.png'),
('0ed5e7cc4378c4d951a385da51dccfa5','f5c359e514a34617b27cef72dea646d5','0','2019-11-10 14:28:10','2019-11-10 14:28:10','51aa2e8cea31663ac88695e6eaec735c','1',NULL,'11.png','https://aiforest-base-test.oss-cn-zhangjiakou.aliyuncs.com/f5c359e514a34617b27cef72dea646d5/material/68ae0f9b-4d1c-424d-8c2e-fdd807b6a27f.png'),
('0ee4a56d79e8cc0659156ccff02b1d33','f5c359e514a34617b27cef72dea646d5','0','2019-11-11 22:28:19','2019-11-11 22:28:19','51aa2e8cea31663ac88695e6eaec735c','1',NULL,'QQ截图20191111223612.png','https://aiforest-base-test.oss-cn-zhangjiakou.aliyuncs.com/f5c359e514a34617b27cef72dea646d5/material/22f4ca4f-9725-400b-ace4-5194d56268cb.png'),
('11','1','0','2019-10-30 16:43:00','2019-11-05 21:14:44',NULL,'1','def6e4c80222c71bbc0993ac85bcb8ce','45646498498','http://aiforest-base-test.oss-cn-zhangjiakou.aliyuncs.com/7667c3f40823764d.jpg'),
('12','1','0','2019-10-30 16:43:38','2019-11-05 21:10:14',NULL,'1','def6e4c80222c71bbc0993ac85bcb8ce','165165','http://aiforest-base-test.oss-cn-zhangjiakou.aliyuncs.com/O1CN01fSka3s1IOudDI765b_!!2616970884.jpg'),
('1237256990159265794','1','0','2020-03-10 14:00:28','2020-03-10 14:00:28','1','1',NULL,'gh_d01b456ef38a_258.jpg','http://frp.sdhtwlkjyxgs.com:3310/shopmp/1/material/fa221716-23f6-4a5c-940d-ca5a82c34ac4.jpg'),
('1a0e8681df6990eb631bab85476f6196','f5c359e514a34617b27cef72dea646d5','0','2019-11-11 22:17:38','2019-11-11 22:17:38','51aa2e8cea31663ac88695e6eaec735c','1',NULL,'QQ截图20191111222527.png','https://aiforest-base-test.oss-cn-zhangjiakou.aliyuncs.com/f5c359e514a34617b27cef72dea646d5/material/8b25ea11-be72-48dc-8d1c-57a5d99e4a1f.png'),
('1c797dfb247be68174760c3f4288dc36','f5c359e514a34617b27cef72dea646d5','0','2019-11-10 14:51:24','2019-11-10 14:51:24','51aa2e8cea31663ac88695e6eaec735c','1',NULL,'QQ截图20191110145935.png','https://aiforest-base-test.oss-cn-zhangjiakou.aliyuncs.com/f5c359e514a34617b27cef72dea646d5/material/3c85454c-534b-446d-bc63-65d415e8199f.png'),
('1ea037ed16239afd0f83bb9dbf7d3fb2','f5c359e514a34617b27cef72dea646d5','0','2019-11-11 22:22:08','2019-11-11 22:22:08','51aa2e8cea31663ac88695e6eaec735c','1',NULL,'QQ截图20191111223019.png','https://aiforest-base-test.oss-cn-zhangjiakou.aliyuncs.com/f5c359e514a34617b27cef72dea646d5/material/c733b3eb-0837-46c2-8ea1-e4a9fe9fa698.png'),
('29f61b7b4beda4f8c8785bf2a996b6c6','f5c359e514a34617b27cef72dea646d5','0','2019-11-11 22:38:03','2019-11-11 22:38:03','51aa2e8cea31663ac88695e6eaec735c','1',NULL,'QQ截图20191111224618.png','https://aiforest-base-test.oss-cn-zhangjiakou.aliyuncs.com/f5c359e514a34617b27cef72dea646d5/material/712e3664-f933-446e-b963-29179beec2ec.png'),
('3','1','0','2019-10-30 16:09:22','2019-11-05 21:10:35','1','1','1','sgset作伤脑筋脸','http://aiforest-base-test.oss-cn-zhangjiakou.aliyuncs.com/O1CN01PGTRF41mbDmTT1XHk_!!2201435294972.png'),
('310e7cddad265d81242d6284b16d450d','f5c359e514a34617b27cef72dea646d5','0','2019-11-10 14:22:39','2019-11-10 14:22:39','51aa2e8cea31663ac88695e6eaec735c','1',NULL,'微信截图_20191110143006.png','https://aiforest-base-test.oss-cn-zhangjiakou.aliyuncs.com/f5c359e514a34617b27cef72dea646d5/material/0991951a-abf3-462d-ac29-b71b43879bc8.png'),
('31a70ce6812b6d067a0d89ddce7c2e4c','f5c359e514a34617b27cef72dea646d5','0','2019-11-11 22:45:21','2019-11-11 22:45:21','51aa2e8cea31663ac88695e6eaec735c','1',NULL,'QQ截图20191111225336.png','https://aiforest-base-test.oss-cn-zhangjiakou.aliyuncs.com/f5c359e514a34617b27cef72dea646d5/material/083a86b2-6c33-4e10-8dda-cb5346bcdbe7.png'),
('33a1baebf5c5635eca16ec76a8ff3bf2','f5c359e514a34617b27cef72dea646d5','0','2019-11-11 22:19:54','2019-11-11 22:19:54','51aa2e8cea31663ac88695e6eaec735c','1',NULL,'QQ截图20191111222758.png','https://aiforest-base-test.oss-cn-zhangjiakou.aliyuncs.com/f5c359e514a34617b27cef72dea646d5/material/dcd48570-a81b-4420-8a86-fb6f044e6af6.png'),
('3f203d9c83556450b3943cf9504aaffa','f5c359e514a34617b27cef72dea646d5','0','2019-11-11 22:51:15','2019-11-11 22:51:15','51aa2e8cea31663ac88695e6eaec735c','1',NULL,'QQ截图20191111225923.png','https://aiforest-base-test.oss-cn-zhangjiakou.aliyuncs.com/f5c359e514a34617b27cef72dea646d5/material/6881df67-508b-4c6f-9b46-fee6dc408400.png'),
('3fe0018f52c9ab8001f2b0bcd0863e0f','f5c359e514a34617b27cef72dea646d5','0','2019-11-11 22:22:57','2019-11-11 22:22:57','51aa2e8cea31663ac88695e6eaec735c','1',NULL,'QQ截图20191111223105.png','https://aiforest-base-test.oss-cn-zhangjiakou.aliyuncs.com/f5c359e514a34617b27cef72dea646d5/material/0c31a49f-45db-4872-bbbb-f1704acfda17.png'),
('4','1','0','2019-10-30 16:09:29','2019-11-05 21:10:40',NULL,'1','1','1555','http://aiforest-base-test.oss-cn-zhangjiakou.aliyuncs.com/%E5%BE%AE%E4%BF%A1%E6%88%AA%E5%9B%BE_20190827154452.png'),
('44ae191dded25ad0ce690f17e4e4ceef','f5c359e514a34617b27cef72dea646d5','0','2019-11-11 22:33:15','2019-11-11 22:33:15','51aa2e8cea31663ac88695e6eaec735c','1',NULL,'QQ截图20191111224117.png','https://aiforest-base-test.oss-cn-zhangjiakou.aliyuncs.com/f5c359e514a34617b27cef72dea646d5/material/454ab366-8e82-42b5-914b-60919e1f0d1d.png'),
('49e3b0da647c6e199fd857cd9da716d6','f5c359e514a34617b27cef72dea646d5','0','2019-11-11 22:37:05','2019-11-11 22:37:05','51aa2e8cea31663ac88695e6eaec735c','1',NULL,'QQ截图20191111224519.png','https://aiforest-base-test.oss-cn-zhangjiakou.aliyuncs.com/f5c359e514a34617b27cef72dea646d5/material/e8a75609-700e-417e-a22b-48b130ce26b9.png'),
('5bd03a078030fe87872be47acb6a3d50','1','0','2019-11-01 17:26:10','2019-11-05 21:10:48','1','1',NULL,'QQ截图20190715120631.png','http://aiforest-base-test.oss-cn-zhangjiakou.aliyuncs.com/O1CN01TnmV7g1mbDmdi5SFG_!!2-item_pic.png'),
('5d7d9481aa5ea0a548a44cd417705f25','f5c359e514a34617b27cef72dea646d5','0','2019-11-11 22:44:33','2019-11-11 22:44:33','51aa2e8cea31663ac88695e6eaec735c','1',NULL,'QQ截图20191111225248.png','https://aiforest-base-test.oss-cn-zhangjiakou.aliyuncs.com/f5c359e514a34617b27cef72dea646d5/material/1e1cbaa7-1e1f-42a3-bde1-a75b158dd4cc.png'),
('600f0de9ff961aa0949d5ec09ae54673','f5c359e514a34617b27cef72dea646d5','0','2019-11-11 22:24:12','2019-11-11 22:24:12','51aa2e8cea31663ac88695e6eaec735c','1',NULL,'QQ截图20191111223159.png','https://aiforest-base-test.oss-cn-zhangjiakou.aliyuncs.com/f5c359e514a34617b27cef72dea646d5/material/18e20579-3a6e-4b58-879c-3c4ca7c17df0.png'),
('60f0bdb0e780bdbe1ca067f39e48bef6','f5c359e514a34617b27cef72dea646d5','0','2019-11-11 22:25:21','2019-11-11 22:25:21','51aa2e8cea31663ac88695e6eaec735c','1',NULL,'QQ截图20191111223306.png','https://aiforest-base-test.oss-cn-zhangjiakou.aliyuncs.com/f5c359e514a34617b27cef72dea646d5/material/44195111-3636-4577-a6dc-c618f52d64ff.png'),
('63458d22bc5ee0cd891fbceb37e88222','f5c359e514a34617b27cef72dea646d5','0','2019-11-11 22:16:14','2019-11-11 22:16:14','51aa2e8cea31663ac88695e6eaec735c','1',NULL,'QQ截图20191111222403.png','https://aiforest-base-test.oss-cn-zhangjiakou.aliyuncs.com/f5c359e514a34617b27cef72dea646d5/material/ef050eb7-d264-49e3-923a-b68715cf8eb2.png'),
('6841fe88f5a825d4976bfe0d0aeb5f3a','f5c359e514a34617b27cef72dea646d5','0','2019-11-11 22:43:43','2019-11-11 22:43:43','51aa2e8cea31663ac88695e6eaec735c','1',NULL,'QQ截图20191111225155.png','https://aiforest-base-test.oss-cn-zhangjiakou.aliyuncs.com/f5c359e514a34617b27cef72dea646d5/material/93abc908-2f11-4d80-9c6a-c07516f1dac0.png'),
('6f3c93797b1db3c52bd956a86f36f2b1','f5c359e514a34617b27cef72dea646d5','0','2019-11-10 14:22:17','2019-11-10 14:22:17','51aa2e8cea31663ac88695e6eaec735c','1',NULL,'微信截图_20191110142938.png','https://aiforest-base-test.oss-cn-zhangjiakou.aliyuncs.com/f5c359e514a34617b27cef72dea646d5/material/598b6705-4412-4415-8f4f-ceed055f5931.png'),
('7','1','0','2019-10-30 16:09:59','2019-11-05 21:15:03',NULL,'1','1','sgdwet235','http://aiforest-base-test.oss-cn-zhangjiakou.aliyuncs.com/59.jpg'),
('71500b41298a3b8e9bf96f8387282bce','f5c359e514a34617b27cef72dea646d5','0','2019-11-10 15:06:09','2019-11-10 15:06:09','51aa2e8cea31663ac88695e6eaec735c','1',NULL,'1号.png','https://aiforest-base-test.oss-cn-zhangjiakou.aliyuncs.com/f5c359e514a34617b27cef72dea646d5/material/845c1927-8093-4eaa-b66b-246dbfcfb3fe.png'),
('7a93cb67626055fbf58207047eb28b16','f5c359e514a34617b27cef72dea646d5','0','2019-11-11 22:35:23','2019-11-11 22:35:23','51aa2e8cea31663ac88695e6eaec735c','1',NULL,'QQ截图20191111224338.png','https://aiforest-base-test.oss-cn-zhangjiakou.aliyuncs.com/f5c359e514a34617b27cef72dea646d5/material/0e653f27-0272-4442-b9bc-1e8dc6af2819.png'),
('7c42ff6c6cb90c521f9b398ce562b683','f5c359e514a34617b27cef72dea646d5','0','2019-11-11 22:34:00','2019-11-11 22:34:00','51aa2e8cea31663ac88695e6eaec735c','1',NULL,'QQ截图20191111224214.png','https://aiforest-base-test.oss-cn-zhangjiakou.aliyuncs.com/f5c359e514a34617b27cef72dea646d5/material/a2eecedd-2951-4454-90f4-f4e06af63810.png'),
('7c56054005d5d64e968a4b66dc68c1c7','f5c359e514a34617b27cef72dea646d5','0','2019-11-11 22:39:26','2019-11-11 22:39:26','51aa2e8cea31663ac88695e6eaec735c','1',NULL,'QQ截图20191111224738.png','https://aiforest-base-test.oss-cn-zhangjiakou.aliyuncs.com/f5c359e514a34617b27cef72dea646d5/material/55337aba-27aa-4894-bdb3-2188469e31d7.png'),
('84c709cdc69284f40d7f0ca65e545c8c','f5c359e514a34617b27cef72dea646d5','0','2019-11-11 22:36:13','2019-11-11 22:36:13','51aa2e8cea31663ac88695e6eaec735c','1',NULL,'QQ截图20191111224424.png','https://aiforest-base-test.oss-cn-zhangjiakou.aliyuncs.com/f5c359e514a34617b27cef72dea646d5/material/e8b64e03-a6c8-48ac-8a74-ff01475eb3c0.png'),
('8bbe088782073c2b19075450e1c8e91a','f5c359e514a34617b27cef72dea646d5','0','2019-11-11 22:32:07','2019-11-11 22:32:07','51aa2e8cea31663ac88695e6eaec735c','1',NULL,'QQ截图20191111224015.png','https://aiforest-base-test.oss-cn-zhangjiakou.aliyuncs.com/f5c359e514a34617b27cef72dea646d5/material/e05d4840-0f19-497e-a719-25370a7a404d.png'),
('9','1','0','2019-10-30 16:42:48','2019-11-05 21:14:52',NULL,'1','19a4433a1b8c5e48e58bdb4db98abf3b','novas','http://aiforest-base-test.oss-cn-zhangjiakou.aliyuncs.com/14.jpg'),
('91eaf6fd5175391b6c59f1f05c3f3b1e','f5c359e514a34617b27cef72dea646d5','0','2019-11-11 22:49:47','2019-11-11 22:49:47','51aa2e8cea31663ac88695e6eaec735c','1',NULL,'QQ截图20191111225756.png','https://aiforest-base-test.oss-cn-zhangjiakou.aliyuncs.com/f5c359e514a34617b27cef72dea646d5/material/f18f843b-0a41-4c31-af46-acc0a19a1393.png'),
('92976c48bacc52e52796ce469716df24','f5c359e514a34617b27cef72dea646d5','0','2019-11-11 22:47:57','2019-11-11 22:47:57','51aa2e8cea31663ac88695e6eaec735c','1',NULL,'QQ截图20191111225606.png','https://aiforest-base-test.oss-cn-zhangjiakou.aliyuncs.com/f5c359e514a34617b27cef72dea646d5/material/b4a6c58f-31f9-4ee1-81e0-b6ec325ae221.png'),
('93b647266a6ab3b72871d3a5324ddffa','f5c359e514a34617b27cef72dea646d5','0','2019-11-11 22:18:55','2019-11-11 22:18:55','51aa2e8cea31663ac88695e6eaec735c','1',NULL,'QQ截图20191111222710.png','https://aiforest-base-test.oss-cn-zhangjiakou.aliyuncs.com/f5c359e514a34617b27cef72dea646d5/material/5bc59c17-244f-466c-90f2-bfe3ddab2957.png'),
('956896caccc6ab2ae0f79bfc98c877aa','f5c359e514a34617b27cef72dea646d5','0','2019-11-10 14:23:13','2019-11-10 14:23:13','51aa2e8cea31663ac88695e6eaec735c','1',NULL,'微信截图_20191110143026.png','https://aiforest-base-test.oss-cn-zhangjiakou.aliyuncs.com/f5c359e514a34617b27cef72dea646d5/material/99ad9b24-8c61-44ae-bdf5-6d16d0e1f57a.png'),
('9e786f1d056578dca02b245a5c1dfc83','f5c359e514a34617b27cef72dea646d5','0','2019-11-11 22:43:07','2019-11-11 22:43:07','51aa2e8cea31663ac88695e6eaec735c','1',NULL,'QQ截图20191111225122.png','https://aiforest-base-test.oss-cn-zhangjiakou.aliyuncs.com/f5c359e514a34617b27cef72dea646d5/material/0cd7bc42-dff3-43b2-a55a-7b4259225dcd.png'),
('a52b64fe9342765a567e553a7720fa3d','f5c359e514a34617b27cef72dea646d5','0','2019-11-10 14:25:07','2019-11-10 14:25:07','51aa2e8cea31663ac88695e6eaec735c','1',NULL,'20190403152637496.jpg','https://aiforest-base-test.oss-cn-zhangjiakou.aliyuncs.com/f5c359e514a34617b27cef72dea646d5/material/1715a61f-ef75-474d-836f-6c5885b977dc.jpg'),
('a8b2d938eb02aefc711a9d2bc0859e99','f5c359e514a34617b27cef72dea646d5','0','2019-11-11 22:40:24','2019-11-11 22:40:24','51aa2e8cea31663ac88695e6eaec735c','1',NULL,'QQ截图20191111224839.png','https://aiforest-base-test.oss-cn-zhangjiakou.aliyuncs.com/f5c359e514a34617b27cef72dea646d5/material/94e1e5b9-e05c-4c1e-8242-1404d18de7d0.png'),
('b66ee61e3e066c5f65fa9e9c41a8de7f','41c120b6bb3c426fa4ec513fa3ff792a','0','2020-01-05 12:47:23','2020-01-05 12:47:23','60d4576d9e1d732b14118a695895fa31','1','ca4c67a5e286310cb0d62a7efeabf1b4','timg.jpeg','https://aiforest-base-test.oss-cn-zhangjiakou.aliyuncs.com/41c120b6bb3c426fa4ec513fa3ff792a/material/46242f76-458b-4f76-b489-8da694918350.jpeg'),
('b749e4f5f34a1740f590645f6c25a5e7','f5c359e514a34617b27cef72dea646d5','0','2019-11-11 22:26:26','2019-11-11 22:26:26','51aa2e8cea31663ac88695e6eaec735c','1',NULL,'QQ截图20191111223417.png','https://aiforest-base-test.oss-cn-zhangjiakou.aliyuncs.com/f5c359e514a34617b27cef72dea646d5/material/8755feae-97f2-4404-8e9a-7a7db41af762.png'),
('b7d3f64f84f06a7cc14c0dabafd14cef','f5c359e514a34617b27cef72dea646d5','0','2019-11-11 22:47:00','2019-11-11 22:47:00','51aa2e8cea31663ac88695e6eaec735c','1',NULL,'QQ截图20191111225517.png','https://aiforest-base-test.oss-cn-zhangjiakou.aliyuncs.com/f5c359e514a34617b27cef72dea646d5/material/df2c0ab9-bc4b-4b12-a8c1-a2f5288472d3.png'),
('bd20a0dd649b41a5d02648b2a20352b7','f5c359e514a34617b27cef72dea646d5','0','2019-11-11 22:30:02','2019-11-11 22:30:02','51aa2e8cea31663ac88695e6eaec735c','1',NULL,'QQ截图20191111223813.png','https://aiforest-base-test.oss-cn-zhangjiakou.aliyuncs.com/f5c359e514a34617b27cef72dea646d5/material/ff5c5310-32c5-475a-9122-a28550c079e4.png'),
('c8bdcc026deb1cbded3edeaae715cbf2','f5c359e514a34617b27cef72dea646d5','0','2019-11-11 22:21:18','2019-11-11 22:21:18','51aa2e8cea31663ac88695e6eaec735c','1',NULL,'QQ截图20191111222931.png','https://aiforest-base-test.oss-cn-zhangjiakou.aliyuncs.com/f5c359e514a34617b27cef72dea646d5/material/19fca07c-3c3f-41ae-9a38-96aca3f08c37.png'),
('c94b12eac6307c09e5a98718a811a1b1','f5c359e514a34617b27cef72dea646d5','0','2019-11-10 21:15:10','2019-11-10 21:15:10','51aa2e8cea31663ac88695e6eaec735c','1',NULL,'2号.png','https://aiforest-base-test.oss-cn-zhangjiakou.aliyuncs.com/f5c359e514a34617b27cef72dea646d5/material/645b29ac-a783-439f-8ee5-084a143c479a.png'),
('d3a06b260217d9527d331448b30682fb','f5c359e514a34617b27cef72dea646d5','0','2019-11-11 22:29:20','2019-11-11 22:29:20','51aa2e8cea31663ac88695e6eaec735c','1',NULL,'QQ截图20191111223717.png','https://aiforest-base-test.oss-cn-zhangjiakou.aliyuncs.com/f5c359e514a34617b27cef72dea646d5/material/87890530-a921-4171-a9af-45d76a2aade2.png'),
('d633825709fbf63b0fc145f1e3a475c1','f5c359e514a34617b27cef72dea646d5','0','2019-11-11 22:31:06','2019-11-11 22:31:06','51aa2e8cea31663ac88695e6eaec735c','1',NULL,'QQ截图20191111223901.png','https://aiforest-base-test.oss-cn-zhangjiakou.aliyuncs.com/f5c359e514a34617b27cef72dea646d5/material/a2362ef0-a76c-41d9-b013-a360031ed434.png'),
('d86355afed7c7e92b4d7270e057befc1','1','0','2019-11-01 17:30:10','2020-02-10 12:10:26','1','1','19a4433a1b8c5e48e58bdb4db98abf3b','c119f0d1694aeabca.jpg','http://aiforest-base-test.oss-cn-zhangjiakou.aliyuncs.com/22.png'),
('dc90d9554bdb5fb1809d740fc3efb8eb','f5c359e514a34617b27cef72dea646d5','0','2019-11-11 22:27:12','2019-11-11 22:27:12','51aa2e8cea31663ac88695e6eaec735c','1',NULL,'QQ截图20191111223514.png','https://aiforest-base-test.oss-cn-zhangjiakou.aliyuncs.com/f5c359e514a34617b27cef72dea646d5/material/8f703a73-f50d-4d9a-bc28-687e1552b34c.png'),
('e63113b5998a30e18ca87a10ffb8ce89','f5c359e514a34617b27cef72dea646d5','0','2019-11-11 22:48:40','2019-11-11 22:48:40','51aa2e8cea31663ac88695e6eaec735c','1',NULL,'QQ截图20191111225656.png','https://aiforest-base-test.oss-cn-zhangjiakou.aliyuncs.com/f5c359e514a34617b27cef72dea646d5/material/079cde1e-2851-4425-beea-7d7698c61471.png'),
('efa3f224c92a0036014822b366e78522','f5c359e514a34617b27cef72dea646d5','0','2019-11-11 22:52:00','2019-11-11 22:52:00','51aa2e8cea31663ac88695e6eaec735c','1',NULL,'QQ截图20191111230013.png','https://aiforest-base-test.oss-cn-zhangjiakou.aliyuncs.com/f5c359e514a34617b27cef72dea646d5/material/ed25ae23-7390-4fd5-896d-d7f05052a5de.png'),
('f7709113226e18a01df0465fea2a57b9','f5c359e514a34617b27cef72dea646d5','0','2019-11-11 22:41:27','2019-11-11 22:41:27','51aa2e8cea31663ac88695e6eaec735c','1',NULL,'QQ截图20191111224942.png','https://aiforest-base-test.oss-cn-zhangjiakou.aliyuncs.com/f5c359e514a34617b27cef72dea646d5/material/1b4d0e1b-57bb-4aac-b794-4c7aa606b4e9.png'),
('f83dc89cb938ad3a37e55a8e1a273c3a','f5c359e514a34617b27cef72dea646d5','0','2019-11-11 22:52:57','2019-11-11 22:52:57','51aa2e8cea31663ac88695e6eaec735c','1',NULL,'QQ截图20191111230102.png','https://aiforest-base-test.oss-cn-zhangjiakou.aliyuncs.com/f5c359e514a34617b27cef72dea646d5/material/c05132e3-cef1-4fe8-808c-0b0eb7ce831a.png'),
('faad3cfb9c79e863f3c7f486476328a5','f5c359e514a34617b27cef72dea646d5','0','2019-11-11 22:46:14','2019-11-11 22:46:14','51aa2e8cea31663ac88695e6eaec735c','1',NULL,'QQ截图20191111225428.png','https://aiforest-base-test.oss-cn-zhangjiakou.aliyuncs.com/f5c359e514a34617b27cef72dea646d5/material/85fd8e12-c2ec-42c2-9a54-06427081a78e.png');

/*Table structure for table `material_group` */

DROP TABLE IF EXISTS `material_group`;

CREATE TABLE `material_group` (
  `id` varchar(32) CHARACTER SET utf8mb4 COLLATE utf8mb4_0900_ai_ci NOT NULL COMMENT 'PK',
  `tenant_id` varchar(32) CHARACTER SET utf8mb4 COLLATE utf8mb4_0900_ai_ci NOT NULL COMMENT '所属租户',
  `del_flag` char(2) CHARACTER SET utf8mb4 COLLATE utf8mb4_0900_ai_ci NOT NULL DEFAULT '0' COMMENT '逻辑删除标记（0：显示；1：隐藏）',
  `create_time` datetime NOT NULL DEFAULT CURRENT_TIMESTAMP COMMENT '创建时间',
  `update_time` timestamp NOT NULL DEFAULT CURRENT_TIMESTAMP ON UPDATE CURRENT_TIMESTAMP COMMENT '最后更新时间',
  `create_id` varchar(32) CHARACTER SET utf8 COLLATE utf8_general_ci DEFAULT NULL COMMENT '创建者ID',
  `name` varchar(200) CHARACTER SET utf8mb4 COLLATE utf8mb4_0900_ai_ci NOT NULL COMMENT '分组名',
  PRIMARY KEY (`id`) USING BTREE,
  KEY `ids_tenant_id` (`tenant_id`) USING BTREE
) ENGINE=InnoDB DEFAULT CHARSET=utf8mb4 COLLATE=utf8mb4_0900_ai_ci ROW_FORMAT=DYNAMIC COMMENT='素材分组';

/*Data for the table `material_group` */

insert  into `material_group`(`id`,`tenant_id`,`del_flag`,`create_time`,`update_time`,`create_id`,`name`) values 
('19a4433a1b8c5e48e58bdb4db98abf3b','1','0','2019-10-30 11:19:17','2019-11-01 17:38:19','1','商品图'),
('ca4c67a5e286310cb0d62a7efeabf1b4','41c120b6bb3c426fa4ec513fa3ff792a','0','2020-01-05 12:46:25','2020-01-05 12:46:25','60d4576d9e1d732b14118a695895fa31','水果'),
('def6e4c80222c71bbc0993ac85bcb8ce','1','0','2019-10-30 11:18:50','2020-02-10 11:56:27','1','分类图');

/*Table structure for table `notice` */

DROP TABLE IF EXISTS `notice`;

CREATE TABLE `notice` (
  `id` varchar(32) CHARACTER SET utf8mb4 COLLATE utf8mb4_0900_ai_ci NOT NULL COMMENT 'PK',
  `tenant_id` varchar(32) CHARACTER SET utf8mb4 COLLATE utf8mb4_0900_ai_ci NOT NULL COMMENT '所属租户',
  `del_flag` char(2) CHARACTER SET utf8mb4 COLLATE utf8mb4_0900_ai_ci NOT NULL DEFAULT '0' COMMENT '逻辑删除标记（0：显示；1：隐藏）',
  `create_time` datetime NOT NULL DEFAULT CURRENT_TIMESTAMP COMMENT '创建时间',
  `update_time` timestamp NOT NULL DEFAULT CURRENT_TIMESTAMP ON UPDATE CURRENT_TIMESTAMP COMMENT '最后更新时间',
  `create_id` varchar(32) CHARACTER SET utf8 COLLATE utf8_general_ci DEFAULT NULL COMMENT '创建者ID',
  `app_id` varchar(32) CHARACTER SET utf8mb4 COLLATE utf8mb4_0900_ai_ci NOT NULL COMMENT '应用ID',
  `type` char(2) CHARACTER SET utf8mb4 COLLATE utf8mb4_0900_ai_ci NOT NULL COMMENT '类型1、小程序首页轮播图；2、小程序首页公告',
  `name` varchar(30) CHARACTER SET utf8mb4 COLLATE utf8mb4_0900_ai_ci DEFAULT NULL COMMENT '通知名',
  `remarks` varchar(100) CHARACTER SET utf8mb4 COLLATE utf8mb4_0900_ai_ci DEFAULT NULL COMMENT '备注',
  `enable` char(2) CHARACTER SET utf8mb4 COLLATE utf8mb4_0900_ai_ci DEFAULT NULL COMMENT '（1：开启；0：关闭）',
  PRIMARY KEY (`id`) USING BTREE,
  KEY `ids_tenant_id` (`tenant_id`) USING BTREE
) ENGINE=InnoDB DEFAULT CHARSET=utf8mb4 COLLATE=utf8mb4_0900_ai_ci ROW_FORMAT=DYNAMIC COMMENT='商城通知';

/*Data for the table `notice` */

insert  into `notice`(`id`,`tenant_id`,`del_flag`,`create_time`,`update_time`,`create_id`,`app_id`,`type`,`name`,`remarks`,`enable`) values 
('6a2720cacf551f859bf3be5d3930a287','1','0','2019-11-10 20:50:00','2019-11-10 20:50:00',NULL,'wxd5b98bbec200013b','1',NULL,NULL,'1'),
('c4ea63ba2e009a428ec25e1b145c3da4','1','0','2019-11-10 21:01:53','2019-11-10 21:01:53',NULL,'wxd5b98bbec200013b','2',NULL,NULL,'1');

/*Table structure for table `notice_item` */

DROP TABLE IF EXISTS `notice_item`;

CREATE TABLE `notice_item` (
  `id` varchar(32) CHARACTER SET utf8mb4 COLLATE utf8mb4_0900_ai_ci NOT NULL COMMENT 'PK',
  `tenant_id` varchar(32) CHARACTER SET utf8mb4 COLLATE utf8mb4_0900_ai_ci NOT NULL COMMENT '所属租户',
  `del_flag` char(2) CHARACTER SET utf8mb4 COLLATE utf8mb4_0900_ai_ci NOT NULL DEFAULT '0' COMMENT '逻辑删除标记（0：显示；1：隐藏）',
  `create_time` datetime NOT NULL DEFAULT CURRENT_TIMESTAMP COMMENT '创建时间',
  `update_time` timestamp NOT NULL DEFAULT CURRENT_TIMESTAMP ON UPDATE CURRENT_TIMESTAMP COMMENT '最后更新时间',
  `create_id` varchar(32) CHARACTER SET utf8 COLLATE utf8_general_ci DEFAULT NULL COMMENT '创建者ID',
  `notice_id` varchar(32) CHARACTER SET utf8 COLLATE utf8_general_ci DEFAULT NULL COMMENT '通知ID',
  `type` char(2) NOT NULL COMMENT '类型1、图片；2、视频；3、文字',
  `name` varchar(30) CHARACTER SET utf8mb4 COLLATE utf8mb4_0900_ai_ci DEFAULT NULL COMMENT '名称',
  `url` varchar(500) CHARACTER SET utf8mb4 COLLATE utf8mb4_0900_ai_ci DEFAULT '' COMMENT '通知链接',
  `page` varchar(500) CHARACTER SET utf8mb4 COLLATE utf8mb4_0900_ai_ci DEFAULT '' COMMENT '跳转页面',
  `content` varchar(100) CHARACTER SET utf8mb4 COLLATE utf8mb4_0900_ai_ci DEFAULT NULL COMMENT '内容',
  `tag` varchar(10) DEFAULT NULL COMMENT '标签',
  `enable` char(2) DEFAULT NULL COMMENT '（1：开启；0：关闭）',
  `sort` int DEFAULT NULL COMMENT '排序字段',
  PRIMARY KEY (`id`) USING BTREE,
  KEY `ids_tenant_id` (`tenant_id`) USING BTREE
) ENGINE=InnoDB DEFAULT CHARSET=utf8mb4 COLLATE=utf8mb4_0900_ai_ci ROW_FORMAT=DYNAMIC COMMENT='商城通知详情';

/*Data for the table `notice_item` */

insert  into `notice_item`(`id`,`tenant_id`,`del_flag`,`create_time`,`update_time`,`create_id`,`notice_id`,`type`,`name`,`url`,`page`,`content`,`tag`,`enable`,`sort`) values 
('039428b5e16a870fbbb948f67faf8953','1','0','2019-11-10 20:52:13','2020-01-03 17:28:22',NULL,'6a2720cacf551f859bf3be5d3930a287','1',NULL,'http://aiforest-base-test.oss-cn-zhangjiakou.aliyuncs.com/6.jpg','/pages/goods/goods-detail/index?id=2835671ff031c18cb181b1a199f86b01',NULL,NULL,'1',6),
('21ea872de3a8f788115ada60a10d2e29','1','0','2019-11-10 21:07:51','2019-11-10 21:07:51',NULL,'c4ea63ba2e009a428ec25e1b145c3da4','2',NULL,'','','7564745765476sdg你爱我仍自然人锻造欠自然人称作欠脸色','科','1',3),
('78b58bde3529ca583af819122680379c','1','0','2019-11-10 21:01:53','2019-12-05 10:38:19',NULL,'c4ea63ba2e009a428ec25e1b145c3da4','2',NULL,'','/pages/goods/goods-detail/index?id=2835671ff031c18cb181b1a199f86b01','遥谁持彩练当空舞 脸腑而又热又遥望43 43 334 你爱我仍人','厅事','1',1),
('7e60a12a378b533fdce77c5b9b8de8d3','1','0','2019-11-10 21:50:20','2020-01-03 17:28:26',NULL,'6a2720cacf551f859bf3be5d3930a287','1',NULL,'http://aiforest-base-test.oss-cn-zhangjiakou.aliyuncs.com/22.png','',NULL,NULL,'1',2);

/*Table structure for table `order_info` */

DROP TABLE IF EXISTS `order_info`;

CREATE TABLE `order_info` (
  `id` varchar(32) CHARACTER SET utf8mb4 COLLATE utf8mb4_0900_ai_ci NOT NULL COMMENT 'PK',
  `tenant_id` varchar(32) CHARACTER SET utf8mb4 COLLATE utf8mb4_0900_ai_ci NOT NULL COMMENT '所属租户',
  `del_flag` char(2) CHARACTER SET utf8mb4 COLLATE utf8mb4_0900_ai_ci NOT NULL DEFAULT '0' COMMENT '逻辑删除标记（0：显示；1：隐藏）',
  `create_time` datetime NOT NULL DEFAULT CURRENT_TIMESTAMP COMMENT '创建时间',
  `update_time` timestamp NOT NULL DEFAULT CURRENT_TIMESTAMP ON UPDATE CURRENT_TIMESTAMP COMMENT '最后更新时间',
  `app_type` char(2) NOT NULL COMMENT '应用类型1、小程序',
  `app_id` varchar(32) NOT NULL COMMENT '应用ID',
  `user_id` varchar(32) CHARACTER SET utf8mb4 COLLATE utf8mb4_0900_ai_ci NOT NULL COMMENT '用户id',
  `order_no` varchar(50) CHARACTER SET utf8mb4 COLLATE utf8mb4_0900_ai_ci NOT NULL COMMENT '订单单号',
  `payment_way` char(2) NOT NULL COMMENT '支付方式1、货到付款；2、在线支付',
  `delivery_way` char(2) CHARACTER SET utf8mb4 COLLATE utf8mb4_0900_ai_ci NOT NULL COMMENT '配送方式1、普通快递；2、上门自提',
  `payment_type` char(2) CHARACTER SET utf8mb4 COLLATE utf8mb4_0900_ai_ci NOT NULL COMMENT '支付类型1、微信支付；2、支付宝支付',
  `is_pay` char(2) NOT NULL COMMENT '是否支付0、未支付 1、已支付',
  `name` varchar(255) DEFAULT NULL COMMENT '订单名',
  `status` char(2) CHARACTER SET utf8mb4 COLLATE utf8mb4_0900_ai_ci DEFAULT NULL COMMENT '订单状态1、待发货 2、待收货 3、确认收货/已完成 5、已关闭 10、拼团中',
  `appraises_status` char(2) DEFAULT NULL COMMENT '评价状态0、未评；1、已评；2、已追评',
  `freight_price` decimal(10,2) NOT NULL DEFAULT '0.00' COMMENT '运费金额',
  `sales_price` decimal(10,2) NOT NULL DEFAULT '0.00' COMMENT '销售金额',
  `payment_points_price` decimal(10,2) DEFAULT '0.00' COMMENT '积分抵扣金额',
  `payment_coupon_price` decimal(10,2) DEFAULT '0.00' COMMENT '电子券抵扣金额',
  `payment_price` decimal(10,2) NOT NULL DEFAULT '0.00' COMMENT '支付金额（销售金额+运费金额-积分抵扣金额-电子券抵扣金额）',
  `payment_points` int DEFAULT '0' COMMENT '支付积分',
  `payment_time` datetime DEFAULT NULL COMMENT '付款时间',
  `delivery_time` datetime DEFAULT NULL COMMENT '发货时间',
  `receiver_time` datetime DEFAULT NULL COMMENT '收货时间',
  `closing_time` datetime DEFAULT NULL COMMENT '成交时间',
  `user_message` varchar(100) CHARACTER SET utf8mb4 COLLATE utf8mb4_0900_ai_ci DEFAULT NULL COMMENT '买家留言',
  `logistics_id` varchar(32) CHARACTER SET utf8mb4 COLLATE utf8mb4_0900_ai_ci DEFAULT NULL COMMENT '物流id',
  `transaction_id` varchar(32) DEFAULT NULL COMMENT '支付交易ID',
  `order_type` char(2) CHARACTER SET utf8mb4 COLLATE utf8mb4_0900_ai_ci DEFAULT '0' COMMENT '订单类型（0、普通订单；1、砍价订单；2、拼团订单）',
  `market_id` varchar(32) DEFAULT NULL COMMENT '营销ID（砍价ID、拼团ID）',
  `relation_id` varchar(32) CHARACTER SET utf8mb4 COLLATE utf8mb4_0900_ai_ci DEFAULT NULL COMMENT '营销记录ID（砍价记录ID、拼团记录组ID（团长的拼团记录ID））',
  `remark` varchar(255) CHARACTER SET utf8mb4 COLLATE utf8mb4_0900_ai_ci DEFAULT NULL COMMENT '备注',
  PRIMARY KEY (`id`),
  UNIQUE KEY `uk_order_no` (`order_no`),
  KEY `ids_tenant_id` (`tenant_id`,`order_no`)
) ENGINE=InnoDB DEFAULT CHARSET=utf8mb4 COLLATE=utf8mb4_0900_ai_ci ROW_FORMAT=DYNAMIC COMMENT='订单';

/*Data for the table `order_info` */

insert  into `order_info`(`id`,`tenant_id`,`del_flag`,`create_time`,`update_time`,`app_type`,`app_id`,`user_id`,`order_no`,`payment_way`,`delivery_way`,`payment_type`,`is_pay`,`name`,`status`,`appraises_status`,`freight_price`,`sales_price`,`payment_points_price`,`payment_coupon_price`,`payment_price`,`payment_points`,`payment_time`,`delivery_time`,`receiver_time`,`closing_time`,`user_message`,`logistics_id`,`transaction_id`,`order_type`,`market_id`,`relation_id`,`remark`) values 
('1264201763944108033','1','0','2020-05-23 22:28:50','2020-05-23 22:30:29','1','wxd5b98bbec200013b','1234102578637127681','1264201763934699520','2','1','1','1','华为 P30 Pro手机正品官方旗舰店20降价mate20pro新款nova5pro','5',NULL,3.00,0.02,0.00,0.00,3.02,0,'2020-05-23 22:29:21',NULL,NULL,NULL,NULL,'1264201763918942210','4200000535202005234960234049','0',NULL,NULL,NULL),
('1264201763981856769','1','0','2020-05-23 22:28:50','2020-05-23 22:30:51','1','wxd5b98bbec200013b','1234102578637127681','1264201763976642560','2','1','1','1','华为 P30 Pro手机正品官方旗舰店20降价mate20pro新款nova5pro','5',NULL,5.00,0.01,0.00,0.00,5.01,0,'2020-05-23 22:29:21',NULL,NULL,NULL,NULL,'1264201763969273857','4200000535202005234960234049','0',NULL,NULL,NULL),
('1266197301015044097','1','0','2020-05-29 10:38:56','2020-05-29 10:40:32','1','wxd5b98bbec200013b','1266196380046548993','1266197300884013056','2','2','1','1','商城流程演示商品，不发货不退款，请谨慎够买','5',NULL,0.00,0.01,0.00,0.00,0.01,0,'2020-05-29 10:39:11',NULL,NULL,NULL,NULL,'1226515772106289154','4200000546202005294621086558','0',NULL,NULL,NULL),
('1266197827039485953','1','0','2020-05-29 10:41:01','2020-05-29 10:41:01','1','wxd5b98bbec200013b','1266196380046548993','1266197826979758080','2','2','1','0','Huawei/华为P30 Pro曲面屏超感光徕卡四摄变焦980芯片智能手机p30pro','5',NULL,0.00,4988.00,0.00,0.00,4988.00,0,NULL,NULL,NULL,NULL,NULL,NULL,NULL,'0',NULL,NULL,NULL),
('1266200575164243969','1','0','2020-05-29 10:51:57','2020-05-29 10:51:56','1','wxd5b98bbec200013b','1266196380046548993','1266200575012241408','2','2','1','0','商城流程演示商品，不发货不退款，请谨慎够买','5',NULL,0.00,0.01,0.00,0.00,0.01,0,NULL,NULL,NULL,NULL,NULL,NULL,NULL,'0',NULL,NULL,NULL),
('1266200752495222785','1','0','2020-05-29 10:52:39','2020-05-29 10:53:47','1','wxd5b98bbec200013b','1266196380046548993','1266200752431300608','2','2','1','1','商城流程演示商品，不发货不退款，请谨慎够买','5',NULL,0.00,0.01,0.00,0.00,0.01,0,'2020-05-29 10:52:59',NULL,NULL,NULL,NULL,'1226515772106289154','4200000549202005299185161452','0',NULL,NULL,NULL);

/*Table structure for table `order_item` */

DROP TABLE IF EXISTS `order_item`;

CREATE TABLE `order_item` (
  `id` varchar(32) CHARACTER SET utf8mb4 COLLATE utf8mb4_0900_ai_ci NOT NULL COMMENT 'PK',
  `tenant_id` varchar(32) CHARACTER SET utf8mb4 COLLATE utf8mb4_0900_ai_ci NOT NULL COMMENT '所属租户',
  `del_flag` char(2) CHARACTER SET utf8mb4 COLLATE utf8mb4_0900_ai_ci NOT NULL DEFAULT '0' COMMENT '逻辑删除标记（0：显示；1：隐藏）',
  `create_time` datetime NOT NULL DEFAULT CURRENT_TIMESTAMP COMMENT '创建时间',
  `update_time` timestamp NOT NULL DEFAULT CURRENT_TIMESTAMP ON UPDATE CURRENT_TIMESTAMP COMMENT '最后更新时间',
  `order_id` varchar(32) CHARACTER SET utf8mb4 COLLATE utf8mb4_0900_ai_ci NOT NULL COMMENT '订单编号',
  `spu_id` varchar(32) CHARACTER SET utf8mb4 COLLATE utf8mb4_0900_ai_ci DEFAULT NULL COMMENT '商品Id',
  `spu_name` varchar(200) CHARACTER SET utf8mb4 COLLATE utf8mb4_0900_ai_ci DEFAULT NULL COMMENT '商品名',
  `spec_info` varchar(500) CHARACTER SET utf8mb4 COLLATE utf8mb4_0900_ai_ci DEFAULT NULL COMMENT '规格信息',
  `sku_id` varchar(32) CHARACTER SET utf8mb4 COLLATE utf8mb4_0900_ai_ci NOT NULL COMMENT 'skuId',
  `pic_url` varchar(500) CHARACTER SET utf8mb4 COLLATE utf8mb4_0900_ai_ci NOT NULL COMMENT '图片',
  `quantity` int NOT NULL COMMENT '商品数量',
  `sales_price` decimal(10,2) NOT NULL COMMENT '购买单价',
  `freight_price` decimal(10,2) DEFAULT '0.00' COMMENT '运费金额',
  `payment_price` decimal(10,2) DEFAULT '0.00' COMMENT '支付金额（购买单价*商品数量+运费金额-积分抵扣金额-电子券抵扣金额）',
  `payment_points_price` decimal(10,2) DEFAULT '0.00' COMMENT '积分抵扣金额',
  `payment_coupon_price` decimal(10,2) DEFAULT '0.00' COMMENT '电子券抵扣金额',
  `payment_points` int DEFAULT '0' COMMENT '支付积分',
  `coupon_user_id` varchar(32) DEFAULT NULL COMMENT '用户电子券ID',
  `remark` varchar(250) CHARACTER SET utf8mb4 COLLATE utf8mb4_0900_ai_ci DEFAULT NULL COMMENT '备注',
  `status` char(2) CHARACTER SET utf8mb4 COLLATE utf8mb4_0900_ai_ci DEFAULT '0' COMMENT '状态0：正常；1：退款中；2：退货退款中；3：完成退款；4：完成退货退款',
  `is_refund` char(2) CHARACTER SET utf8mb4 COLLATE utf8mb4_0900_ai_ci DEFAULT '0' COMMENT '是否退款0:否 1：是',
  PRIMARY KEY (`id`) USING BTREE,
  KEY `ids_tenant_id` (`tenant_id`) USING BTREE
) ENGINE=InnoDB DEFAULT CHARSET=utf8mb4 COLLATE=utf8mb4_0900_ai_ci ROW_FORMAT=DYNAMIC COMMENT='订单详情';

/*Data for the table `order_item` */

insert  into `order_item`(`id`,`tenant_id`,`del_flag`,`create_time`,`update_time`,`order_id`,`spu_id`,`spu_name`,`spec_info`,`sku_id`,`pic_url`,`quantity`,`sales_price`,`freight_price`,`payment_price`,`payment_points_price`,`payment_coupon_price`,`payment_points`,`coupon_user_id`,`remark`,`status`,`is_refund`) values 
('1264201624210870274','1','0','2020-05-23 22:28:49','2020-05-23 22:28:49','1264201763981856769','2b48a2f35352a4d87d51d6dd03bb874e','华为 P30 Pro手机正品官方旗舰店20降价mate20pro新款nova5pro',NULL,'965bac3dbc101b6abe68b72469118f03','http://aiforest-base-test.oss-cn-zhangjiakou.aliyuncs.com/O1CN01fSka3s1IOudDI765b_!!2616970884.jpg',1,0.01,5.00,5.01,0.00,0.00,0,NULL,NULL,'3','1'),
('1264201624223453185','1','0','2020-05-23 22:28:49','2020-05-23 22:28:49','1264201763944108033','4d06c5157cce971b89166e509cdf63e8','商城流程演示商品，不发货不退款，请谨慎够买','裸机','894b591741d425ca9c1b1579ce299a5b','https://aiforest-base-test.oss-cn-zhangjiakou.aliyuncs.com/1/material/0352cae9-2770-494e-9f08-97e474d90345.jpg',2,0.01,3.00,3.02,0.00,0.00,0,NULL,NULL,'3','1'),
('1266197301077958658','1','0','2020-05-29 10:38:56','2020-05-29 10:38:56','1266197301015044097','4d06c5157cce971b89166e509cdf63e8','商城流程演示商品，不发货不退款，请谨慎够买','裸机','894b591741d425ca9c1b1579ce299a5b','https://aiforest-base-test.oss-cn-zhangjiakou.aliyuncs.com/1/material/0352cae9-2770-494e-9f08-97e474d90345.jpg',1,0.01,0.00,0.01,0.00,0.00,0,NULL,NULL,'3','1'),
('1266197827098206209','1','0','2020-05-29 10:41:01','2020-05-29 10:41:01','1266197827039485953','6545a6fc2927edc195b93982f446917c','Huawei/华为P30 Pro曲面屏超感光徕卡四摄变焦980芯片智能手机p30pro','极光色，128G，4G全网通','3c56e0951df15b44cfc121cf61c33829','http://aiforest-base-test.oss-cn-zhangjiakou.aliyuncs.com/O1CN01fSka3s1IOudDI765b_!!2616970884.jpg',1,4988.00,0.00,4988.00,0.00,0.00,0,NULL,NULL,'0','0'),
('1266200575210381314','1','0','2020-05-29 10:51:56','2020-05-29 10:51:56','1266200575164243969','4d06c5157cce971b89166e509cdf63e8','商城流程演示商品，不发货不退款，请谨慎够买','裸机','894b591741d425ca9c1b1579ce299a5b','https://aiforest-base-test.oss-cn-zhangjiakou.aliyuncs.com/1/material/0352cae9-2770-494e-9f08-97e474d90345.jpg',1,0.01,0.00,0.01,0.00,0.00,0,NULL,NULL,'0','0'),
('1266200752545554434','1','0','2020-05-29 10:52:38','2020-05-29 10:52:38','1266200752495222785','4d06c5157cce971b89166e509cdf63e8','商城流程演示商品，不发货不退款，请谨慎够买','裸机','894b591741d425ca9c1b1579ce299a5b','https://aiforest-base-test.oss-cn-zhangjiakou.aliyuncs.com/1/material/0352cae9-2770-494e-9f08-97e474d90345.jpg',1,0.01,0.00,0.01,0.00,0.00,0,NULL,NULL,'3','1');

/*Table structure for table `order_logistics` */

DROP TABLE IF EXISTS `order_logistics`;

CREATE TABLE `order_logistics` (
  `id` varchar(32) CHARACTER SET utf8mb4 COLLATE utf8mb4_0900_ai_ci NOT NULL COMMENT 'PK',
  `tenant_id` varchar(32) CHARACTER SET utf8mb4 COLLATE utf8mb4_0900_ai_ci NOT NULL COMMENT '所属租户',
  `del_flag` char(2) CHARACTER SET utf8mb4 COLLATE utf8mb4_0900_ai_ci NOT NULL DEFAULT '0' COMMENT '逻辑删除标记（0：显示；1：隐藏）',
  `create_time` datetime NOT NULL DEFAULT CURRENT_TIMESTAMP COMMENT '创建时间',
  `update_time` timestamp NOT NULL DEFAULT CURRENT_TIMESTAMP ON UPDATE CURRENT_TIMESTAMP COMMENT '最后更新时间',
  `postal_code` varchar(10) CHARACTER SET utf8mb4 COLLATE utf8mb4_0900_ai_ci DEFAULT NULL COMMENT '邮编',
  `user_name` varchar(50) CHARACTER SET utf8mb4 COLLATE utf8mb4_0900_ai_ci NOT NULL COMMENT '收货人名字',
  `tel_num` varchar(20) CHARACTER SET utf8mb4 COLLATE utf8mb4_0900_ai_ci NOT NULL COMMENT '电话号码',
  `address` varchar(255) CHARACTER SET utf8mb4 COLLATE utf8mb4_0900_ai_ci NOT NULL COMMENT '详细地址',
  `logistics` char(20) CHARACTER SET utf8mb4 COLLATE utf8mb4_0900_ai_ci DEFAULT NULL COMMENT '物流商家',
  `logistics_no` varchar(30) CHARACTER SET utf8mb4 COLLATE utf8mb4_0900_ai_ci DEFAULT NULL COMMENT '物流单号',
  `status` char(2) CHARACTER SET utf8mb4 COLLATE utf8mb4_0900_ai_ci DEFAULT NULL COMMENT '快递单当前状态，包括-1错误，0在途，1揽收，2疑难，3签收，4退签，5派件，6退回，7转投 等7个状态',
  `is_check` char(2) CHARACTER SET utf8mb4 COLLATE utf8mb4_0900_ai_ci DEFAULT NULL COMMENT '签收标记（0：未签收；1：已签收）',
  `message` varchar(500) CHARACTER SET utf8mb4 COLLATE utf8mb4_0900_ai_ci DEFAULT NULL COMMENT '相关信息',
  PRIMARY KEY (`id`),
  KEY `ids_tenant_id` (`tenant_id`) USING BTREE
) ENGINE=InnoDB DEFAULT CHARSET=utf8mb4 COLLATE=utf8mb4_0900_ai_ci ROW_FORMAT=DYNAMIC COMMENT='订单物流表';

/*Data for the table `order_logistics` */

insert  into `order_logistics`(`id`,`tenant_id`,`del_flag`,`create_time`,`update_time`,`postal_code`,`user_name`,`tel_num`,`address`,`logistics`,`logistics_no`,`status`,`is_check`,`message`) values 
('1264201763918942210','1','0','2020-05-23 22:28:49','2020-05-23 22:28:49',NULL,'jkkl','18608419765','河北省石家庄市长安区46461',NULL,NULL,NULL,NULL,NULL),
('1264201763969273857','1','0','2020-05-23 22:28:49','2020-05-23 22:28:49',NULL,'jkkl','18608419765','河北省石家庄市长安区46461',NULL,NULL,NULL,NULL,NULL);

/*Table structure for table `order_logistics_detail` */

DROP TABLE IF EXISTS `order_logistics_detail`;

CREATE TABLE `order_logistics_detail` (
  `id` varchar(32) CHARACTER SET utf8mb4 COLLATE utf8mb4_0900_ai_ci NOT NULL COMMENT 'PK',
  `tenant_id` varchar(32) CHARACTER SET utf8mb4 COLLATE utf8mb4_0900_ai_ci NOT NULL COMMENT '所属租户',
  `del_flag` char(2) CHARACTER SET utf8mb4 COLLATE utf8mb4_0900_ai_ci NOT NULL DEFAULT '0' COMMENT '逻辑删除标记（0：显示；1：隐藏）',
  `create_time` datetime NOT NULL DEFAULT CURRENT_TIMESTAMP COMMENT '创建时间',
  `update_time` timestamp NOT NULL DEFAULT CURRENT_TIMESTAMP ON UPDATE CURRENT_TIMESTAMP COMMENT '最后更新时间',
  `logistics_id` varchar(32) CHARACTER SET utf8mb4 COLLATE utf8mb4_0900_ai_ci NOT NULL COMMENT '物流id',
  `logistics_time` datetime NOT NULL COMMENT '物流时间',
  `logistics_information` varchar(500) CHARACTER SET utf8mb4 COLLATE utf8mb4_0900_ai_ci NOT NULL COMMENT '物流信息',
  PRIMARY KEY (`id`) USING BTREE,
  KEY `ids_tenant_id` (`tenant_id`) USING BTREE
) ENGINE=InnoDB DEFAULT CHARSET=utf8mb4 COLLATE=utf8mb4_0900_ai_ci ROW_FORMAT=DYNAMIC COMMENT='订单物流详情表';

/*Data for the table `order_logistics_detail` */

/*Table structure for table `order_refunds` */

DROP TABLE IF EXISTS `order_refunds`;

CREATE TABLE `order_refunds` (
  `id` varchar(32) CHARACTER SET utf8mb4 COLLATE utf8mb4_0900_ai_ci NOT NULL COMMENT 'PK',
  `tenant_id` varchar(32) CHARACTER SET utf8mb4 COLLATE utf8mb4_0900_ai_ci NOT NULL COMMENT '所属租户',
  `del_flag` char(2) CHARACTER SET utf8mb4 COLLATE utf8mb4_0900_ai_ci NOT NULL DEFAULT '0' COMMENT '逻辑删除标记（0：显示；1：隐藏）',
  `create_time` datetime NOT NULL DEFAULT CURRENT_TIMESTAMP COMMENT '创建时间',
  `update_time` timestamp NOT NULL DEFAULT CURRENT_TIMESTAMP ON UPDATE CURRENT_TIMESTAMP COMMENT '最后更新时间',
  `create_id` varchar(32) CHARACTER SET utf8 COLLATE utf8_general_ci DEFAULT NULL COMMENT '创建者ID',
  `order_id` varchar(32) CHARACTER SET utf8mb4 COLLATE utf8mb4_0900_ai_ci NOT NULL COMMENT '订单ID',
  `order_item_id` varchar(32) DEFAULT NULL COMMENT '订单详情ID',
  `status` char(6) CHARACTER SET utf8mb4 COLLATE utf8mb4_0900_ai_ci DEFAULT NULL COMMENT '退款状态0：撤销退换申请；1：退款申请中；11、同意退款；12、拒绝退款；2：退货退款申请中；21：同意退货退款/退货中；22：拒绝退货退款；211：收到退货同意退款；212：收到退货拒绝退款',
  `refund_amount` decimal(10,2) NOT NULL COMMENT '退款金额',
  `refund_trade_no` varchar(64) CHARACTER SET utf8mb4 COLLATE utf8mb4_0900_ai_ci DEFAULT NULL COMMENT '退款流水号',
  `refund_reson` varchar(200) CHARACTER SET utf8mb4 COLLATE utf8mb4_0900_ai_ci DEFAULT NULL COMMENT '退款原因',
  `refuse_refund_reson` varchar(200) CHARACTER SET utf8mb4 COLLATE utf8mb4_0900_ai_ci DEFAULT NULL COMMENT '拒绝退款原因',
  PRIMARY KEY (`id`) USING BTREE,
  KEY `ids_tenant_id` (`tenant_id`) USING BTREE,
  KEY `ids_order_id` (`tenant_id`,`order_id`,`order_item_id`)
) ENGINE=InnoDB DEFAULT CHARSET=utf8mb4 COLLATE=utf8mb4_0900_ai_ci ROW_FORMAT=DYNAMIC COMMENT='订单退款记录表';

/*Data for the table `order_refunds` */

insert  into `order_refunds`(`id`,`tenant_id`,`del_flag`,`create_time`,`update_time`,`create_id`,`order_id`,`order_item_id`,`status`,`refund_amount`,`refund_trade_no`,`refund_reson`,`refuse_refund_reson`) values 
('1264201922841120770','1','0','2020-05-23 22:30:00','2020-05-23 22:30:23',NULL,'1264201763944108033','1264201624223453185','11',3.02,'50300104282020052300672806810','及其',NULL),
('1264201974129070082','1','0','2020-05-23 22:30:13','2020-05-23 22:30:36',NULL,'1264201763981856769','1264201624210870274','11',5.01,'50300104282020052300672806999','而4 ',NULL),
('1266197628967673858','1','0','2020-05-29 10:40:14','2020-05-29 10:40:27',NULL,'1266197301015044097','1266197301077958658','11',0.01,'50300604632020052900761750526','65445产',NULL),
('1266200917134237697','1','0','2020-05-29 10:53:18','2020-05-29 10:53:41',NULL,'1266200752495222785','1266200752545554434','11',0.01,'50300404652020052900761774518','45747',NULL);

/*Table structure for table `points_config` */

DROP TABLE IF EXISTS `points_config`;

CREATE TABLE `points_config` (
  `id` varchar(32) CHARACTER SET utf8mb4 COLLATE utf8mb4_0900_ai_ci NOT NULL COMMENT 'PK',
  `tenant_id` varchar(32) CHARACTER SET utf8mb4 COLLATE utf8mb4_0900_ai_ci NOT NULL COMMENT '所属租户',
  `del_flag` char(2) CHARACTER SET utf8mb4 COLLATE utf8mb4_0900_ai_ci NOT NULL DEFAULT '0' COMMENT '逻辑删除标记（0：显示；1：隐藏）',
  `create_time` datetime NOT NULL DEFAULT CURRENT_TIMESTAMP COMMENT '创建时间',
  `update_time` timestamp NOT NULL DEFAULT CURRENT_TIMESTAMP ON UPDATE CURRENT_TIMESTAMP COMMENT '最后更新时间',
  `init_posts` int DEFAULT '0' COMMENT '用户初始积分数',
  `init_vip_posts` int DEFAULT '0' COMMENT '会员初始积分数',
  `premise_amount` decimal(10,2) DEFAULT NULL COMMENT '订单金额满多少可使用抵扣',
  `default_deduct_scale` int DEFAULT NULL COMMENT '默认抵扣比例',
  `default_deduct_amount` decimal(10,2) DEFAULT NULL COMMENT '默认1积分数可抵多少元',
  PRIMARY KEY (`id`),
  UNIQUE KEY `uk_tenant_id` (`tenant_id`),
  KEY `ids_tenant_id` (`tenant_id`) USING BTREE
) ENGINE=InnoDB DEFAULT CHARSET=utf8mb4 COLLATE=utf8mb4_0900_ai_ci COMMENT='积分设置';

/*Data for the table `points_config` */

insert  into `points_config`(`id`,`tenant_id`,`del_flag`,`create_time`,`update_time`,`init_posts`,`init_vip_posts`,`premise_amount`,`default_deduct_scale`,`default_deduct_amount`) values 
('1215980007031005185','1','0','2020-01-11 20:53:20','2020-01-11 20:53:20',100,3000,100.00,5,1.00);

/*Table structure for table `points_record` */

DROP TABLE IF EXISTS `points_record`;

CREATE TABLE `points_record` (
  `id` varchar(32) CHARACTER SET utf8mb4 COLLATE utf8mb4_0900_ai_ci NOT NULL COMMENT 'PK',
  `tenant_id` varchar(32) CHARACTER SET utf8mb4 COLLATE utf8mb4_0900_ai_ci NOT NULL COMMENT '所属租户',
  `del_flag` char(2) CHARACTER SET utf8mb4 COLLATE utf8mb4_0900_ai_ci NOT NULL DEFAULT '0' COMMENT '逻辑删除标记（0：显示；1：隐藏）',
  `create_time` datetime NOT NULL DEFAULT CURRENT_TIMESTAMP COMMENT '创建时间',
  `update_time` timestamp NOT NULL DEFAULT CURRENT_TIMESTAMP ON UPDATE CURRENT_TIMESTAMP COMMENT '最后更新时间',
  `user_id` varchar(32) CHARACTER SET utf8mb4 COLLATE utf8mb4_0900_ai_ci DEFAULT NULL COMMENT '用户ID',
  `amount` int DEFAULT NULL COMMENT '数量',
  `description` varchar(500) CHARACTER SET utf8mb4 COLLATE utf8mb4_0900_ai_ci NOT NULL COMMENT '描述',
  `spu_id` varchar(32) DEFAULT NULL COMMENT '商品ID',
  `order_item_id` varchar(32) DEFAULT NULL COMMENT '订单详情ID',
  `record_type` char(2) CHARACTER SET utf8mb4 COLLATE utf8mb4_0900_ai_ci DEFAULT NULL COMMENT '记录类型0、用户初始化；1、会员初始化；2、商品赠送；3、退款赠送减回；4、商品抵扣；5、订单取消抵扣加回；6、退款抵扣加回',
  PRIMARY KEY (`id`) USING BTREE,
  KEY `ids_tenant_id` (`tenant_id`) USING BTREE
) ENGINE=InnoDB DEFAULT CHARSET=utf8mb4 COLLATE=utf8mb4_0900_ai_ci COMMENT='积分变动记录';

/*Data for the table `points_record` */

insert  into `points_record`(`id`,`tenant_id`,`del_flag`,`create_time`,`update_time`,`user_id`,`amount`,`description`,`spu_id`,`order_item_id`,`record_type`) values 
('1234102578695847938','1','0','2020-03-01 21:05:57','2020-03-01 21:05:57','1234102578637127681',100,'用户初始积分',NULL,NULL,'0'),
('1234403517298368514','1','0','2020-03-02 17:01:47','2020-03-02 17:01:47','1234102578637127681',3000,'会员初始积分',NULL,NULL,'1'),
('1235079782476951554','1','0','2020-03-04 13:49:01','2020-03-04 13:49:01','1234102578637127681',100,'【赠送】购买商品【小程序付款演示，不发货，不退款】 * 1','4d06c5157cce971b89166e509cdf63e8','1235079694530785282','2'),
('1235082168826212353','1','0','2020-03-04 13:58:30','2020-03-04 13:58:30','1234102578637127681',100,'【赠送】购买商品【小程序付款演示，不发货，不退款】 * 1','4d06c5157cce971b89166e509cdf63e8','1235082093941108739','2'),
('1235082168826212354','1','0','2020-03-04 13:58:30','2020-03-04 13:58:30','1234102578637127681',1000,'【赠送】购买商品【小米9 4800万超广角三摄 6GB+128GB全息幻彩蓝 骁龙855 全网通4G 双卡双待 水滴全面屏拍照智能游戏手机】 * 1','2835671ff031c18cb181b1a199f86b01','1235082093932720129','2'),
('1235082168847183873','1','0','2020-03-04 13:58:30','2020-03-04 13:58:30','1234102578637127681',1000,'【赠送】购买商品【小米9 4800万超广角三摄 6GB+128GB全息幻彩蓝 骁龙855 全网通4G 双卡双待 水滴全面屏拍照智能游戏手机】 * 1','2835671ff031c18cb181b1a199f86b01','1235082093932720130','2'),
('1235082168847183874','1','0','2020-03-04 13:58:30','2020-03-04 13:58:30','1234102578637127681',1000,'【赠送】购买商品【小米9 4800万超广角三摄 6GB+128GB全息幻彩蓝 骁龙855 全网通4G 双卡双待 水滴全面屏拍照智能游戏手机】 * 1','2835671ff031c18cb181b1a199f86b01','1235082093941108738','2'),
('1237292843610886146','1','0','2020-03-10 16:22:56','2020-03-10 16:22:56','1234102578637127681',100,'【赠送】购买商品【小程序付款演示，不发货，不退款】 * 1','4d06c5157cce971b89166e509cdf63e8','1237292766620241922','2'),
('1237294737188147201','1','0','2020-03-10 16:30:27','2020-03-10 16:30:27','1234102578637127681',100,'【赠送】购买商品【小程序付款演示，不发货，不退款】 * 1','4d06c5157cce971b89166e509cdf63e8','1237291138181726209','2'),
('1237617453426470914','1','0','2020-03-11 13:52:49','2020-03-11 13:52:49','1234102578637127681',100,'【赠送】购买商品【小程序付款演示，不发货，不退款】 * 1','4d06c5157cce971b89166e509cdf63e8','1237617358383542273','2'),
('1238281358440079361','1','0','2020-03-13 09:50:56','2020-03-13 09:50:56','1234102578637127681',100,'【赠送】购买商品【小程序付款演示，不发货，不退款】 * 1','4d06c5157cce971b89166e509cdf63e8','1238281291696119809','2'),
('1240201958746214401','1','0','2020-03-18 17:02:43','2020-03-18 17:02:43','1234102578637127681',1000,'【赠送】购买商品【小米9 4800万超广角三摄 6GB+128GB全息幻彩蓝 骁龙855 全网通4G 双卡双待 水滴全面屏拍照智能游戏手机】 * 1','2835671ff031c18cb181b1a199f86b01','1240201797638803457','2'),
('1240202179920252930','1','0','2020-03-18 17:03:36','2020-03-18 17:03:36','1234102578637127681',1000,'【赠送】购买商品【小米9 4800万超广角三摄 6GB+128GB全息幻彩蓝 骁龙855 全网通4G 双卡双待 水滴全面屏拍照智能游戏手机】 * 1','2835671ff031c18cb181b1a199f86b01','1240200818545643521','2'),
('1240202740392513538','1','0','2020-03-18 17:05:49','2020-03-18 17:05:49','1234102578637127681',1000,'【赠送】购买商品【小米9 4800万超广角三摄 6GB+128GB全息幻彩蓝 骁龙855 全网通4G 双卡双待 水滴全面屏拍照智能游戏手机】 * 1','2835671ff031c18cb181b1a199f86b01','1240199169097842689','2'),
('1240826736985198593','1','0','2020-03-20 10:25:22','2020-03-20 10:25:22','1240826736922284033',100,'用户初始积分',NULL,NULL,'0'),
('1240826773588889602','1','0','2020-03-20 10:25:30','2020-03-20 10:25:30','1240826736922284033',3000,'会员初始积分',NULL,NULL,'1'),
('1240830902977646593','1','0','2020-03-20 10:41:55','2020-03-20 10:41:55','1234102578637127681',-1000,'【退款】 【赠送】购买商品【小米9 4800万超广角三摄 6GB+128GB全息幻彩蓝 骁龙855 全网通4G 双卡双待 水滴全面屏拍照智能游戏手机】 * 1','2835671ff031c18cb181b1a199f86b01','1240200818545643521','3'),
('1240839598218629121','1','0','2020-03-20 11:16:28','2020-03-20 11:16:28','1234102578637127681',1000,'【赠送】购买商品【小米9 4800万超广角三摄 6GB+128GB全息幻彩蓝 骁龙855 全网通4G 双卡双待 水滴全面屏拍照智能游戏手机】 * 1','2835671ff031c18cb181b1a199f86b01','1240839566396444673','2'),
('1240855213759213570','1','0','2020-03-20 12:18:31','2020-03-20 12:18:31','1234102578637127681',1000,'【赠送】购买商品【小米9 4800万超广角三摄 6GB+128GB全息幻彩蓝 骁龙855 全网通4G 双卡双待 水滴全面屏拍照智能游戏手机】 * 1','2835671ff031c18cb181b1a199f86b01','1240855177067442177','2'),
('1240916417047416833','1','0','2020-03-20 16:21:43','2020-03-20 16:21:43','1240826736922284033',1000,'【赠送】购买商品【小米9 4800万超广角三摄 6GB+128GB全息幻彩蓝 骁龙855 全网通4G 双卡双待 水滴全面屏拍照智能游戏手机】 * 1','2835671ff031c18cb181b1a199f86b01','1240916378208161793','2'),
('1240917633366179841','1','0','2020-03-20 16:26:33','2020-03-20 16:26:33','1240826736922284033',1000,'【赠送】购买商品【小米9 4800万超广角三摄 6GB+128GB全息幻彩蓝 骁龙855 全网通4G 双卡双待 水滴全面屏拍照智能游戏手机】 * 1','2835671ff031c18cb181b1a199f86b01','1240917599924994049','2'),
('1240923176109555713','1','0','2020-03-20 16:48:35','2020-03-20 16:48:35','1240923176084389889',100,'用户初始积分',NULL,NULL,'0'),
('1240923310868348929','1','0','2020-03-20 16:49:07','2020-03-20 16:49:07','1240923176084389889',3000,'会员初始积分',NULL,NULL,'1'),
('1240923491949035522','1','0','2020-03-20 16:49:50','2020-03-20 16:49:50','1240923176084389889',1000,'【赠送】购买商品【小米9 4800万超广角三摄 6GB+128GB全息幻彩蓝 骁龙855 全网通4G 双卡双待 水滴全面屏拍照智能游戏手机】 * 1','2835671ff031c18cb181b1a199f86b01','1240923439218245633','2'),
('1240925647011790849','1','0','2020-03-20 16:58:24','2020-03-20 16:58:24','1234102578637127681',1000,'【赠送】购买商品【小米9 4800万超广角三摄 6GB+128GB全息幻彩蓝 骁龙855 全网通4G 双卡双待 水滴全面屏拍照智能游戏手机】 * 1','2835671ff031c18cb181b1a199f86b01','1240925619383910402','2'),
('1240927995620704257','1','0','2020-03-20 17:07:44','2020-03-20 17:07:44','1240826736922284033',1000,'【赠送】购买商品【小米9 4800万超广角三摄 6GB+128GB全息幻彩蓝 骁龙855 全网通4G 双卡双待 水滴全面屏拍照智能游戏手机】 * 1','2835671ff031c18cb181b1a199f86b01','1240927966969413634','2'),
('1240928970603446273','1','0','2020-03-20 17:11:36','2020-03-20 17:11:36','1240923176084389889',1000,'【赠送】购买商品【小米9 4800万超广角三摄 6GB+128GB全息幻彩蓝 骁龙855 全网通4G 双卡双待 水滴全面屏拍照智能游戏手机】 * 1','2835671ff031c18cb181b1a199f86b01','1240928923400749058','2'),
('1240933809785856001','1','0','2020-03-20 17:30:50','2020-03-20 17:30:50','1234102578637127681',1000,'【赠送】购买商品【小米9 4800万超广角三摄 6GB+128GB全息幻彩蓝 骁龙855 全网通4G 双卡双待 水滴全面屏拍照智能游戏手机】 * 1','2835671ff031c18cb181b1a199f86b01','1240933776390807554','2'),
('1240934221561651202','1','0','2020-03-20 17:32:28','2020-03-20 17:32:28','1240826736922284033',1000,'【赠送】购买商品【小米9 4800万超广角三摄 6GB+128GB全息幻彩蓝 骁龙855 全网通4G 双卡双待 水滴全面屏拍照智能游戏手机】 * 1','2835671ff031c18cb181b1a199f86b01','1240934189152264193','2'),
('1240934518791004162','1','0','2020-03-20 17:33:39','2020-03-20 17:33:39','1240923176084389889',1000,'【赠送】购买商品【小米9 4800万超广角三摄 6GB+128GB全息幻彩蓝 骁龙855 全网通4G 双卡双待 水滴全面屏拍照智能游戏手机】 * 1','2835671ff031c18cb181b1a199f86b01','1240934474864058370','2'),
('1240935551097335810','1','0','2020-03-20 17:37:45','2020-03-20 17:37:45','1234102578637127681',1000,'【赠送】购买商品【小米9 4800万超广角三摄 6GB+128GB全息幻彩蓝 骁龙855 全网通4G 双卡双待 水滴全面屏拍照智能游戏手机】 * 1','2835671ff031c18cb181b1a199f86b01','1240935517777784834','2'),
('1240935653597736961','1','0','2020-03-20 17:38:09','2020-03-20 17:38:09','1240826736922284033',1000,'【赠送】购买商品【小米9 4800万超广角三摄 6GB+128GB全息幻彩蓝 骁龙855 全网通4G 双卡双待 水滴全面屏拍照智能游戏手机】 * 1','2835671ff031c18cb181b1a199f86b01','1240935626720636929','2'),
('1240935756400128002','1','0','2020-03-20 17:38:34','2020-03-20 17:38:34','1240923176084389889',1000,'【赠送】购买商品【小米9 4800万超广角三摄 6GB+128GB全息幻彩蓝 骁龙855 全网通4G 双卡双待 水滴全面屏拍照智能游戏手机】 * 1','2835671ff031c18cb181b1a199f86b01','1240935721927143426','2'),
('1240938228057251841','1','0','2020-03-20 17:48:23','2020-03-20 17:48:23','1240826736922284033',1000,'【赠送】购买商品【小米9 4800万超广角三摄 6GB+128GB全息幻彩蓝 骁龙855 全网通4G 双卡双待 水滴全面屏拍照智能游戏手机】 * 1','2835671ff031c18cb181b1a199f86b01','1240938197195563009','2'),
('1240938340611399682','1','0','2020-03-20 17:48:50','2020-03-20 17:48:50','1234102578637127681',1000,'【赠送】购买商品【小米9 4800万超广角三摄 6GB+128GB全息幻彩蓝 骁龙855 全网通4G 双卡双待 水滴全面屏拍照智能游戏手机】 * 1','2835671ff031c18cb181b1a199f86b01','1240938309397389313','2'),
('1240938536669945858','1','0','2020-03-20 17:49:37','2020-03-20 17:49:37','1240923176084389889',1000,'【赠送】购买商品【小米9 4800万超广角三摄 6GB+128GB全息幻彩蓝 骁龙855 全网通4G 双卡双待 水滴全面屏拍照智能游戏手机】 * 1','2835671ff031c18cb181b1a199f86b01','1240938501043527682','2'),
('1240939770558775298','1','0','2020-03-20 17:54:31','2020-03-20 17:54:31','1234102578637127681',1000,'【赠送】购买商品【小米9 4800万超广角三摄 6GB+128GB全息幻彩蓝 骁龙855 全网通4G 双卡双待 水滴全面屏拍照智能游戏手机】 * 1','2835671ff031c18cb181b1a199f86b01','1240939735087546369','2'),
('1240939883398135810','1','0','2020-03-20 17:54:58','2020-03-20 17:54:58','1240826736922284033',1000,'【赠送】购买商品【小米9 4800万超广角三摄 6GB+128GB全息幻彩蓝 骁龙855 全网通4G 双卡双待 水滴全面屏拍照智能游戏手机】 * 1','2835671ff031c18cb181b1a199f86b01','1240939845624233986','2'),
('1240940320817905666','1','0','2020-03-20 17:56:42','2020-03-20 17:56:42','1240923176084389889',1000,'【赠送】购买商品【小米9 4800万超广角三摄 6GB+128GB全息幻彩蓝 骁龙855 全网通4G 双卡双待 水滴全面屏拍照智能游戏手机】 * 1','2835671ff031c18cb181b1a199f86b01','1240940141943422977','2'),
('1240978678361325570','1','0','2020-03-20 20:29:07','2020-03-20 20:29:07','1234102578637127681',1000,'【赠送】购买商品【小米9 4800万超广角三摄 6GB+128GB全息幻彩蓝 骁龙855 全网通4G 双卡双待 水滴全面屏拍照智能游戏手机】 * 1','2835671ff031c18cb181b1a199f86b01','1240978608748462082','2'),
('1241577637098160130','1','0','2020-03-22 12:09:10','2020-03-22 12:09:10','1234102578637127681',1000,'【赠送】购买商品【小米9 4800万超广角三摄 6GB+128GB全息幻彩蓝 骁龙855 全网通4G 双卡双待 水滴全面屏拍照智能游戏手机】 * 1','2835671ff031c18cb181b1a199f86b01','1241577588792360962','2'),
('1241926263087529986','1','0','2020-03-23 11:14:29','2020-03-23 11:14:29','1234102578637127681',1000,'【赠送】购买商品【小米9 4800万超广角三摄 6GB+128GB全息幻彩蓝 骁龙855 全网通4G 双卡双待 水滴全面屏拍照智能游戏手机】 * 1','2835671ff031c18cb181b1a199f86b01','1241926229365325826','2'),
('1241929185586188290','1','0','2020-03-23 11:26:06','2020-03-23 11:26:06','1240826736922284033',1000,'【赠送】购买商品【小米9 4800万超广角三摄 6GB+128GB全息幻彩蓝 骁龙855 全网通4G 双卡双待 水滴全面屏拍照智能游戏手机】 * 1','2835671ff031c18cb181b1a199f86b01','1241929155030683649','2'),
('1241934957086904322','1','0','2020-03-23 11:49:02','2020-03-23 11:49:02','1240923176084389889',1000,'【赠送】购买商品【小米9 4800万超广角三摄 6GB+128GB全息幻彩蓝 骁龙855 全网通4G 双卡双待 水滴全面屏拍照智能游戏手机】 * 1','2835671ff031c18cb181b1a199f86b01','1241934924971118593','2'),
('1241935531396173825','1','0','2020-03-23 11:51:19','2020-03-23 11:51:19','1240826736922284033',1000,'【赠送】购买商品【小米9 4800万超广角三摄 6GB+128GB全息幻彩蓝 骁龙855 全网通4G 双卡双待 水滴全面屏拍照智能游戏手机】 * 1','2835671ff031c18cb181b1a199f86b01','1241935501201379330','2'),
('1241935750477254658','1','0','2020-03-23 11:52:11','2020-03-23 11:52:11','1234102578637127681',1000,'【赠送】购买商品【小米9 4800万超广角三摄 6GB+128GB全息幻彩蓝 骁龙855 全网通4G 双卡双待 水滴全面屏拍照智能游戏手机】 * 1','2835671ff031c18cb181b1a199f86b01','1241935719263244290','2'),
('1242058698307661825','1','0','2020-03-23 20:00:44','2020-03-23 20:00:44','1234102578637127681',-1000,'【退款】 【赠送】购买商品【小米9 4800万超广角三摄 6GB+128GB全息幻彩蓝 骁龙855 全网通4G 双卡双待 水滴全面屏拍照智能游戏手机】 * 1','2835671ff031c18cb181b1a199f86b01','1241577588792360962','3'),
('1242093976862846977','1','0','2020-03-23 22:20:55','2020-03-23 22:20:55','1234102578637127681',1000,'【赠送】购买商品【小米9 4800万超广角三摄 6GB+128GB全息幻彩蓝 骁龙855 全网通4G 双卡双待 水滴全面屏拍照智能游戏手机】 * 1','2835671ff031c18cb181b1a199f86b01','1242093910055972866','2'),
('1242291280907567105','1','0','2020-03-24 11:24:56','2020-03-24 11:24:56','1234102578637127681',1000,'【赠送】购买商品【小米9 4800万超广角三摄 6GB+128GB全息幻彩蓝 骁龙855 全网通4G 双卡双待 水滴全面屏拍照智能游戏手机】 * 1','2835671ff031c18cb181b1a199f86b01','1242291248200384513','2'),
('1242291503977431041','1','0','2020-03-24 11:25:49','2020-03-24 11:25:49','1240826736922284033',1000,'【赠送】购买商品【小米9 4800万超广角三摄 6GB+128GB全息幻彩蓝 骁龙855 全网通4G 双卡双待 水滴全面屏拍照智能游戏手机】 * 1','2835671ff031c18cb181b1a199f86b01','1242291474009128961','2'),
('1242292145382981634','1','0','2020-03-24 11:28:22','2020-03-24 11:28:22','1240923176084389889',1000,'【赠送】购买商品【小米9 4800万超广角三摄 6GB+128GB全息幻彩蓝 骁龙855 全网通4G 双卡双待 水滴全面屏拍照智能游戏手机】 * 1','2835671ff031c18cb181b1a199f86b01','1242292062767775745','2'),
('1242292210860261378','1','0','2020-03-24 11:28:38','2020-03-24 11:28:38','1240826736922284033',1000,'【赠送】购买商品【小米9 4800万超广角三摄 6GB+128GB全息幻彩蓝 骁龙855 全网通4G 双卡双待 水滴全面屏拍照智能游戏手机】 * 1','2835671ff031c18cb181b1a199f86b01','1242291883218010113','2'),
('1242658418310737921','1','0','2020-03-25 11:43:49','2020-03-25 11:43:49','1234102578637127681',1000,'【赠送】购买商品【小米9 4800万超广角三摄 6GB+128GB全息幻彩蓝 骁龙855 全网通4G 双卡双待 水滴全面屏拍照智能游戏手机】 * 1','2835671ff031c18cb181b1a199f86b01','1242658346655248385','2'),
('1245290602011049985','1','0','2020-04-01 18:03:10','2020-04-01 18:03:10','1234102578637127681',1000,'【赠送】购买商品【小米9 4800万超广角三摄 6GB+128GB全息幻彩蓝 骁龙855 全网通4G 双卡双待 水滴全面屏拍照智能游戏手机】 * 1','2835671ff031c18cb181b1a199f86b01','1245290517722316802','2'),
('1245290602011049986','1','0','2020-04-01 18:03:10','2020-04-01 18:03:10','1234102578637127681',200,'【赠送】购买商品【小程序付款演示，不发货，不退款】 * 2','4d06c5157cce971b89166e509cdf63e8','1245290517730705409','2'),
('1245317867117740033','1','0','2020-04-01 19:51:31','2020-04-01 19:51:31','1234102578637127681',1000,'【赠送】购买商品【小米9 4800万超广角三摄 6GB+128GB全息幻彩蓝 骁龙855 全网通4G 双卡双待 水滴全面屏拍照智能游戏手机】 * 1','2835671ff031c18cb181b1a199f86b01','1245317804551307265','2'),
('1245317867126128642','1','0','2020-04-01 19:51:31','2020-04-01 19:51:31','1234102578637127681',100,'【赠送】购买商品【小程序付款演示，不发货，不退款】 * 1','4d06c5157cce971b89166e509cdf63e8','1245317804534530049','2'),
('1245318245494292482','1','0','2020-04-01 19:53:01','2020-04-01 19:53:01','1234102578637127681',1000,'【赠送】购买商品【小米9 4800万超广角三摄 6GB+128GB全息幻彩蓝 骁龙855 全网通4G 双卡双待 水滴全面屏拍照智能游戏手机】 * 1','2835671ff031c18cb181b1a199f86b01','1245317165012226050','2'),
('1245318245502681090','1','0','2020-04-01 19:53:01','2020-04-01 19:53:01','1234102578637127681',100,'【赠送】购买商品【小程序付款演示，不发货，不退款】 * 1','4d06c5157cce971b89166e509cdf63e8','1245317165003837442','2'),
('1245319354090782722','1','0','2020-04-01 19:57:25','2020-04-01 19:57:25','1234102578637127681',1000,'【赠送】购买商品【小米9 4800万超广角三摄 6GB+128GB全息幻彩蓝 骁龙855 全网通4G 双卡双待 水滴全面屏拍照智能游戏手机】 * 1','2835671ff031c18cb181b1a199f86b01','1245315729151029249','2'),
('1245319354103365634','1','0','2020-04-01 19:57:25','2020-04-01 19:57:25','1234102578637127681',100,'【赠送】购买商品【小程序付款演示，不发货，不退款】 * 1','4d06c5157cce971b89166e509cdf63e8','1245315729134252033','2'),
('1245320147523076098','1','0','2020-04-01 20:00:34','2020-04-01 20:00:34','1234102578637127681',1000,'【赠送】购买商品【小米9 4800万超广角三摄 6GB+128GB全息幻彩蓝 骁龙855 全网通4G 双卡双待 水滴全面屏拍照智能游戏手机】 * 1','2835671ff031c18cb181b1a199f86b01','1245316531160731649','2'),
('1245320147535659009','1','0','2020-04-01 20:00:34','2020-04-01 20:00:34','1234102578637127681',100,'【赠送】购买商品【小程序付款演示，不发货，不退款】 * 1','4d06c5157cce971b89166e509cdf63e8','1245316531152343041','2'),
('1245322496152977410','1','0','2020-04-01 20:09:54','2020-04-01 20:09:54','1234102578637127681',1000,'【赠送】购买商品【小米9 4800万超广角三摄 6GB+128GB全息幻彩蓝 骁龙855 全网通4G 双卡双待 水滴全面屏拍照智能游戏手机】 * 1','2835671ff031c18cb181b1a199f86b01','1245322403450470402','2'),
('1245322496161366017','1','0','2020-04-01 20:09:54','2020-04-01 20:09:54','1234102578637127681',100,'【赠送】购买商品【小程序付款演示，不发货，不退款】 * 1','4d06c5157cce971b89166e509cdf63e8','1245322403463053313','2'),
('1245323845934616577','1','0','2020-04-01 20:15:16','2020-04-01 20:15:16','1234102578637127681',1000,'【赠送】购买商品【小米9 4800万超广角三摄 6GB+128GB全息幻彩蓝 骁龙855 全网通4G 双卡双待 水滴全面屏拍照智能游戏手机】 * 1','2835671ff031c18cb181b1a199f86b01','1245323779538784258','2'),
('1245323845943005186','1','0','2020-04-01 20:15:16','2020-04-01 20:15:16','1234102578637127681',100,'【赠送】购买商品【小程序付款演示，不发货，不退款】 * 1','4d06c5157cce971b89166e509cdf63e8','1245323779522007042','2'),
('1245324654994808833','1','0','2020-04-01 20:18:29','2020-04-01 20:18:29','1234102578637127681',1000,'【赠送】购买商品【小米9 4800万超广角三摄 6GB+128GB全息幻彩蓝 骁龙855 全网通4G 双卡双待 水滴全面屏拍照智能游戏手机】 * 1','2835671ff031c18cb181b1a199f86b01','1245324589471391745','2'),
('1245324655003197441','1','0','2020-04-01 20:18:29','2020-04-01 20:18:29','1234102578637127681',200,'【赠送】购买商品【小程序付款演示，不发货，不退款】 * 2','4d06c5157cce971b89166e509cdf63e8','1245324589488168961','2'),
('1245327313801863170','1','0','2020-04-01 20:29:03','2020-04-01 20:29:03','1234102578637127681',1000,'【赠送】购买商品【小米9 4800万超广角三摄 6GB+128GB全息幻彩蓝 骁龙855 全网通4G 双卡双待 水滴全面屏拍照智能游戏手机】 * 1','2835671ff031c18cb181b1a199f86b01','1245327250539175938','2'),
('1245327313810251777','1','0','2020-04-01 20:29:03','2020-04-01 20:29:03','1234102578637127681',100,'【赠送】购买商品【小程序付款演示，不发货，不退款】 * 1','4d06c5157cce971b89166e509cdf63e8','1245327250522398722','2'),
('1245328247500054529','1','0','2020-04-01 20:32:45','2020-04-01 20:32:45','1234102578637127681',1000,'【赠送】购买商品【小米9 4800万超广角三摄 6GB+128GB全息幻彩蓝 骁龙855 全网通4G 双卡双待 水滴全面屏拍照智能游戏手机】 * 1','2835671ff031c18cb181b1a199f86b01','1245328183113293825','2'),
('1245328247508443137','1','0','2020-04-01 20:32:45','2020-04-01 20:32:45','1234102578637127681',100,'【赠送】购买商品【小程序付款演示，不发货，不退款】 * 1','4d06c5157cce971b89166e509cdf63e8','1245328183104905218','2'),
('1245328590250188802','1','0','2020-04-01 20:34:07','2020-04-01 20:34:07','1234102578637127681',100,'【赠送】购买商品【小程序付款演示，不发货，不退款】 * 1','4d06c5157cce971b89166e509cdf63e8','1245328534252036098','2'),
('1245563154713296897','1','0','2020-04-02 12:06:12','2020-04-02 12:06:12','1240826736922284033',100,'【赠送】购买商品【小程序付款演示，不发货，不退款】 * 1','4d06c5157cce971b89166e509cdf63e8','1245563098488651778','2'),
('1245563504178511873','1','0','2020-04-02 12:07:35','2020-04-02 12:07:35','1234102578637127681',100,'【赠送】购买商品【小程序付款演示，不发货，不退款】 * 1','4d06c5157cce971b89166e509cdf63e8','1245563425958936577','2'),
('1245563836828762114','1','0','2020-04-02 12:08:54','2020-04-02 12:08:54','1234102578637127681',100,'【赠送】购买商品【小程序付款演示，不发货，不退款】 * 1','4d06c5157cce971b89166e509cdf63e8','1245563779631038465','2'),
('1245564114776899586','1','0','2020-04-02 12:10:01','2020-04-02 12:10:01','1234102578637127681',1000,'【赠送】购买商品【小米9 4800万超广角三摄 6GB+128GB全息幻彩蓝 骁龙855 全网通4G 双卡双待 水滴全面屏拍照智能游戏手机】 * 1','2835671ff031c18cb181b1a199f86b01','1245564051308691458','2'),
('1245564503182032897','1','0','2020-04-02 12:11:33','2020-04-02 12:11:33','1240826736922284033',1000,'【赠送】购买商品【小米9 4800万超广角三摄 6GB+128GB全息幻彩蓝 骁龙855 全网通4G 双卡双待 水滴全面屏拍照智能游戏手机】 * 1','2835671ff031c18cb181b1a199f86b01','1245564443950071810','2'),
('1245568311555534850','1','0','2020-04-02 12:26:41','2020-04-02 12:26:41','1234102578637127681',100,'【赠送】购买商品【小程序付款演示，不发货，不退款】 * 1','4d06c5157cce971b89166e509cdf63e8','1245568281394294785','2'),
('1245568602455683073','1','0','2020-04-02 12:27:51','2020-04-02 12:27:51','1234102578637127681',1000,'【赠送】购买商品【小米9 4800万超广角三摄 6GB+128GB全息幻彩蓝 骁龙855 全网通4G 双卡双待 水滴全面屏拍照智能游戏手机】 * 1','2835671ff031c18cb181b1a199f86b01','1245562819877814274','2'),
('1245693180037386241','1','0','2020-04-02 20:42:52','2020-04-02 20:42:52','1234102578637127681',1000,'【赠送】购买商品【小米9 4800万超广角三摄 6GB+128GB全息幻彩蓝 骁龙855 全网通4G 双卡双待 水滴全面屏拍照智能游戏手机】 * 1','2835671ff031c18cb181b1a199f86b01','1245692052205817858','2'),
('1245693272685367298','1','0','2020-04-02 20:43:14','2020-04-02 20:43:14','1234102578637127681',100,'【赠送】购买商品【小程序付款演示，不发货，不退款】 * 1','4d06c5157cce971b89166e509cdf63e8','1245691924061442049','2'),
('1245694029849513985','1','0','2020-04-02 20:46:15','2020-04-02 20:46:15','1240923176084389889',100,'【赠送】购买商品【小程序付款演示，不发货，不退款】 * 1','4d06c5157cce971b89166e509cdf63e8','1245693883241811969','2'),
('1245703032600031234','1','0','2020-04-02 21:22:01','2020-04-02 21:22:01','1240923176084389889',1000,'【赠送】购买商品【小米9 4800万超广角三摄 6GB+128GB全息幻彩蓝 骁龙855 全网通4G 双卡双待 水滴全面屏拍照智能游戏手机】 * 1','2835671ff031c18cb181b1a199f86b01','1245702994842906625','2'),
('1245705249675571201','1','0','2020-04-02 21:30:50','2020-04-02 21:30:50','1240923176084389889',1000,'【赠送】购买商品【小米9 4800万超广角三摄 6GB+128GB全息幻彩蓝 骁龙855 全网通4G 双卡双待 水滴全面屏拍照智能游戏手机】 * 1','2835671ff031c18cb181b1a199f86b01','1245705213201903617','2'),
('1245705438318587906','1','0','2020-04-02 21:31:35','2020-04-02 21:31:35','1234102578637127681',1000,'【赠送】购买商品【小米9 4800万超广角三摄 6GB+128GB全息幻彩蓝 骁龙855 全网通4G 双卡双待 水滴全面屏拍照智能游戏手机】 * 1','2835671ff031c18cb181b1a199f86b01','1245705402524397570','2'),
('1245705965597126657','1','0','2020-04-02 21:33:40','2020-04-02 21:33:40','1240826736922284033',1000,'【赠送】购买商品【小米9 4800万超广角三摄 6GB+128GB全息幻彩蓝 骁龙855 全网通4G 双卡双待 水滴全面屏拍照智能游戏手机】 * 1','2835671ff031c18cb181b1a199f86b01','1245705919963099138','2'),
('1245713053618565121','1','0','2020-04-02 22:01:50','2020-04-02 22:01:50','1240923176084389889',-1000,'【退款】 【赠送】购买商品【小米9 4800万超广角三摄 6GB+128GB全息幻彩蓝 骁龙855 全网通4G 双卡双待 水滴全面屏拍照智能游戏手机】 * 1','2835671ff031c18cb181b1a199f86b01','1245705213201903617','3'),
('1245713950079741954','1','0','2020-04-02 22:05:24','2020-04-02 22:05:24','1240923176084389889',1000,'【赠送】购买商品【小米9 4800万超广角三摄 6GB+128GB全息幻彩蓝 骁龙855 全网通4G 双卡双待 水滴全面屏拍照智能游戏手机】 * 1','2835671ff031c18cb181b1a199f86b01','1245713914180694017','2'),
('1245983008121450498','1','0','2020-04-03 15:54:33','2020-04-03 15:54:33','1234102578637127681',1000,'【赠送】购买商品【小米9 4800万超广角三摄 6GB+128GB全息幻彩蓝 骁龙855 全网通4G 双卡双待 水滴全面屏拍照智能游戏手机】 * 1','2835671ff031c18cb181b1a199f86b01','1245982972671193090','2'),
('1245988490601066498','1','0','2020-04-03 16:16:20','2020-04-03 16:16:20','1240923176084389889',1000,'【赠送】购买商品【小米9 4800万超广角三摄 6GB+128GB全息幻彩蓝 骁龙855 全网通4G 双卡双待 水滴全面屏拍照智能游戏手机】 * 1','2835671ff031c18cb181b1a199f86b01','1245988441477378049','2'),
('1245997605402472450','1','0','2020-04-03 16:52:33','2020-04-03 16:52:33','1240923176084389889',1000,'【赠送】购买商品【小米9 4800万超广角三摄 6GB+128GB全息幻彩蓝 骁龙855 全网通4G 双卡双待 水滴全面屏拍照智能游戏手机】 * 1','2835671ff031c18cb181b1a199f86b01','1245995127499943938','2'),
('1245998356837199873','1','0','2020-04-03 16:55:32','2020-04-03 16:55:32','1240923176084389889',-1000,'【退款】 【赠送】购买商品【小米9 4800万超广角三摄 6GB+128GB全息幻彩蓝 骁龙855 全网通4G 双卡双待 水滴全面屏拍照智能游戏手机】 * 1','2835671ff031c18cb181b1a199f86b01','1245988441477378049','3'),
('1246625090360061954','1','0','2020-04-05 10:25:57','2020-04-05 10:25:57','1234102578637127681',-139,'【抵扣】购买商品【可优惠900/送壕礼/Huawei/华为 Nova 4中移动手机正品官方旗舰店新款青春版3i2s 3e 32plus 4e 5高配版Pro】 * 1','87ec583e2883cbd2fd259f47ece0fe15','1246625090255204353','4'),
('1246627732217933825','1','0','2020-04-05 10:36:27','2020-04-05 10:36:27','1234102578637127681',-139,'【抵扣】购买商品【可优惠900/送壕礼/Huawei/华为 Nova 4中移动手机正品官方旗舰店新款青春版3i2s 3e 32plus 4e 5高配版Pro】 * 1','87ec583e2883cbd2fd259f47ece0fe15','1246627732175990785','4'),
('1246630237341495297','1','0','2020-04-05 10:46:24','2020-04-05 10:46:24','1234102578637127681',139,'【订单取消】 【抵扣】购买商品【可优惠900/送壕礼/Huawei/华为 Nova 4中移动手机正品官方旗舰店新款青春版3i2s 3e 32plus 4e 5高配版Pro】 * 1','87ec583e2883cbd2fd259f47ece0fe15','1246627732175990785','5'),
('1246632642384769026','1','0','2020-04-05 10:55:57','2020-04-05 10:55:57','1234102578637127681',139,'【订单取消】 【抵扣】购买商品【可优惠900/送壕礼/Huawei/华为 Nova 4中移动手机正品官方旗舰店新款青春版3i2s 3e 32plus 4e 5高配版Pro】 * 1','87ec583e2883cbd2fd259f47ece0fe15','1246625090255204353','5'),
('1247857998999613442','1','0','2020-04-08 20:05:05','2020-04-08 20:05:05','1234102578637127681',1000,'【赠送】购买商品【小米9 4800万超广角三摄 6GB+128GB全息幻彩蓝 骁龙855 全网通4G 双卡双待 水滴全面屏拍照智能游戏手机】 * 1','2835671ff031c18cb181b1a199f86b01','1247857870611968001','2'),
('1247865792205189121','1','0','2020-04-08 20:36:03','2020-04-08 20:36:03','1247865792188411905',100,'用户初始积分',NULL,NULL,'0'),
('1247865949596446722','1','0','2020-04-08 20:36:41','2020-04-08 20:36:41','1247865792188411905',3000,'会员初始积分',NULL,NULL,'1'),
('1247874339831836674','1','0','2020-04-08 21:10:01','2020-04-08 21:10:01','1234102578637127681',-1000,'【退款】 【赠送】购买商品【小米9 4800万超广角三摄 6GB+128GB全息幻彩蓝 骁龙855 全网通4G 双卡双待 水滴全面屏拍照智能游戏手机】 * 1','2835671ff031c18cb181b1a199f86b01','1245982972671193090','3'),
('1248972519273156609','1','0','2020-04-11 21:53:48','2020-04-11 21:53:48','1234102578637127681',20,'【赠送】购买商品【华为 P30 Pro手机正品官方旗舰店20降价mate20pro新款nova5pro】 * 2','2b48a2f35352a4d87d51d6dd03bb874e','1248972455481987074','2'),
('1248972519273156610','1','0','2020-04-11 21:53:48','2020-04-11 21:53:48','1234102578637127681',100,'【赠送】购买商品【小程序付款演示，不发货，不退款】 * 1','4d06c5157cce971b89166e509cdf63e8','1248972455490375682','2'),
('1248972911650295809','1','0','2020-04-11 21:55:21','2020-04-11 21:55:21','1234102578637127681',100,'【赠送】购买商品【小程序付款演示，不发货，不退款】 * 1','4d06c5157cce971b89166e509cdf63e8','1248972854993637378','2'),
('1251081725745664002','1','0','2020-04-17 17:35:02','2020-04-17 17:35:02','1234102578637127681',-274,'【抵扣】购买商品【Huawei/华为P30 Pro曲面屏超感光徕卡四摄变焦980芯片智能手机p30pro】 * 1','6545a6fc2927edc195b93982f446917c','1251081725661777922','4'),
('1251089277896204290','1','0','2020-04-17 18:05:02','2020-04-17 18:05:02','1234102578637127681',274,'【订单取消】 【抵扣】购买商品【Huawei/华为P30 Pro曲面屏超感光徕卡四摄变焦980芯片智能手机p30pro】 * 1','6545a6fc2927edc195b93982f446917c','1251081725661777922','5'),
('1251101955716898818','1','0','2020-04-17 18:55:25','2020-04-17 18:55:25','1234102578637127681',-274,'【抵扣】购买商品【Huawei/华为P30 Pro曲面屏超感光徕卡四摄变焦980芯片智能手机p30pro】 * 1','6545a6fc2927edc195b93982f446917c','1251101955666567170','4'),
('1251105360581550082','1','0','2020-04-17 19:08:57','2020-04-17 19:08:57','1234102578637127681',-274,'【抵扣】购买商品【Huawei/华为P30 Pro曲面屏超感光徕卡四摄变焦980芯片智能手机p30pro】 * 1','6545a6fc2927edc195b93982f446917c','1251105360547995650','4'),
('1251109507099844610','1','0','2020-04-17 19:25:25','2020-04-17 19:25:25','1234102578637127681',274,'【订单取消】 【抵扣】购买商品【Huawei/华为P30 Pro曲面屏超感光徕卡四摄变焦980芯片智能手机p30pro】 * 1','6545a6fc2927edc195b93982f446917c','1251101955666567170','5'),
('1251112914913124353','1','0','2020-04-17 19:38:58','2020-04-17 19:38:58','1234102578637127681',274,'【订单取消】 【抵扣】购买商品【Huawei/华为P30 Pro曲面屏超感光徕卡四摄变焦980芯片智能手机p30pro】 * 1','6545a6fc2927edc195b93982f446917c','1251105360547995650','5'),
('1251137785634230273','1','0','2020-04-17 21:17:47','2020-04-17 21:17:47','1234102578637127681',100,'【赠送】购买商品【小程序付款演示，不发货，不退款】 * 1','4d06c5157cce971b89166e509cdf63e8','1251137660295843842','2'),
('1251138525543010305','1','0','2020-04-17 21:20:44','2020-04-17 21:20:44','1234102578637127681',100,'【赠送】购买商品【小程序付款演示，不发货，不退款】 * 1','4d06c5157cce971b89166e509cdf63e8','1251138491703365634','2'),
('1251391075605381122','1','0','2020-04-18 14:04:16','2020-04-18 14:04:16','1234102578637127681',100,'【赠送】购买商品【小程序付款演示，不发货，不退款】 * 1','4d06c5157cce971b89166e509cdf63e8','1251391036824846338','2'),
('1251496057906229249','1','0','2020-04-18 21:01:26','2020-04-18 21:01:26','1234102578637127681',100,'【赠送】购买商品【小程序付款演示，不发货，不退款】 * 1','4d06c5157cce971b89166e509cdf63e8','1251495956831891458','2'),
('1251496122666283010','1','0','2020-04-18 21:01:41','2020-04-18 21:01:41','1234102578637127681',100,'【赠送】购买商品【小程序付款演示，不发货，不退款】 * 1','4d06c5157cce971b89166e509cdf63e8','1251495956831891458','2'),
('1251496187455696897','1','0','2020-04-18 21:01:57','2020-04-18 21:01:57','1234102578637127681',100,'【赠送】购买商品【小程序付款演示，不发货，不退款】 * 1','4d06c5157cce971b89166e509cdf63e8','1251495956831891458','2'),
('1251496314069151746','1','0','2020-04-18 21:02:27','2020-04-18 21:02:27','1234102578637127681',100,'【赠送】购买商品【小程序付款演示，不发货，不退款】 * 1','4d06c5157cce971b89166e509cdf63e8','1251495956831891458','2'),
('1251497070830645249','1','0','2020-04-18 21:05:28','2020-04-18 21:05:28','1234102578637127681',100,'【赠送】购买商品【小程序付款演示，不发货，不退款】 * 1','4d06c5157cce971b89166e509cdf63e8','1251495956831891458','2'),
('1251499588117688321','1','0','2020-04-18 21:15:28','2020-04-18 21:15:28','1234102578637127681',100,'【赠送】购买商品【小程序付款演示，不发货，不退款】 * 1','4d06c5157cce971b89166e509cdf63e8','1251495956831891458','2'),
('1251504622171680769','1','0','2020-04-18 21:35:28','2020-04-18 21:35:28','1234102578637127681',100,'【赠送】购买商品【小程序付款演示，不发货，不退款】 * 1','4d06c5157cce971b89166e509cdf63e8','1251495956831891458','2'),
('1251512181498576898','1','0','2020-04-18 22:05:30','2020-04-18 22:05:30','1234102578637127681',100,'【赠送】购买商品【小程序付款演示，不发货，不退款】 * 1','4d06c5157cce971b89166e509cdf63e8','1251495956831891458','2'),
('1251519728574005250','1','0','2020-04-18 22:35:30','2020-04-18 22:35:30','1234102578637127681',100,'【赠送】购买商品【小程序付款演示，不发货，不退款】 * 1','4d06c5157cce971b89166e509cdf63e8','1251495956831891458','2'),
('1251546443153264641','1','0','2020-04-19 00:21:39','2020-04-19 00:21:39','1234102578637127681',100,'【赠送】购买商品【小程序付款演示，不发货，不退款】 * 1','4d06c5157cce971b89166e509cdf63e8','1251546350421397506','2'),
('1251546507389030401','1','0','2020-04-19 00:21:54','2020-04-19 00:21:54','1234102578637127681',100,'【赠送】购买商品【小程序付款演示，不发货，不退款】 * 1','4d06c5157cce971b89166e509cdf63e8','1251546350421397506','2'),
('1251546571415080962','1','0','2020-04-19 00:22:09','2020-04-19 00:22:09','1234102578637127681',100,'【赠送】购买商品【小程序付款演示，不发货，不退款】 * 1','4d06c5157cce971b89166e509cdf63e8','1251546350421397506','2'),
('1251546698485714945','1','0','2020-04-19 00:22:40','2020-04-19 00:22:40','1234102578637127681',100,'【赠送】购买商品【小程序付款演示，不发货，不退款】 * 1','4d06c5157cce971b89166e509cdf63e8','1251546350421397506','2'),
('1251547454798417922','1','0','2020-04-19 00:25:40','2020-04-19 00:25:40','1234102578637127681',100,'【赠送】购买商品【小程序付款演示，不发货，不退款】 * 1','4d06c5157cce971b89166e509cdf63e8','1251546350421397506','2'),
('1251547843237105666','1','0','2020-04-19 00:27:13','2020-04-19 00:27:13','1234102578637127681',100,'【赠送】购买商品【小程序付款演示，不发货，不退款】 * 1','4d06c5157cce971b89166e509cdf63e8','1251547785754169345','2'),
('1251547909771350017','1','0','2020-04-19 00:27:28','2020-04-19 00:27:28','1234102578637127681',100,'【赠送】购买商品【小程序付款演示，不发货，不退款】 * 1','4d06c5157cce971b89166e509cdf63e8','1251547785754169345','2'),
('1251547973675765762','1','0','2020-04-19 00:27:44','2020-04-19 00:27:44','1234102578637127681',100,'【赠送】购买商品【小程序付款演示，不发货，不退款】 * 1','4d06c5157cce971b89166e509cdf63e8','1251547785754169345','2'),
('1251548101019029505','1','0','2020-04-19 00:28:14','2020-04-19 00:28:14','1234102578637127681',100,'【赠送】购买商品【小程序付款演示，不发货，不退款】 * 1','4d06c5157cce971b89166e509cdf63e8','1251547785754169345','2'),
('1251548857340121090','1','0','2020-04-19 00:31:14','2020-04-19 00:31:14','1234102578637127681',100,'【赠送】购买商品【小程序付款演示，不发货，不退款】 * 1','4d06c5157cce971b89166e509cdf63e8','1251547785754169345','2'),
('1251548902433083393','1','0','2020-04-19 00:31:25','2020-04-19 00:31:25','1234102578637127681',100,'【赠送】购买商品【小程序付款演示，不发货，不退款】 * 1','4d06c5157cce971b89166e509cdf63e8','1251548861114994690','2'),
('1251548967700647938','1','0','2020-04-19 00:31:41','2020-04-19 00:31:41','1234102578637127681',100,'【赠送】购买商品【小程序付款演示，不发货，不退款】 * 1','4d06c5157cce971b89166e509cdf63e8','1251548861114994690','2'),
('1251549031575703554','1','0','2020-04-19 00:31:56','2020-04-19 00:31:56','1234102578637127681',100,'【赠送】购买商品【小程序付款演示，不发货，不退款】 * 1','4d06c5157cce971b89166e509cdf63e8','1251548861114994690','2'),
('1251549159074156545','1','0','2020-04-19 00:32:26','2020-04-19 00:32:26','1234102578637127681',100,'【赠送】购买商品【小程序付款演示，不发货，不退款】 * 1','4d06c5157cce971b89166e509cdf63e8','1251548861114994690','2'),
('1251549916011810818','1','0','2020-04-19 00:35:27','2020-04-19 00:35:27','1234102578637127681',100,'【赠送】购买商品【小程序付款演示，不发货，不退款】 * 1','4d06c5157cce971b89166e509cdf63e8','1251548861114994690','2'),
('1251549972295176194','1','0','2020-04-19 00:35:40','2020-04-19 00:35:40','1234102578637127681',100,'【赠送】购买商品【小程序付款演示，不发货，不退款】 * 1','4d06c5157cce971b89166e509cdf63e8','1251546350421397506','2'),
('1251551375159832578','1','0','2020-04-19 00:41:15','2020-04-19 00:41:15','1234102578637127681',100,'【赠送】购买商品【小程序付款演示，不发货，不退款】 * 1','4d06c5157cce971b89166e509cdf63e8','1251547785754169345','2'),
('1251552007744761857','1','0','2020-04-19 00:43:46','2020-04-19 00:43:46','1234102578637127681',100,'【赠送】购买商品【小程序付款演示，不发货，不退款】 * 1','4d06c5157cce971b89166e509cdf63e8','1251551970264461313','2'),
('1251552071531737089','1','0','2020-04-19 00:44:01','2020-04-19 00:44:01','1234102578637127681',100,'【赠送】购买商品【小程序付款演示，不发货，不退款】 * 1','4d06c5157cce971b89166e509cdf63e8','1251551970264461313','2'),
('1251552135738142722','1','0','2020-04-19 00:44:16','2020-04-19 00:44:16','1234102578637127681',100,'【赠送】购买商品【小程序付款演示，不发货，不退款】 * 1','4d06c5157cce971b89166e509cdf63e8','1251551970264461313','2'),
('1251552263102377986','1','0','2020-04-19 00:44:46','2020-04-19 00:44:46','1234102578637127681',100,'【赠送】购买商品【小程序付款演示，不发货，不退款】 * 1','4d06c5157cce971b89166e509cdf63e8','1251551970264461313','2'),
('1251552433516949506','1','0','2020-04-19 00:45:27','2020-04-19 00:45:27','1234102578637127681',100,'【赠送】购买商品【小程序付款演示，不发货，不退款】 * 1','4d06c5157cce971b89166e509cdf63e8','1251548861114994690','2'),
('1251552789365895169','1','0','2020-04-19 00:46:52','2020-04-19 00:46:52','1234102578637127681',100,'【赠送】购买商品【小程序付款演示，不发货，不退款】 * 1','4d06c5157cce971b89166e509cdf63e8','1251552693039509505','2'),
('1251552854197252098','1','0','2020-04-19 00:47:07','2020-04-19 00:47:07','1234102578637127681',100,'【赠送】购买商品【小程序付款演示，不发货，不退款】 * 1','4d06c5157cce971b89166e509cdf63e8','1251552693039509505','2'),
('1251552918747590658','1','0','2020-04-19 00:47:23','2020-04-19 00:47:23','1234102578637127681',100,'【赠送】购买商品【小程序付款演示，不发货，不退款】 * 1','4d06c5157cce971b89166e509cdf63e8','1251552693039509505','2'),
('1251553019519938561','1','0','2020-04-19 00:47:47','2020-04-19 00:47:47','1234102578637127681',100,'【赠送】购买商品【小程序付款演示，不发货，不退款】 * 1','4d06c5157cce971b89166e509cdf63e8','1251551970264461313','2'),
('1251553046166351874','1','0','2020-04-19 00:47:53','2020-04-19 00:47:53','1234102578637127681',100,'【赠送】购买商品【小程序付款演示，不发货，不退款】 * 1','4d06c5157cce971b89166e509cdf63e8','1251552693039509505','2'),
('1251553756085846017','1','0','2020-04-19 00:50:42','2020-04-19 00:50:42','1234102578637127681',100,'【赠送】购买商品【小程序付款演示，不发货，不退款】 * 1','4d06c5157cce971b89166e509cdf63e8','1251553703837401090','2'),
('1251553826361409537','1','0','2020-04-19 00:51:00','2020-04-19 00:51:00','1234102578637127681',100,'【赠送】购买商品【小程序付款演示，不发货，不退款】 * 1','4d06c5157cce971b89166e509cdf63e8','1251552693039509505','2'),
('1251553851107803138','1','0','2020-04-19 00:51:05','2020-04-19 00:51:05','1234102578637127681',100,'【赠送】购买商品【小程序付款演示，不发货，不退款】 * 1','4d06c5157cce971b89166e509cdf63e8','1251553703837401090','2'),
('1251553914848641025','1','0','2020-04-19 00:51:20','2020-04-19 00:51:20','1234102578637127681',100,'【赠送】购买商品【小程序付款演示，不发货，不退款】 * 1','4d06c5157cce971b89166e509cdf63e8','1251553703837401090','2'),
('1251554007546953730','1','0','2020-04-19 00:51:42','2020-04-19 00:51:42','1234102578637127681',100,'【赠送】购买商品【小程序付款演示，不发货，不退款】 * 1','4d06c5157cce971b89166e509cdf63e8','1251553703837401090','2'),
('1251554756649648130','1','0','2020-04-19 00:54:41','2020-04-19 00:54:41','1234102578637127681',100,'【赠送】购买商品【小程序付款演示，不发货，不退款】 * 1','4d06c5157cce971b89166e509cdf63e8','1251554483352993793','2'),
('1251554764769820674','1','0','2020-04-19 00:54:43','2020-04-19 00:54:43','1234102578637127681',100,'【赠送】购买商品【小程序付款演示，不发货，不退款】 * 1','4d06c5157cce971b89166e509cdf63e8','1251553703837401090','2'),
('1251554872865423362','1','0','2020-04-19 00:55:09','2020-04-19 00:55:09','1234102578637127681',100,'【赠送】购买商品【小程序付款演示，不发货，不退款】 * 1','4d06c5157cce971b89166e509cdf63e8','1251554483352993793','2'),
('1251554910010179586','1','0','2020-04-19 00:55:17','2020-04-19 00:55:17','1234102578637127681',100,'【赠送】购买商品【小程序付款演示，不发货，不退款】 * 1','4d06c5157cce971b89166e509cdf63e8','1251554483352993793','2'),
('1251555006357536769','1','0','2020-04-19 00:55:40','2020-04-19 00:55:40','1234102578637127681',100,'【赠送】购买商品【小程序付款演示，不发货，不退款】 * 1','4d06c5157cce971b89166e509cdf63e8','1251546350421397506','2'),
('1251555115413635073','1','0','2020-04-19 00:56:06','2020-04-19 00:56:06','1234102578637127681',100,'【赠送】购买商品【小程序付款演示，不发货，不退款】 * 1','4d06c5157cce971b89166e509cdf63e8','1251554483352993793','2'),
('1251555537092182017','1','0','2020-04-19 00:57:47','2020-04-19 00:57:47','1234102578637127681',100,'【赠送】购买商品【小程序付款演示，不发货，不退款】 * 1','4d06c5157cce971b89166e509cdf63e8','1251551970264461313','2'),
('1251555779258712065','1','0','2020-04-19 00:58:45','2020-04-19 00:58:45','1234102578637127681',100,'【赠送】购买商品【小程序付款演示，不发货，不退款】 * 1','4d06c5157cce971b89166e509cdf63e8','1251554483352993793','2'),
('1251556323608068098','1','0','2020-04-19 01:00:55','2020-04-19 01:00:55','1234102578637127681',100,'【赠送】购买商品【小程序付款演示，不发货，不退款】 * 1','4d06c5157cce971b89166e509cdf63e8','1251552693039509505','2'),
('1251556408718884866','1','0','2020-04-19 01:01:15','2020-04-19 01:01:15','1234102578637127681',100,'【赠送】购买商品【小程序付款演示，不发货，不退款】 * 1','4d06c5157cce971b89166e509cdf63e8','1251547785754169345','2'),
('1251557473661042689','1','0','2020-04-19 01:05:29','2020-04-19 01:05:29','1234102578637127681',100,'【赠送】购买商品【小程序付款演示，不发货，不退款】 * 1','4d06c5157cce971b89166e509cdf63e8','1251557419332222980','2'),
('1251558747051778049','1','0','2020-04-19 01:10:32','2020-04-19 01:10:32','1234102578637127681',100,'【赠送】购买商品【小程序付款演示，不发货，不退款】 * 1','4d06c5157cce971b89166e509cdf63e8','1251558690999099393','2'),
('1251560556071772162','1','0','2020-04-19 01:17:44','2020-04-19 01:17:44','1234102578637127681',100,'【赠送】购买商品【小程序付款演示，不发货，不退款】 * 1','4d06c5157cce971b89166e509cdf63e8','1251560489982124034','2'),
('1251886876932755457','1','0','2020-04-19 22:54:25','2020-04-19 22:54:25','1234102578637127681',100,'【赠送】购买商品【小程序付款演示，不发货，不退款】 * 1','4d06c5157cce971b89166e509cdf63e8','1251886841138565122','2'),
('1251890667925082113','1','0','2020-04-19 23:09:28','2020-04-19 23:09:28','1234102578637127681',100,'【赠送】购买商品【小程序付款演示，不发货，不退款】 * 1','4d06c5157cce971b89166e509cdf63e8','1251890627630403586','2'),
('1251891698327220226','1','0','2020-04-19 23:13:34','2020-04-19 23:13:34','1234102578637127681',100,'【赠送】购买商品【小程序付款演示，不发货，不退款】 * 1','4d06c5157cce971b89166e509cdf63e8','1251891650990305282','2'),
('1251892419432931329','1','0','2020-04-19 23:16:26','2020-04-19 23:16:26','1234102578637127681',100,'【赠送】购买商品【小程序付款演示，不发货，不退款】 * 1','4d06c5157cce971b89166e509cdf63e8','1251892381805830145','2'),
('1251893070497927169','1','0','2020-04-19 23:19:01','2020-04-19 23:19:01','1234102578637127681',100,'【赠送】购买商品【小程序付款演示，不发货，不退款】 * 1','4d06c5157cce971b89166e509cdf63e8','1251893024507383810','2'),
('1252119567468941314','1','0','2020-04-20 14:19:02','2020-04-20 14:19:02','1234102578637127681',100,'【赠送】购买商品【小程序付款演示，不发货，不退款】 * 1','4d06c5157cce971b89166e509cdf63e8','1252119529426604033','2'),
('1252244728868360193','1','0','2020-04-20 22:36:23','2020-04-20 22:36:23','1234102578637127681',100,'【赠送】购买商品【商城流程演示商品，不发货不退款，请谨慎够买】 * 1','4d06c5157cce971b89166e509cdf63e8','1252244687143424002','2'),
('1252244826369150977','1','0','2020-04-20 22:36:46','2020-04-20 22:36:46','1234102578637127681',100,'【赠送】购买商品【商城流程演示商品，不发货不退款，请谨慎够买】 * 1','4d06c5157cce971b89166e509cdf63e8','1252244687143424002','2'),
('1252245433108692994','1','0','2020-04-20 22:39:11','2020-04-20 22:39:11','1234102578637127681',100,'【赠送】购买商品【商城流程演示商品，不发货不退款，请谨慎够买】 * 1','4d06c5157cce971b89166e509cdf63e8','1252245358643019778','2'),
('1258665660566695937','1','0','2020-05-08 15:50:53','2020-05-08 15:50:53','1258665660478615553',100,'用户初始积分',NULL,NULL,'0'),
('1258665808160059393','1','0','2020-05-08 15:51:28','2020-05-08 15:51:28','1258665660478615553',3000,'会员初始积分',NULL,NULL,'1'),
('1259660564688269314','1','0','2020-05-11 09:44:16','2020-05-11 09:44:16','1234102578637127681',100,'【赠送】购买商品【商城流程演示商品，不发货不退款，请谨慎够买】 * 1','4d06c5157cce971b89166e509cdf63e8','1259660493796143106','2'),
('1259660944474107906','1','0','2020-05-11 09:45:47','2020-05-11 09:45:47','1234102578637127681',-100,'【退款】 【赠送】购买商品【商城流程演示商品，不发货不退款，请谨慎够买】 * 1','4d06c5157cce971b89166e509cdf63e8','1259660493796143106','3'),
('1264180527335686146','1','0','2020-05-23 21:04:59','2020-05-23 21:04:59','1234102578637127681',10,'【赠送】购买商品【华为 P30 Pro手机正品官方旗舰店20降价mate20pro新款nova5pro】 * 1','2b48a2f35352a4d87d51d6dd03bb874e','1264179913599959042','2'),
('1264180527352463361','1','0','2020-05-23 21:04:59','2020-05-23 21:04:59','1234102578637127681',100,'【赠送】购买商品【商城流程演示商品，不发货不退款，请谨慎够买】 * 1','4d06c5157cce971b89166e509cdf63e8','1264179913612541953','2'),
('1264193176853266434','1','0','2020-05-23 21:55:15','2020-05-23 21:55:15','1234102578637127681',10,'【赠送】购买商品【华为 P30 Pro手机正品官方旗舰店20降价mate20pro新款nova5pro】 * 1','2b48a2f35352a4d87d51d6dd03bb874e','1264192930022670338','2'),
('1264193176874237954','1','0','2020-05-23 21:55:15','2020-05-23 21:55:15','1234102578637127681',100,'【赠送】购买商品【商城流程演示商品，不发货不退款，请谨慎够买】 * 1','4d06c5157cce971b89166e509cdf63e8','1264192930031058945','2'),
('1264197932132831234','1','0','2020-05-23 22:14:09','2020-05-23 22:14:09','1234102578637127681',-10,'【退款】 【赠送】购买商品【华为 P30 Pro手机正品官方旗舰店20降价mate20pro新款nova5pro】 * 1','2b48a2f35352a4d87d51d6dd03bb874e','1264179913599959042','3'),
('1264198304557666305','1','0','2020-05-23 22:15:38','2020-05-23 22:15:38','1234102578637127681',-10,'【退款】 【赠送】购买商品【华为 P30 Pro手机正品官方旗舰店20降价mate20pro新款nova5pro】 * 1','2b48a2f35352a4d87d51d6dd03bb874e','1264192930022670338','3'),
('1264201763860221954','1','0','2020-05-23 22:29:22','2020-05-23 22:29:22','1234102578637127681',10,'【赠送】购买商品【华为 P30 Pro手机正品官方旗舰店20降价mate20pro新款nova5pro】 * 1','2b48a2f35352a4d87d51d6dd03bb874e','1264201624210870274','2'),
('1264201763868610561','1','0','2020-05-23 22:29:22','2020-05-23 22:29:22','1234102578637127681',200,'【赠送】购买商品【商城流程演示商品，不发货不退款，请谨慎够买】 * 2','4d06c5157cce971b89166e509cdf63e8','1264201624223453185','2'),
('1264202041531535362','1','0','2020-05-23 22:30:29','2020-05-23 22:30:29','1234102578637127681',-200,'【退款】 【赠送】购买商品【商城流程演示商品，不发货不退款，请谨慎够买】 * 2','4d06c5157cce971b89166e509cdf63e8','1264201624223453185','3'),
('1264202135853043714','1','0','2020-05-23 22:30:51','2020-05-23 22:30:51','1234102578637127681',-10,'【退款】 【赠送】购买商品【华为 P30 Pro手机正品官方旗舰店20降价mate20pro新款nova5pro】 * 1','2b48a2f35352a4d87d51d6dd03bb874e','1264201624210870274','3'),
('1266196380143017985','1','0','2020-05-29 10:35:16','2020-05-29 10:35:16','1266196380046548993',100,'用户初始积分',NULL,NULL,'0'),
('1266197273743679489','1','0','2020-05-29 10:38:49','2020-05-29 10:38:49','1266196380046548993',3000,'会员初始积分',NULL,NULL,'1'),
('1266197372167217154','1','0','2020-05-29 10:39:12','2020-05-29 10:39:12','1266196380046548993',100,'【赠送】购买商品【商城流程演示商品，不发货不退款，请谨慎够买】 * 1','4d06c5157cce971b89166e509cdf63e8','1266197301077958658','2'),
('1266197707229192193','1','0','2020-05-29 10:40:32','2020-05-29 10:40:32','1266196380046548993',-100,'【退款】 【赠送】购买商品【商城流程演示商品，不发货不退款，请谨慎够买】 * 1','4d06c5157cce971b89166e509cdf63e8','1266197301077958658','3'),
('1266200845797515265','1','0','2020-05-29 10:53:01','2020-05-29 10:53:01','1266196380046548993',100,'【赠送】购买商品【商城流程演示商品，不发货不退款，请谨慎够买】 * 1','4d06c5157cce971b89166e509cdf63e8','1266200752545554434','2'),
('1266201041663123457','1','0','2020-05-29 10:53:47','2020-05-29 10:53:47','1266196380046548993',-100,'【退款】 【赠送】购买商品【商城流程演示商品，不发货不退款，请谨慎够买】 * 1','4d06c5157cce971b89166e509cdf63e8','1266200752545554434','3'),
('1272479337762820098','1','0','2020-06-15 18:41:30','2020-06-15 18:41:30','1272479337762820097',100,'用户初始积分',NULL,NULL,'0'),
('1272479465189969921','1','0','2020-06-15 18:42:00','2020-06-15 18:42:00','1272479337762820097',3000,'会员初始积分',NULL,NULL,'1');

/*Table structure for table `shopping_cart` */

DROP TABLE IF EXISTS `shopping_cart`;

CREATE TABLE `shopping_cart` (
  `id` varchar(32) CHARACTER SET utf8mb4 COLLATE utf8mb4_0900_ai_ci NOT NULL COMMENT 'PK',
  `tenant_id` varchar(32) CHARACTER SET utf8mb4 COLLATE utf8mb4_0900_ai_ci NOT NULL COMMENT '所属租户',
  `del_flag` char(2) CHARACTER SET utf8mb4 COLLATE utf8mb4_0900_ai_ci NOT NULL DEFAULT '0' COMMENT '逻辑删除标记（0：显示；1：隐藏）',
  `create_time` datetime NOT NULL DEFAULT CURRENT_TIMESTAMP COMMENT '创建时间',
  `update_time` timestamp NOT NULL DEFAULT CURRENT_TIMESTAMP ON UPDATE CURRENT_TIMESTAMP COMMENT '最后更新时间',
  `user_id` varchar(32) CHARACTER SET utf8mb4 COLLATE utf8mb4_0900_ai_ci NOT NULL COMMENT '用户编号',
  `spu_id` varchar(32) CHARACTER SET utf8mb4 COLLATE utf8mb4_0900_ai_ci NOT NULL COMMENT '商品SPU',
  `sku_id` varchar(32) CHARACTER SET utf8mb4 COLLATE utf8mb4_0900_ai_ci NOT NULL COMMENT '商品SKU',
  `quantity` int NOT NULL COMMENT '数量',
  `spu_name` varchar(200) CHARACTER SET utf8mb4 COLLATE utf8mb4_0900_ai_ci DEFAULT NULL COMMENT '加入时的spu名字',
  `add_price` decimal(10,2) DEFAULT NULL COMMENT '加入时价格',
  `spec_info` varchar(200) CHARACTER SET utf8mb4 COLLATE utf8mb4_0900_ai_ci DEFAULT NULL COMMENT '加入时的规格信息',
  `pic_url` varchar(500) CHARACTER SET utf8mb4 COLLATE utf8mb4_0900_ai_ci DEFAULT NULL COMMENT '图片',
  PRIMARY KEY (`id`) USING BTREE,
  KEY `ids_tenant_id` (`tenant_id`) USING BTREE
) ENGINE=InnoDB DEFAULT CHARSET=utf8mb4 COLLATE=utf8mb4_0900_ai_ci ROW_FORMAT=DYNAMIC COMMENT='购物车';

/*Data for the table `shopping_cart` */

insert  into `shopping_cart`(`id`,`tenant_id`,`del_flag`,`create_time`,`update_time`,`user_id`,`spu_id`,`sku_id`,`quantity`,`spu_name`,`add_price`,`spec_info`,`pic_url`) values 
('1245693222458576897','1','0','2020-04-02 20:43:02','2020-04-02 21:59:31','1240923176084389889','6545a6fc2927edc195b93982f446917c','eca0bf5189ba8192ccf5fc615970ea9d',6,'Huawei/华为P30 Pro曲面屏超感光徕卡四摄变焦980芯片智能手机p30pro',4988.00,'天空之境;128G;4G全网通','http://aiforest-base-test.oss-cn-zhangjiakou.aliyuncs.com/O1CN01fSka3s1IOudDI765b_!!2616970884.jpg'),
('1245694416455290882','1','0','2020-04-02 20:47:47','2020-04-03 16:14:44','1240923176084389889','87ec583e2883cbd2fd259f47ece0fe15','2db22126dc5c251de13064fe12ebfb62',1,'可优惠900/送壕礼/Huawei/华为 Nova 4中移动手机正品官方旗舰店新款青春版3i2s 3e 32plus 4e 5高配版Pro',3599.00,'4g全网通;仲夏紫;256G','http://aiforest-base-test.oss-cn-zhangjiakou.aliyuncs.com/50.jpg'),
('1245715065689108481','1','0','2020-04-02 22:09:50','2020-04-02 22:09:50','1240923176084389889','4d06c5157cce971b89166e509cdf63e8','7cee91d08568afe4f8c2a7651f52be8b',1,'小程序付款演示，不发货，不退款',100.00,'超值大礼包','https://aiforest-base-test.oss-cn-zhangjiakou.aliyuncs.com/1/material/61152cae-8dd2-4553-9992-33cd93075aff.gif'),
('1245989389562048514','1','0','2020-04-03 16:19:54','2020-04-03 16:19:54','1240923176084389889','2835671ff031c18cb181b1a199f86b01','5a61a7876305b760efa8abe04b912a8b',1,'小米9 4800万超广角三摄 6GB+128GB全息幻彩蓝 骁龙855 全网通4G 双卡双待 水滴全面屏拍照智能游戏手机',0.01,'移动;白色;64G','http://aiforest-base-test.oss-cn-zhangjiakou.aliyuncs.com/7667c3f40823764d.jpg'),
('1245991006332022785','1','0','2020-04-03 16:26:19','2020-04-03 16:26:19','1240923176084389889','2835671ff031c18cb181b1a199f86b01','954060498a28ba885c504d9e9234a009',1,'小米9 4800万超广角三摄 6GB+128GB全息幻彩蓝 骁龙855 全网通4G 双卡双待 水滴全面屏拍照智能游戏手机',0.01,'移动;红色;64G','http://aiforest-base-test.oss-cn-zhangjiakou.aliyuncs.com/7667c3f40823764d.jpg'),
('1245992749891612673','1','0','2020-04-03 16:33:15','2020-04-03 16:35:11','1240923176084389889','2b48a2f35352a4d87d51d6dd03bb874e','965bac3dbc101b6abe68b72469118f03',3,'华为 P30 Pro手机正品官方旗舰店20降价mate20pro新款nova5pro',0.01,'','http://aiforest-base-test.oss-cn-zhangjiakou.aliyuncs.com/O1CN01fSka3s1IOudDI765b_!!2616970884.jpg'),
('1255380317037760513','1','0','2020-04-29 14:16:06','2020-04-29 14:26:22','1234102578637127681','1255379800819601410','1255382142860234754',1,'咖啡因仍仍仍和谣的㐱有前辩护和',0.00,'亮黑色;6+128GB;WD10EZEX 1TB 7200转 SATA;2XL;移动;超值大礼包','http://aiforest-base-test.oss-cn-zhangjiakou.aliyuncs.com/22.png'),
('1255382841383817217','1','0','2020-04-29 14:26:07','2020-04-29 14:26:07','1234102578637127681','1255379800819601410','1255382143476797441',1,'咖啡因仍仍仍和谣的㐱有前辩护和',0.00,' 幻夜黑;6+128GB;WD10EZEX 1TB 7200转 SATA;160;全网通;超值大礼包','http://aiforest-base-test.oss-cn-zhangjiakou.aliyuncs.com/22.png'),
('1256205400069111809','1','0','2020-05-01 20:54:41','2020-05-01 20:54:41','1234102578637127681','6545a6fc2927edc195b93982f446917c','278357f4667ba6677c9936e33b94bfdd',1,'Huawei/华为P30 Pro曲面屏超感光徕卡四摄变焦980芯片智能手机p30pro',5488.00,'极光色;256G;4G全网通','http://aiforest-base-test.oss-cn-zhangjiakou.aliyuncs.com/O1CN01fSka3s1IOudDI765b_!!2616970884.jpg'),
('1258666394993520641','1','0','2020-05-08 15:53:48','2020-05-08 15:55:52','1258665660478615553','4d06c5157cce971b89166e509cdf63e8','894b591741d425ca9c1b1579ce299a5b',1,'商城流程演示商品，不发货不退款，请谨慎够买',0.01,'裸机','https://aiforest-base-test.oss-cn-zhangjiakou.aliyuncs.com/1/material/0352cae9-2770-494e-9f08-97e474d90345.jpg'),
('1258666532663160833','1','0','2020-05-08 15:54:20','2020-05-08 15:54:20','1258665660478615553','2835671ff031c18cb181b1a199f86b01','416ab6fc443778d2a9fc5e7f4a9b0e00',1,'小米9 4800万超广角三摄 6GB+128GB全息幻彩蓝 骁龙855 全网通4G 双卡双待 水滴全面屏拍照智能游戏手机',2599.00,'电信;红色;64G','http://aiforest-base-test.oss-cn-zhangjiakou.aliyuncs.com/7667c3f40823764d.jpg'),
('1258666639060070401','1','0','2020-05-08 15:54:46','2020-05-08 15:55:51','1258665660478615553','2b48a2f35352a4d87d51d6dd03bb874e','965bac3dbc101b6abe68b72469118f03',1,'华为 P30 Pro手机正品官方旗舰店20降价mate20pro新款nova5pro',0.01,'','http://aiforest-base-test.oss-cn-zhangjiakou.aliyuncs.com/O1CN01fSka3s1IOudDI765b_!!2616970884.jpg'),
('1270935839293067265','1','0','2020-06-11 12:28:11','2020-06-11 12:28:11','1266196380046548993','87ec583e2883cbd2fd259f47ece0fe15','f42bda1c9215a878fd49360a7576c913',1,'可优惠900/送壕礼/Huawei/华为 Nova 4中移动手机正品官方旗舰店新款青春版3i2s 3e 32plus 4e 5高配版Pro',2799.00,'4g全网通;仲夏紫;128G','http://aiforest-base-test.oss-cn-zhangjiakou.aliyuncs.com/50.jpg');

/*Table structure for table `undo_log` */

DROP TABLE IF EXISTS `undo_log`;

CREATE TABLE `undo_log` (
  `id` bigint NOT NULL AUTO_INCREMENT,
  `branch_id` bigint NOT NULL,
  `xid` varchar(100) NOT NULL,
  `context` varchar(128) NOT NULL,
  `rollback_info` longblob NOT NULL,
  `log_status` int NOT NULL,
  `log_created` datetime NOT NULL,
  `log_modified` datetime NOT NULL,
  `ext` varchar(100) DEFAULT NULL,
  PRIMARY KEY (`id`),
  UNIQUE KEY `ux_undo_log` (`xid`,`branch_id`)
) ENGINE=InnoDB AUTO_INCREMENT=12 DEFAULT CHARSET=utf8;

/*Data for the table `undo_log` */

/*Table structure for table `user_address` */

DROP TABLE IF EXISTS `user_address`;

CREATE TABLE `user_address` (
  `id` varchar(32) CHARACTER SET utf8mb4 COLLATE utf8mb4_0900_ai_ci NOT NULL COMMENT 'PK',
  `tenant_id` varchar(32) CHARACTER SET utf8mb4 COLLATE utf8mb4_0900_ai_ci NOT NULL COMMENT '所属租户',
  `del_flag` char(2) CHARACTER SET utf8mb4 COLLATE utf8mb4_0900_ai_ci NOT NULL DEFAULT '0' COMMENT '逻辑删除标记（0：显示；1：隐藏）',
  `create_time` datetime NOT NULL DEFAULT CURRENT_TIMESTAMP COMMENT '创建时间',
  `update_time` timestamp NOT NULL DEFAULT CURRENT_TIMESTAMP ON UPDATE CURRENT_TIMESTAMP COMMENT '最后更新时间',
  `user_id` varchar(32) CHARACTER SET utf8mb4 COLLATE utf8mb4_0900_ai_ci NOT NULL COMMENT '用户编号',
  `user_name` varchar(50) CHARACTER SET utf8mb4 COLLATE utf8mb4_0900_ai_ci DEFAULT NULL COMMENT '收货人名字',
  `postal_code` varchar(50) CHARACTER SET utf8mb4 COLLATE utf8mb4_0900_ai_ci DEFAULT NULL COMMENT '邮编',
  `province_name` varchar(50) CHARACTER SET utf8mb4 COLLATE utf8mb4_0900_ai_ci DEFAULT NULL COMMENT '省名',
  `city_name` varchar(50) CHARACTER SET utf8mb4 COLLATE utf8mb4_0900_ai_ci DEFAULT NULL COMMENT '市名',
  `county_name` varchar(50) CHARACTER SET utf8mb4 COLLATE utf8mb4_0900_ai_ci DEFAULT NULL COMMENT '区名',
  `detail_info` varchar(50) CHARACTER SET utf8mb4 COLLATE utf8mb4_0900_ai_ci DEFAULT NULL COMMENT '详情地址',
  `tel_num` varchar(50) CHARACTER SET utf8mb4 COLLATE utf8mb4_0900_ai_ci DEFAULT NULL COMMENT '电话号码',
  `is_default` char(2) CHARACTER SET utf8mb4 COLLATE utf8mb4_0900_ai_ci DEFAULT NULL COMMENT '是否默认 1是0否',
  PRIMARY KEY (`id`) USING BTREE,
  KEY `ids_tenant_id` (`tenant_id`) USING BTREE
) ENGINE=InnoDB DEFAULT CHARSET=utf8mb4 COLLATE=utf8mb4_0900_ai_ci ROW_FORMAT=DYNAMIC COMMENT='用户地址';

/*Data for the table `user_address` */

insert  into `user_address`(`id`,`tenant_id`,`del_flag`,`create_time`,`update_time`,`user_id`,`user_name`,`postal_code`,`province_name`,`city_name`,`county_name`,`detail_info`,`tel_num`,`is_default`) values 
('1250071115187941378','1','0','2020-04-14 22:39:13','2020-04-14 22:39:13','1234102578637127681','jkkl',NULL,'河北省','石家庄市','长安区','46461','18608419765','1'),
('1258665956692946946','1','0','2020-05-08 15:52:03','2020-05-08 15:52:03','1258665660478615553','1111',NULL,'湖南省','益阳市','安化县','乐安镇','15173779343','1');

/*Table structure for table `user_collect` */

DROP TABLE IF EXISTS `user_collect`;

CREATE TABLE `user_collect` (
  `id` varchar(32) CHARACTER SET utf8mb4 COLLATE utf8mb4_0900_ai_ci NOT NULL COMMENT 'PK',
  `tenant_id` varchar(32) CHARACTER SET utf8mb4 COLLATE utf8mb4_0900_ai_ci NOT NULL COMMENT '所属租户',
  `del_flag` char(2) CHARACTER SET utf8mb4 COLLATE utf8mb4_0900_ai_ci NOT NULL DEFAULT '0' COMMENT '逻辑删除标记（0：显示；1：隐藏）',
  `create_time` datetime NOT NULL DEFAULT CURRENT_TIMESTAMP COMMENT '创建时间',
  `update_time` timestamp NOT NULL DEFAULT CURRENT_TIMESTAMP ON UPDATE CURRENT_TIMESTAMP COMMENT '最后更新时间',
  `type` char(2) NOT NULL COMMENT '类型1、商品',
  `user_id` varchar(32) CHARACTER SET utf8mb4 COLLATE utf8mb4_0900_ai_ci NOT NULL COMMENT '用户编号',
  `relation_id` varchar(32) CHARACTER SET utf8mb4 COLLATE utf8mb4_0900_ai_ci NOT NULL COMMENT '关联ID：商品类型为商品ID',
  PRIMARY KEY (`id`) USING BTREE,
  UNIQUE KEY `uk_type_user_relation` (`type`,`user_id`,`relation_id`),
  KEY `ids_tenant_id` (`tenant_id`) USING BTREE
) ENGINE=InnoDB DEFAULT CHARSET=utf8mb4 COLLATE=utf8mb4_0900_ai_ci ROW_FORMAT=DYNAMIC COMMENT='用户收藏';

/*Data for the table `user_collect` */

insert  into `user_collect`(`id`,`tenant_id`,`del_flag`,`create_time`,`update_time`,`type`,`user_id`,`relation_id`) values 
('1245704546265624578','1','0','2020-04-02 21:28:02','2020-04-02 21:28:02','1','1240923176084389889','6545a6fc2927edc195b93982f446917c'),
('1245704581845905409','1','0','2020-04-02 21:28:11','2020-04-02 21:28:11','1','1240923176084389889','2835671ff031c18cb181b1a199f86b01'),
('1245988045329559554','1','0','2020-04-03 16:14:34','2020-04-03 16:14:34','1','1240923176084389889','4d06c5157cce971b89166e509cdf63e8'),
('1247146453567025153','1','0','2020-04-06 20:57:40','2020-04-06 20:57:40','1','1234102578637127681','6545a6fc2927edc195b93982f446917c');

/*Table structure for table `user_info` */

DROP TABLE IF EXISTS `user_info`;

CREATE TABLE `user_info` (
  `id` varchar(32) CHARACTER SET utf8mb4 COLLATE utf8mb4_0900_ai_ci NOT NULL COMMENT 'PK',
  `tenant_id` varchar(32) CHARACTER SET utf8mb4 COLLATE utf8mb4_0900_ai_ci NOT NULL COMMENT '所属租户',
  `del_flag` char(2) CHARACTER SET utf8mb4 COLLATE utf8mb4_0900_ai_ci NOT NULL DEFAULT '0' COMMENT '逻辑删除标记（0：显示；1：隐藏）',
  `create_time` datetime NOT NULL DEFAULT CURRENT_TIMESTAMP COMMENT '创建时间',
  `update_time` timestamp NOT NULL DEFAULT CURRENT_TIMESTAMP ON UPDATE CURRENT_TIMESTAMP COMMENT '最后更新时间',
  `user_code` int NOT NULL AUTO_INCREMENT COMMENT '用户编码',
  `app_type` char(2) NOT NULL COMMENT '来源应用类型1、小程序；2、公众号',
  `app_id` varchar(32) CHARACTER SET utf8mb4 COLLATE utf8mb4_0900_ai_ci NOT NULL COMMENT '来源应用id',
  `phone` varchar(15) CHARACTER SET utf8 COLLATE utf8_general_ci DEFAULT NULL COMMENT '手机号码',
  `user_grade` smallint DEFAULT '0' COMMENT '用户等级（0：普通用户，1：普通会员）',
  `points_current` int DEFAULT '0' COMMENT '当前积分',
  `nick_name` varchar(100) CHARACTER SET utf8mb4 COLLATE utf8mb4_0900_ai_ci DEFAULT NULL COMMENT '昵称',
  `sex` char(2) CHARACTER SET utf8mb4 COLLATE utf8mb4_0900_ai_ci DEFAULT NULL COMMENT '性别（1：男，2：女，0：未知）',
  `headimg_url` varchar(1000) DEFAULT NULL COMMENT '头像',
  `city` varchar(64) DEFAULT NULL COMMENT '所在城市',
  `country` varchar(64) DEFAULT NULL COMMENT '所在国家',
  `province` varchar(64) DEFAULT NULL COMMENT '所在省份',
  PRIMARY KEY (`id`),
  KEY `ids_tenant_id` (`tenant_id`) USING BTREE,
  KEY `vip_code` (`user_code`)
) ENGINE=InnoDB AUTO_INCREMENT=117 DEFAULT CHARSET=utf8mb4 COLLATE=utf8mb4_0900_ai_ci ROW_FORMAT=DYNAMIC COMMENT='商城用户';

/*Data for the table `user_info` */

insert  into `user_info`(`id`,`tenant_id`,`del_flag`,`create_time`,`update_time`,`user_code`,`app_type`,`app_id`,`phone`,`user_grade`,`points_current`,`nick_name`,`sex`,`headimg_url`,`city`,`country`,`province`) values 
('1272479337762820097','1','0','2020-06-15 18:41:30','2020-06-15 18:41:30',116,'1','wxd5b98bbec200013b',NULL,1,3100,'JL','1','https://wx.qlogo.cn/mmopen/vi_32/Q0j4TwGTfTJjjQuibXQqVVhEdrm7WbCHbcERL7m4LYLY1DgPAHsmc3NIiajXzacRP9GMmfcBIHDmbWjyIde3Unew/132','深圳','中国','广东');

/*!40101 SET SQL_MODE=@OLD_SQL_MODE */;
/*!40014 SET FOREIGN_KEY_CHECKS=@OLD_FOREIGN_KEY_CHECKS */;
/*!40014 SET UNIQUE_CHECKS=@OLD_UNIQUE_CHECKS */;
/*!40111 SET SQL_NOTES=@OLD_SQL_NOTES */;
